row,sampled,bucket,path,kind,literal,context,classification,reason
1,yes,NO_POLICY_TERM,src/bin/stream_to_lake.rs,string,"""Contract validation: {} ({} venue, {} classes)""","""Contract validation: {} ({} venue, {} classes)"",",stream_to_lake_diagnostic_template,This prints the already computed contract validation report; all reported values come from the loaded contract and conversion report.
2,no,NO_POLICY_TERM,src/bin/stream_to_lake.rs,string,"""Converted {} live stream classes for instance {} into {}""","""Converted {} live stream classes for instance {} into {}"",",stream_to_lake_diagnostic_template,This prints the already computed lake conversion report; all reported values come from CLI inputs and conversion output.
3,yes,NO_POLICY_TERM,src/bin/stream_to_lake.rs,string,"""stream_to_lake""","#[command(name = ""stream_to_lake"")]",cli_command_name,"This is the stable Rust maintenance binary name, not an operator runtime value."
4,yes,POLICY_TERM_CONFIG_OR_STRUCTURAL,src/bolt_v3_archetypes/binary_oracle_edge_taker.rs,string,""", """,".join("", "")",strategy_archetype_diagnostic_separator,This joins configured reference_data role names in a validation diagnostic; it is not a runtime operator value.
5,no,POLICY_TERM_CONFIG_OR_STRUCTURAL,src/bolt_v3_archetypes/binary_oracle_edge_taker.rs,string,""" or """,".join("" or "")",strategy_archetype_diagnostic_separator,This joins provider-owned allowed time-in-force labels in a validation diagnostic; it is not a runtime operator value.
6,yes,POLICY_TERM_CONFIG_OR_STRUCTURAL,src/bolt_v3_archetypes/binary_oracle_edge_taker.rs,string,"""binary_oracle_entry_order_unsupported_shape""","""binary_oracle_entry_order_unsupported_shape"";",strategy_archetype_validation_error_code,Stable machine-readable validation code for unsupported binary-oracle entry order shapes; it identifies the diagnostic class and does not configure trading behavior.
7,no,POLICY_TERM_CONFIG_OR_STRUCTURAL,src/bolt_v3_archetypes/binary_oracle_edge_taker.rs,string,"""binary_oracle_entry_order_reduce_only""","""binary_oracle_entry_order_reduce_only"";",strategy_archetype_validation_error_code,Stable machine-readable validation code for reduce-only binary-oracle entry order rejection; it identifies the diagnostic class and does not configure trading behavior.
8,no,POLICY_TERM_CONFIG_OR_STRUCTURAL,src/bolt_v3_archetypes/binary_oracle_edge_taker.rs,string,"""binary_oracle_entry_order_market_quote_quantity""","""binary_oracle_entry_order_market_quote_quantity"";",strategy_archetype_validation_error_code,Stable machine-readable validation code for market quote-quantity binary-oracle entry order rejection; it identifies the diagnostic class and does not configure trading behavior.
9,no,POLICY_TERM_CONFIG_OR_STRUCTURAL,src/bolt_v3_archetypes/binary_oracle_edge_taker.rs,string,"""binary_oracle_entry_order_quote_quantity""","""binary_oracle_entry_order_quote_quantity"";",strategy_archetype_validation_error_code,Stable machine-readable validation code for quote-quantity binary-oracle entry order rejection; it identifies the diagnostic class and does not configure trading behavior.
10,yes,POLICY_TERM_CONFIG_OR_STRUCTURAL,src/bolt_v3_archetypes/binary_oracle_edge_taker.rs,string,"""blocked_after_seconds""","""blocked_after_seconds"",",strategy_runtime_schema_field,"This is a taker strategy config schema field name, populated from the configured bolt-v3 TOML target blocked threshold."
11,no,POLICY_TERM_CONFIG_OR_STRUCTURAL,src/bolt_v3_archetypes/binary_oracle_edge_taker.rs,string,"""book_impact_cap_bps""","""book_impact_cap_bps"",",strategy_runtime_schema_field,This is an existing taker strategy config schema field name; the value comes from bolt-v3 TOML.
12,no,POLICY_TERM_CONFIG_OR_STRUCTURAL,src/bolt_v3_archetypes/binary_oracle_edge_taker.rs,string,"""cadence_seconds""","""cadence_seconds"",",strategy_runtime_schema_field,This is an existing taker strategy config schema field name; the value comes from bolt-v3 TOML.
13,no,POLICY_TERM_CONFIG_OR_STRUCTURAL,src/bolt_v3_archetypes/binary_oracle_edge_taker.rs,string,"""cadence_slug_token""","insert_string(&mut table, ""cadence_slug_token"", target.cadence_slug_token);",strategy_runtime_schema_field,"This is a taker strategy config schema field name, populated from the configured bolt-v3 TOML target cadence slug token."
14,no,POLICY_TERM_CONFIG_OR_STRUCTURAL,src/bolt_v3_archetypes/binary_oracle_edge_taker.rs,string,"""client_id""","""client_id"",",strategy_runtime_schema_field,"This is an existing taker strategy config schema field name, populated from bolt-v3 TOML."
15,no,POLICY_TERM_CONFIG_OR_STRUCTURAL,src/bolt_v3_archetypes/binary_oracle_edge_taker.rs,string,"""configured_target_id""","""configured_target_id"",",strategy_runtime_schema_field,"This is a taker strategy config schema field name, populated from the configured bolt-v3 TOML target."
16,no,POLICY_TERM_CONFIG_OR_STRUCTURAL,src/bolt_v3_archetypes/binary_oracle_edge_taker.rs,string,"""edge_threshold_basis_points""","""edge_threshold_basis_points"",",strategy_runtime_schema_field,This is an existing taker strategy config schema field name; the value comes from bolt-v3 TOML.
17,no,POLICY_TERM_CONFIG_OR_STRUCTURAL,src/bolt_v3_archetypes/binary_oracle_edge_taker.rs,string,"""entry_order""","""entry_order"",",strategy_runtime_schema_field,"This is the nested strategy runtime config table name, populated from bolt-v3 TOML [parameters.entry_order]."
18,no,POLICY_TERM_CONFIG_OR_STRUCTURAL,src/bolt_v3_archetypes/binary_oracle_edge_taker.rs,string,"""exit_hysteresis_bps""","""exit_hysteresis_bps"",",strategy_runtime_schema_field,This is an existing taker strategy config schema field name; the value comes from bolt-v3 TOML.
19,no,POLICY_TERM_CONFIG_OR_STRUCTURAL,src/bolt_v3_archetypes/binary_oracle_edge_taker.rs,string,"""exit_order""","""exit_order"",",strategy_runtime_schema_field,"This is the nested strategy runtime config table name, populated from bolt-v3 TOML [parameters.exit_order]."
20,no,POLICY_TERM_CONFIG_OR_STRUCTURAL,src/bolt_v3_archetypes/binary_oracle_edge_taker.rs,string,"""expire_time_unix_nanos""","""expire_time_unix_nanos"",",strategy_runtime_schema_field,This is the NT order expiry timestamp field projected from TOML into the runtime strategy config.
21,no,POLICY_TERM_CONFIG_OR_STRUCTURAL,src/bolt_v3_archetypes/binary_oracle_edge_taker.rs,string,"""trigger_price""","insert_float(&mut order_table, ""trigger_price"", trigger_price);",strategy_runtime_schema_field,This is the NT stop-order trigger price field projected from TOML into the runtime strategy config.
22,no,POLICY_TERM_CONFIG_OR_STRUCTURAL,src/bolt_v3_archetypes/binary_oracle_edge_taker.rs,string,"""activation_price""","insert_float(&mut order_table, ""activation_price"", activation_price);",strategy_runtime_schema_field,This is the NT trailing-stop activation price field projected from TOML into the runtime strategy config.
23,no,POLICY_TERM_CONFIG_OR_STRUCTURAL,src/bolt_v3_archetypes/binary_oracle_edge_taker.rs,string,"""trigger_type""","""trigger_type"",",strategy_runtime_schema_field,This is the NT triggered-order trigger type field projected from TOML into the runtime strategy config.
24,no,POLICY_TERM_CONFIG_OR_STRUCTURAL,src/bolt_v3_archetypes/binary_oracle_edge_taker.rs,string,"""trigger_instrument_id""","""trigger_instrument_id"",",strategy_runtime_schema_field,This is the NT triggered-order trigger instrument field projected from TOML into the runtime strategy config.
25,no,POLICY_TERM_CONFIG_OR_STRUCTURAL,src/bolt_v3_archetypes/binary_oracle_edge_taker.rs,string,"""trailing_offset""","insert_float(&mut order_table, ""trailing_offset"", trailing_offset);",strategy_runtime_schema_field,This is the NT trailing-stop offset field projected from TOML into the runtime strategy config.
26,no,POLICY_TERM_CONFIG_OR_STRUCTURAL,src/bolt_v3_archetypes/binary_oracle_edge_taker.rs,string,"""trailing_offset_type""","""trailing_offset_type"",",strategy_runtime_schema_field,This is the NT trailing-stop offset type field projected from TOML into the runtime strategy config.
27,yes,POLICY_TERM_CONFIG_OR_STRUCTURAL,src/bolt_v3_order_execution.rs,string,"""bolt-v3 in-place modify is fail-closed in Live (not admission-gated; see #835): refusing un-admitted venue mutation for client_order_id={client_order_id}""","""bolt-v3 in-place modify is fail-closed in Live (not admission-gated; see #835): refusing un-admitted venue mutation for client_order_id={client_order_id}""",order_execution_live_modify_fail_closed_diagnostic,"Fail-loud diagnostic refusing a live in-place venue modify that does not pass submit admission/reservation/fee checks (Option A for #835); error-message template, not a runtime value."
28,yes,POLICY_TERM_CONFIG_OR_STRUCTURAL,src/bolt_v3_order_intent.rs,number,0,&& order.expire_time_unix_nanos.is_none_or(|value| value == 0),nt_order_model_invariant,This enforces positive GTD expiry nanos for enabled NT order templates before calling the NT order factory; the expiry value itself is TOML-owned.
29,no,POLICY_TERM_CONFIG_OR_STRUCTURAL,src/bolt_v3_archetypes/binary_oracle_edge_taker.rs,string,"""external_order_claims""","""external_order_claims"",",strategy_runtime_schema_field,This is a Nautilus StrategyConfig field name projected from bolt-v3 TOML into the runtime strategy config.
30,no,POLICY_TERM_CONFIG_OR_STRUCTURAL,src/bolt_v3_archetypes/binary_oracle_edge_taker.rs,string,"""forced_flat_stale_reference_ms""","""forced_flat_stale_reference_ms"",",strategy_runtime_schema_field,This is an existing taker strategy config schema field name; the value comes from bolt-v3 TOML.
31,no,POLICY_TERM_CONFIG_OR_STRUCTURAL,src/bolt_v3_archetypes/binary_oracle_edge_taker.rs,string,"""forced_flat_thin_book_min_liquidity""","""forced_flat_thin_book_min_liquidity"",",strategy_runtime_schema_field,This is an existing taker strategy config schema field name; the value comes from bolt-v3 TOML.
32,no,POLICY_TERM_CONFIG_OR_STRUCTURAL,src/bolt_v3_archetypes/binary_oracle_edge_taker.rs,string,"""is_post_only""","insert_bool(&mut order_table, ""is_post_only"", order.is_post_only);",strategy_runtime_schema_field,"This is a nested existing taker strategy config schema field name, populated from bolt-v3 TOML order parameters."
33,no,POLICY_TERM_CONFIG_OR_STRUCTURAL,src/bolt_v3_archetypes/binary_oracle_edge_taker.rs,string,"""is_quote_quantity""","""is_quote_quantity"",",strategy_runtime_schema_field,"This is a nested existing taker strategy config schema field name, populated from bolt-v3 TOML order parameters."
34,no,POLICY_TERM_CONFIG_OR_STRUCTURAL,src/bolt_v3_archetypes/binary_oracle_edge_taker.rs,string,"""is_reduce_only""","insert_bool(&mut order_table, ""is_reduce_only"", order.is_reduce_only);",strategy_runtime_schema_field,"This is a nested existing taker strategy config schema field name, populated from bolt-v3 TOML order parameters."
35,no,POLICY_TERM_CONFIG_OR_STRUCTURAL,src/bolt_v3_archetypes/binary_oracle_edge_taker.rs,string,"""lead_agreement_min_corr""","""lead_agreement_min_corr"",",strategy_runtime_schema_field,This is an existing taker strategy config schema field name; the value comes from bolt-v3 TOML.
36,no,POLICY_TERM_CONFIG_OR_STRUCTURAL,src/bolt_v3_archetypes/binary_oracle_edge_taker.rs,string,"""lead_jitter_max_ms""","""lead_jitter_max_ms"",",strategy_runtime_schema_field,This is an existing taker strategy config schema field name; the value comes from bolt-v3 TOML.
37,no,POLICY_TERM_CONFIG_OR_STRUCTURAL,src/bolt_v3_archetypes/binary_oracle_edge_taker.rs,string,"""log_commands""","insert_bool(&mut table, ""log_commands"", strategy.config.log_commands);",strategy_runtime_schema_field,This is a Nautilus StrategyConfig field name projected from bolt-v3 TOML into the runtime strategy config.
38,no,POLICY_TERM_CONFIG_OR_STRUCTURAL,src/bolt_v3_archetypes/binary_oracle_edge_taker.rs,string,"""log_events""","insert_bool(&mut table, ""log_events"", strategy.config.log_events);",strategy_runtime_schema_field,This is a Nautilus StrategyConfig field name projected from bolt-v3 TOML into the runtime strategy config.
39,no,POLICY_TERM_CONFIG_OR_STRUCTURAL,src/bolt_v3_archetypes/binary_oracle_edge_taker.rs,string,"""log_rejected_due_post_only_as_warning""","""log_rejected_due_post_only_as_warning"",",strategy_runtime_schema_field,This is a Nautilus StrategyConfig field name projected from bolt-v3 TOML into the runtime strategy config.
40,no,POLICY_TERM_CONFIG_OR_STRUCTURAL,src/bolt_v3_archetypes/binary_oracle_edge_taker.rs,string,"""manage_contingent_orders""","""manage_contingent_orders"",",strategy_runtime_schema_field,This is a Nautilus StrategyConfig field name projected from bolt-v3 TOML into the runtime strategy config.
41,no,POLICY_TERM_CONFIG_OR_STRUCTURAL,src/bolt_v3_archetypes/binary_oracle_edge_taker.rs,string,"""manage_gtd_expiry""","""manage_gtd_expiry"",",strategy_runtime_schema_field,This is a Nautilus StrategyConfig field name projected from bolt-v3 TOML into the runtime strategy config.
42,no,POLICY_TERM_CONFIG_OR_STRUCTURAL,src/bolt_v3_archetypes/binary_oracle_edge_taker.rs,string,"""manage_stop""","insert_bool(&mut table, ""manage_stop"", strategy.config.manage_stop);",strategy_runtime_schema_field,This is a Nautilus StrategyConfig field name projected from bolt-v3 TOML into the runtime strategy config.
43,no,POLICY_TERM_CONFIG_OR_STRUCTURAL,src/bolt_v3_archetypes/binary_oracle_edge_taker.rs,string,"""market_exit_interval_ms""","""market_exit_interval_ms"",",strategy_runtime_schema_field,This is a Nautilus StrategyConfig field name projected from bolt-v3 TOML into the runtime strategy config.
44,yes,POLICY_TERM_CONFIG_OR_STRUCTURAL,src/bolt_v3_archetypes/binary_oracle_edge_taker.rs,string,"""market_exit_max_attempts""","""market_exit_max_attempts"",",strategy_runtime_validation_field,This field-name literal labels the configured market-exit runtime value in validation diagnostics; the value remains TOML-owned.
45,no,POLICY_TERM_CONFIG_OR_STRUCTURAL,src/bolt_v3_archetypes/binary_oracle_edge_taker.rs,string,"""forced_exit_order""","""forced_exit_order"",",strategy_runtime_schema_field,This is the configured forced-exit NT order-template table projected from bolt-v3 TOML into the runtime strategy config.
46,no,POLICY_TERM_CONFIG_OR_STRUCTURAL,src/bolt_v3_archetypes/binary_oracle_edge_taker.rs,string,"""market_selection_rule""","""market_selection_rule"",",strategy_runtime_schema_field,"This is a taker strategy config schema field name, populated from the configured bolt-v3 TOML market selection rule."
47,no,POLICY_TERM_CONFIG_OR_STRUCTURAL,src/bolt_v3_archetypes/binary_oracle_edge_taker.rs,string,"""maximum_position_notional""","""maximum_position_notional"",",strategy_runtime_schema_field,This is an existing taker strategy config schema field name; the value comes from bolt-v3 TOML.
48,no,POLICY_TERM_CONFIG_OR_STRUCTURAL,src/bolt_v3_archetypes/binary_oracle_edge_taker.rs,string,"""oms_type""","insert_string(&mut table, ""oms_type"", oms_type_value(strategy));",strategy_runtime_schema_field,"This is an existing taker strategy config schema field name, populated from bolt-v3 TOML oms_type."
49,no,POLICY_TERM_CONFIG_OR_STRUCTURAL,src/bolt_v3_archetypes/binary_oracle_edge_taker.rs,string,"""order_id_tag""","""order_id_tag"",",strategy_runtime_schema_field,"This is an existing taker strategy config schema field name, populated from bolt-v3 TOML order_id_tag."
50,no,POLICY_TERM_CONFIG_OR_STRUCTURAL,src/bolt_v3_archetypes/binary_oracle_edge_taker.rs,string,"""order_notional_target""","insert_float(&mut table, ""order_notional_target"", order_notional_target);",strategy_runtime_schema_field,This is an existing taker strategy config schema field name; the value comes from bolt-v3 TOML.
51,no,POLICY_TERM_CONFIG_OR_STRUCTURAL,src/bolt_v3_archetypes/binary_oracle_edge_taker.rs,string,"""order_type""","""order_type"",",strategy_runtime_schema_field,This is the nested order-config field name projected from bolt-v3 TOML entry and exit order parameters into the taker StrategyConfig table.
52,yes,POLICY_TERM_CONFIG_OR_STRUCTURAL,src/bolt_v3_archetypes/binary_oracle_edge_taker.rs,string,"""parameters.maximum_position_notional""","""parameters.maximum_position_notional"",",strategy_archetype_source_field_name,This names the bolt-v3 TOML source field converted into the existing taker config shape.
53,no,POLICY_TERM_CONFIG_OR_STRUCTURAL,src/bolt_v3_archetypes/binary_oracle_edge_taker.rs,string,"""parameters.order_notional_target""","""parameters.order_notional_target"",",strategy_archetype_source_field_name,This names the bolt-v3 TOML source field converted into the existing taker config shape.
54,no,POLICY_TERM_CONFIG_OR_STRUCTURAL,src/bolt_v3_archetypes/binary_oracle_edge_taker.rs,string,"""position_side""","""position_side"",",strategy_runtime_schema_field,This is a nested taker strategy config schema field name; the value is populated from bolt-v3 TOML order parameters.
55,no,POLICY_TERM_CONFIG_OR_STRUCTURAL,src/bolt_v3_archetypes/binary_oracle_edge_taker.rs,string,"""price_to_beat_source""","insert_string(&mut table, ""price_to_beat_source"", price_to_beat_source);",strategy_runtime_schema_field,This is an existing taker strategy config schema field name; the value is derived from target gate TOML during the temporary runtime bridge.
56,no,POLICY_TERM_CONFIG_OR_STRUCTURAL,src/bolt_v3_archetypes/binary_oracle_edge_taker.rs,string,"""pricing_kurtosis""","""pricing_kurtosis"",",strategy_runtime_schema_field,This is an existing taker strategy config schema field name; the value comes from bolt-v3 TOML.
57,no,POLICY_TERM_CONFIG_OR_STRUCTURAL,src/bolt_v3_archetypes/binary_oracle_edge_taker.rs,string,"""reentry_cooldown_secs""","""reentry_cooldown_secs"",",strategy_runtime_schema_field,This is an existing taker strategy config schema field name; the value comes from bolt-v3 TOML.
58,no,POLICY_TERM_CONFIG_OR_STRUCTURAL,src/bolt_v3_archetypes/binary_oracle_edge_taker.rs,string,"""signal_instrument_id""","""signal_instrument_id"",",strategy_runtime_schema_field,This is the taker StrategyConfig field name populated from the configured bolt-v3 TOML signal_data role instrument_id.
59,no,POLICY_TERM_CONFIG_OR_STRUCTURAL,src/bolt_v3_archetypes/binary_oracle_edge_taker.rs,string,"""signal_venue""","""signal_venue"",",strategy_runtime_schema_field,This is the taker StrategyConfig field name populated from the configured signal_data data_client_id role.
60,no,POLICY_TERM_CONFIG_OR_STRUCTURAL,src/bolt_v3_archetypes/binary_oracle_edge_taker.rs,string,"""retry_interval_seconds""","""retry_interval_seconds"",",strategy_runtime_schema_field,"This is a taker strategy config schema field name, populated from the configured bolt-v3 TOML target retry interval."
61,no,POLICY_TERM_CONFIG_OR_STRUCTURAL,src/bolt_v3_archetypes/binary_oracle_edge_taker.rs,string,"""risk_lambda""","insert_float(&mut table, ""risk_lambda"", parameters.runtime.risk_lambda);",strategy_runtime_schema_field,This is an existing taker strategy config schema field name; the value comes from bolt-v3 TOML.
62,no,POLICY_TERM_CONFIG_OR_STRUCTURAL,src/bolt_v3_archetypes/binary_oracle_edge_taker.rs,string,"""sizing_ev_reference_bps""","""sizing_ev_reference_bps"",",strategy_runtime_schema_field,This is a taker strategy config schema field name; the EV sizing reference value comes from bolt-v3 TOML (#618).
63,no,POLICY_TERM_CONFIG_OR_STRUCTURAL,src/bolt_v3_archetypes/binary_oracle_edge_taker.rs,string,"""rotating_market_family""","""rotating_market_family"",",strategy_runtime_schema_field,"This is a taker strategy config schema field name, populated from the configured bolt-v3 TOML rotating market family."
64,no,POLICY_TERM_CONFIG_OR_STRUCTURAL,src/bolt_v3_archetypes/binary_oracle_edge_taker.rs,string,"""side""","insert_string(&mut order_table, ""side"", enum_variant_lowercase(order.side));",strategy_runtime_schema_field,This is the nested order-config field name projected from NT OrderSide values supplied by bolt-v3 TOML entry and exit order parameters.
65,yes,POLICY_TERM_CONFIG_OR_STRUCTURAL,src/bolt_v3_archetypes/binary_oracle_edge_taker.rs,string,"""strategies.{strategy_instance_id} {field} cannot be represented for existing taker config: `{value}`""","""strategies.{strategy_instance_id} {field} cannot be represented for existing taker config: `{value}`""",strategy_archetype_diagnostic_template,This diagnostic reports a config-to-existing-strategy numeric conversion failure; it is not a runtime value.
66,no,POLICY_TERM_CONFIG_OR_STRUCTURAL,src/bolt_v3_archetypes/binary_oracle_edge_taker.rs,string,"""allows at most one [signal_data.<role>] block; got roles [{}]""","""allows at most one [signal_data.<role>] block; got roles [{}]"",",strategy_archetype_diagnostic_template,This diagnostic rejects ambiguous signal_data role wiring before deriving runtime config; it is not a runtime value.
67,no,POLICY_TERM_CONFIG_OR_STRUCTURAL,src/bolt_v3_archetypes/binary_oracle_edge_taker.rs,string,"""{context}: strategy_archetype `binary_oracle_edge_taker` allows at most one [signal_data.<role>] block""","""{context}: strategy_archetype `binary_oracle_edge_taker` allows at most one [signal_data.<role>] block""",strategy_archetype_diagnostic_template,This validation diagnostic rejects ambiguous signal_data role wiring; it is not a runtime value.
68,no,POLICY_TERM_CONFIG_OR_STRUCTURAL,src/bolt_v3_archetypes/binary_oracle_edge_taker.rs,string,"""strategy_id""","insert_string(&mut table, ""strategy_id"", nt_strategy_id(strategy)?);",strategy_runtime_schema_field,"This is an existing taker strategy config schema field name, populated from bolt-v3 TOML."
69,no,POLICY_TERM_CONFIG_OR_STRUCTURAL,src/bolt_v3_archetypes/binary_oracle_edge_taker.rs,string,"""target_kind""","insert_string(&mut table, ""target_kind"", target.target_kind);",strategy_runtime_schema_field,"This is a taker strategy config schema field name, populated from the configured bolt-v3 TOML target kind."
70,no,POLICY_TERM_CONFIG_OR_STRUCTURAL,src/bolt_v3_archetypes/binary_oracle_edge_taker.rs,string,"""theta_decay_factor""","""theta_decay_factor"",",strategy_runtime_schema_field,This is an existing taker strategy config schema field name; the value comes from bolt-v3 TOML.
71,no,POLICY_TERM_CONFIG_OR_STRUCTURAL,src/bolt_v3_archetypes/binary_oracle_edge_taker.rs,string,"""time_in_force""","""time_in_force"",",strategy_runtime_schema_field,"This is a nested existing taker strategy config schema field name, populated from bolt-v3 TOML order parameters."
72,no,POLICY_TERM_CONFIG_OR_STRUCTURAL,src/bolt_v3_archetypes/binary_oracle_edge_taker.rs,string,"""trade_flow_max_samples""","""trade_flow_max_samples"",",strategy_runtime_schema_field,This is a taker strategy config schema field name; the signed-trade-flow per-instrument sample cap comes from bolt-v3 TOML.
73,no,POLICY_TERM_CONFIG_OR_STRUCTURAL,src/bolt_v3_archetypes/binary_oracle_edge_taker.rs,string,"""trade_flow_window_secs""","""trade_flow_window_secs"",",strategy_runtime_schema_field,This is a taker strategy config schema field name; the signed-trade-flow retention window comes from bolt-v3 TOML.
74,no,POLICY_TERM_CONFIG_OR_STRUCTURAL,src/bolt_v3_archetypes/binary_oracle_edge_taker.rs,string,"""spike_guard_return_threshold""","""spike_guard_return_threshold"",",strategy_runtime_schema_field,This is a taker strategy config schema field name; the entry spike-guard single-step return threshold comes from bolt-v3 TOML.
75,no,POLICY_TERM_CONFIG_OR_STRUCTURAL,src/bolt_v3_archetypes/binary_oracle_edge_taker.rs,string,"""spike_guard_cooldown_secs""","""spike_guard_cooldown_secs"",",strategy_runtime_schema_field,This is a taker strategy config schema field name; the entry spike-guard cooldown duration comes from bolt-v3 TOML.
76,no,POLICY_TERM_CONFIG_OR_STRUCTURAL,src/bolt_v3_archetypes/binary_oracle_edge_taker.rs,string,"""underlying_asset""","insert_string(&mut table, ""underlying_asset"", target.underlying_asset);",strategy_runtime_schema_field,"This is a taker strategy config schema field name, populated from the configured bolt-v3 TOML target underlying asset."
77,no,POLICY_TERM_CONFIG_OR_STRUCTURAL,src/bolt_v3_archetypes/binary_oracle_edge_taker.rs,string,"""use_hyphens_in_client_order_ids""","""use_hyphens_in_client_order_ids"",",strategy_runtime_schema_field,This is a Nautilus StrategyConfig field name projected from bolt-v3 TOML into the runtime strategy config.
78,no,POLICY_TERM_CONFIG_OR_STRUCTURAL,src/bolt_v3_archetypes/binary_oracle_edge_taker.rs,string,"""use_uuid_client_order_ids""","""use_uuid_client_order_ids"",",strategy_runtime_schema_field,This is a Nautilus StrategyConfig field name projected from bolt-v3 TOML into the runtime strategy config.
79,no,POLICY_TERM_CONFIG_OR_STRUCTURAL,src/bolt_v3_archetypes/binary_oracle_edge_taker.rs,string,"""warmup_tick_count""","""warmup_tick_count"",",strategy_runtime_schema_field,This is an existing taker strategy config schema field name; the value comes from bolt-v3 TOML.
80,yes,POLICY_TERM_CONFIG_OR_STRUCTURAL,src/bolt_v3_config.rs,number,0,"sorted_strategy_texts.sort_by(|left, right| left.0.cmp(&right.0));",config_bundle_checksum_tuple_field_index,This tuple index sorts strategy-fragment paths for deterministic config-bundle checksum framing.
81,yes,POLICY_TERM_CONFIG_OR_STRUCTURAL,src/bolt_v3_config.rs,number,0,"update_config_bundle_entry(&mut hasher, 0, ""root"", root_checksum_text.as_bytes());",config_bundle_checksum_entry_kind,This structural tag distinguishes the root TOML entry inside the config-bundle checksum framing.
82,yes,POLICY_TERM_CONFIG_OR_STRUCTURAL,src/bolt_v3_config.rs,number,0,let mut offset = 0;,generated_live_config_header_strip_offset,"Initial byte offset used while stripping the generated live-config provenance comment header before checksum framing; it is parser state, not a runtime value."
83,yes,POLICY_TERM_CONFIG_OR_STRUCTURAL,src/bolt_v3_config.rs,number,1,hasher.update((strategy_texts.len() as u32 + 1).to_be_bytes());,config_bundle_checksum_root_entry_count,This adds the root TOML entry to the strategy-fragment count for deterministic checksum framing.
84,no,POLICY_TERM_CONFIG_OR_STRUCTURAL,src/bolt_v3_config.rs,number,1,"update_config_bundle_entry(&mut hasher, 1, relative_path, text.as_bytes());",config_bundle_checksum_entry_kind,This structural tag distinguishes strategy-fragment TOML entries inside the config-bundle checksum framing.
85,yes,POLICY_TERM_CONFIG_OR_STRUCTURAL,src/bolt_v3_config.rs,string,"""root""","update_config_bundle_entry(&mut hasher, 0, ""root"", root_checksum_text.as_bytes());",config_bundle_checksum_root_label,This structural label identifies the root TOML bytes inside the config-bundle checksum framing.
86,yes,POLICY_TERM_CONFIG_OR_STRUCTURAL,src/bolt_v3_config.rs,string,"b""bolt-v3.config-bundle.v1\n""","const CONFIG_BUNDLE_CHECKSUM_DOMAIN: &[u8] = b""bolt-v3.config-bundle.v1\n"";",config_bundle_checksum_domain_separator,This domain separator pins the config-bundle checksum format used to bind strategy-free readiness to the loaded TOML bundle.
87,yes,POLICY_TERM_CONFIG_OR_STRUCTURAL,src/bolt_v3_decision_evidence.rs,string,"""strategy_input_snapshot""","pub const BOLT_V3_STRATEGY_INPUT_SNAPSHOT_RECORD_KIND: &str = ""strategy_input_snapshot"";",decision_evidence_record_kind,"This is the JSONL envelope discriminator for strategy-input snapshot records and is part of the audit-record contract, not an operator runtime value."
88,no,POLICY_TERM_CONFIG_OR_STRUCTURAL,src/bolt_v3_decision_evidence.rs,string,"""order_intent""","pub const BOLT_V3_ORDER_INTENT_RECORD_KIND: &str = ""order_intent"";",decision_evidence_record_kind,"This is the JSONL envelope discriminator for order-intent records and is part of the audit-record contract, not an operator runtime value."
89,no,POLICY_TERM_CONFIG_OR_STRUCTURAL,src/bolt_v3_decision_evidence.rs,string,"""admission_decision""","pub const BOLT_V3_ADMISSION_DECISION_RECORD_KIND: &str = ""admission_decision"";",decision_evidence_record_kind,"This is the JSONL envelope discriminator for admission-decision records and is part of the audit-record contract, not an operator runtime value."
90,yes,NO_POLICY_TERM,src/shadow_pnl.rs,number,1,const SHADOW_PNL_COUNT_INCREMENT: u64 = 1;,shadow_pnl_aggregation_unit,"Each admitted entry chain contributes one would-be trade and, when settlement wins, one win to the report aggregate; this is report structure, not an operator runtime value."
91,yes,POLICY_TERM_CONFIG_OR_STRUCTURAL,src/shadow_pnl.rs,number,1,const SHADOW_PNL_LINE_NUMBER_BASE: usize = 1;,shadow_pnl_diagnostic_line_number_base,This converts zero-based JSONL iterator indexes to one-based operator diagnostics; it does not affect trading behavior.
92,yes,POLICY_TERM_CONFIG_OR_STRUCTURAL,src/shadow_pnl.rs,number,6,const SHADOW_PNL_DECIMAL_SCALE: u32 = 6;,shadow_pnl_report_display_precision,This controls CSV decimal display precision for the shadow PnL report only; no strategy or execution behavior reads it.
93,yes,NO_POLICY_TERM,src/shadow_pnl.rs,number,0,"0 => Ok(None),",shadow_pnl_settlement_cardinality,"This is the zero-match arm in the settlement selector; it is structural match-cardinality logic, not an operator runtime value."
94,no,NO_POLICY_TERM,src/shadow_pnl.rs,number,1,"1 => Ok(Some(settlements[0])),",shadow_pnl_settlement_cardinality,"This is the single-match arm in the settlement selector; it is structural match-cardinality logic, not an operator runtime value."
95,yes,NO_POLICY_TERM,src/shadow_pnl.rs,number,0,"1 => Ok(Some(settlements[0])),",shadow_pnl_settlement_single_match_index,"This selects the sole settlement row after the cardinality check has proven exactly one match; it is collection indexing structure, not an operator runtime value."
96,no,POLICY_TERM_CONFIG_OR_STRUCTURAL,src/bolt_v3_decision_evidence.rs,string,"""basket_admission_decision""","const BOLT_V3_BASKET_ADMISSION_DECISION_RECORD_KIND: &str = ""basket_admission_decision"";",decision_evidence_record_kind,"This is the JSONL envelope discriminator for basket-admission decision records and is part of the audit-record contract, not an operator runtime value."
97,yes,POLICY_TERM_CONFIG_OR_STRUCTURAL,src/bolt_v3_decision_evidence.rs,string,"""basket_admission_decision""","""basket_admission_decision"" => {",decision_evidence_record_kind_match,"This is the recovery-reader match arm for the basket-admission JSONL envelope discriminator; the record kind is a stable audit schema label, not an operator runtime value."
98,yes,POLICY_TERM_CONFIG_OR_STRUCTURAL,src/bolt_v3_decision_evidence.rs,string,"""CARGO_PKG_VERSION""","pub const BOLT_V3_DECISION_EVIDENCE_GATE_VERSION: &str = env!(""CARGO_PKG_VERSION"");",decision_evidence_gate_version_source,"This is the env! macro argument naming the compile-time CARGO_PKG_VERSION captured at build time as the gate-version field on each evidence record. The macro requires a literal string argument; the runtime value comes from Cargo.toml, not from operator config."
99,yes,POLICY_TERM_CONFIG_OR_STRUCTURAL,src/bolt_v3_decision_evidence.rs,string,"""admission_decision""","kind: ""admission_decision"",",decision_evidence_envelope_kind,"This is the JSONL envelope discriminator naming the admission-decision payload shape. It is part of the audit-record contract, not an operator runtime value."
100,yes,POLICY_TERM_CONFIG_OR_STRUCTURAL,src/bolt_v3_decision_evidence.rs,string,"""bolt_v3.order_intent""","pub const BOLT_V3_ORDER_INTENT_GATE_ID: &str = ""bolt_v3.order_intent"";",decision_evidence_gate_id,"This is the stable gate identifier stamped on each order-intent evidence record so operators can correlate JSONL records back to the recording gate. It is part of the audit-record contract, not an operator runtime value."
101,no,POLICY_TERM_CONFIG_OR_STRUCTURAL,src/bolt_v3_decision_evidence.rs,string,"""bolt_v3.submit_admission""","pub const BOLT_V3_SUBMIT_ADMISSION_GATE_ID: &str = ""bolt_v3.submit_admission"";",decision_evidence_gate_id,"This is the stable gate identifier stamped on each submit-admission evidence record so operators can correlate JSONL records back to the recording gate. It is part of the audit-record contract, not an operator runtime value."
102,no,POLICY_TERM_CONFIG_OR_STRUCTURAL,src/bolt_v3_decision_evidence.rs,string,"""bolt_v3.strategy_input_snapshot""","pub const BOLT_V3_STRATEGY_INPUT_SNAPSHOT_GATE_ID: &str = ""bolt_v3.strategy_input_snapshot"";",decision_evidence_gate_id,"This is the stable gate identifier stamped on each strategy-input snapshot evidence record so operators can correlate JSONL records back to the recording gate. It is part of the audit-record contract, not an operator runtime value."
103,no,POLICY_TERM_CONFIG_OR_STRUCTURAL,src/bolt_v3_decision_evidence.rs,string,"""exit_evaluation""","pub const BOLT_V3_EXIT_EVALUATION_RECORD_KIND: &str = ""exit_evaluation"";",decision_evidence_record_kind,"JSONL envelope discriminator for exit-evaluation records; part of the audit-record contract, not an operator runtime value."
104,no,NO_POLICY_TERM,src/bolt_v3_decision_evidence.rs,string,"""bolt_v3.exit_evaluation""","pub const BOLT_V3_EXIT_EVALUATION_GATE_ID: &str = ""bolt_v3.exit_evaluation"";",decision_evidence_gate_id,stable gate identifier stamped on each exit-evaluation evidence record; part of the audit-record contract.
105,no,POLICY_TERM_CONFIG_OR_STRUCTURAL,src/bolt_v3_decision_evidence.rs,string,"""loss_governor_halt""","pub const BOLT_V3_LOSS_GOVERNOR_HALT_RECORD_KIND: &str = ""loss_governor_halt"";",decision_evidence_record_kind,"JSONL envelope discriminator for loss-governor-halt records; part of the audit-record contract, not an operator runtime value."
106,no,NO_POLICY_TERM,src/bolt_v3_decision_evidence.rs,string,"""bolt_v3.loss_governor_halt""","pub const BOLT_V3_LOSS_GOVERNOR_HALT_GATE_ID: &str = ""bolt_v3.loss_governor_halt"";",decision_evidence_gate_id,stable gate identifier stamped on each loss-governor-halt evidence record; part of the audit-record contract.
107,no,POLICY_TERM_CONFIG_OR_STRUCTURAL,src/bolt_v3_decision_evidence.rs,string,"""order_reject""","pub const BOLT_V3_ORDER_REJECT_RECORD_KIND: &str = ""order_reject"";",decision_evidence_record_kind,"JSONL envelope discriminator for order-reject records; part of the audit-record contract, not an operator runtime value."
108,no,POLICY_TERM_CONFIG_OR_STRUCTURAL,src/bolt_v3_decision_evidence.rs,string,"""bolt_v3.order_reject""","pub const BOLT_V3_ORDER_REJECT_GATE_ID: &str = ""bolt_v3.order_reject"";",decision_evidence_gate_id,stable gate identifier stamped on each order-reject evidence record; part of the audit-record contract.
109,yes,POLICY_TERM_CONFIG_OR_STRUCTURAL,src/bolt_v3_decision_evidence.rs,string,"""current""","pub const BOLT_V3_STRATEGY_INPUT_MARKET_SELECTION_OUTCOME_CURRENT: &str = ""current"";",strategy_evidence_market_selection_outcome,This is a stable evidence label for the already-selected current market window in the strategy-input snapshot. It records provenance and does not configure trading behavior.
110,no,POLICY_TERM_CONFIG_OR_STRUCTURAL,src/bolt_v3_decision_evidence.rs,string,"""next""","pub const BOLT_V3_STRATEGY_INPUT_MARKET_SELECTION_OUTCOME_NEXT: &str = ""next"";",strategy_evidence_market_selection_outcome,This is a stable evidence label for the already-selected next market window in the strategy-input snapshot. It records provenance and does not configure trading behavior.
111,no,POLICY_TERM_CONFIG_OR_STRUCTURAL,src/bolt_v3_decision_evidence.rs,string,"""order_intent""","kind: ""order_intent"",",decision_evidence_envelope_kind,"This is the JSONL envelope discriminator naming the order-intent payload shape. It is part of the audit-record contract, not an operator runtime value."
112,no,POLICY_TERM_CONFIG_OR_STRUCTURAL,src/bolt_v3_decision_evidence.rs,string,"""strategy_input_snapshot""","kind: ""strategy_input_snapshot"",",decision_evidence_envelope_kind,"This is the JSONL envelope discriminator naming the strategy-input snapshot payload shape. It is part of the audit-record contract, not an operator runtime value."
113,yes,NO_POLICY_TERM,src/bolt_v3_decision_evidence.rs,string,"b""\n""","line.extend_from_slice(b""\n"");",decision_evidence_jsonl_record_separator,"This is the JSONL line separator for one evidence record per line, not a runtime operator value."
114,yes,NO_POLICY_TERM,src/bolt_v3_instrument_filters.rs,string,"""updown period pair overflows i64 (now_unix_seconds={now_unix_seconds}, cadence_seconds={cadence_seconds})""","""updown period pair overflows i64 (now_unix_seconds={now_unix_seconds}, cadence_seconds={cadence_seconds})""",diagnostic_template,"Mirror of the internal BoltV3InstrumentFilterError::PeriodPairOverflow Display template on the public InstrumentFilterError enum, so operator triage output is preserved across the typed-error conversion. Not an operator runtime value."
115,yes,NO_POLICY_TERM,src/bolt_v3_live_node.rs,number,0,(value != 0).then_some(value as f64),toml_zero_as_none_encoding,Schema documents zero as the TOML encoding for NT None on selected optional second-based fields.
116,no,NO_POLICY_TERM,src/bolt_v3_live_node.rs,number,0,(value != 0).then_some(value),toml_zero_as_none_encoding,Schema documents zero as the TOML encoding for NT None on selected optional u32 fields.
117,yes,NO_POLICY_TERM,src/bolt_v3_live_node.rs,string,""", ""","client_venues.join("", "")",diagnostic_separator,This joins configured client venues for a fail-closed setup diagnostic; the venue values themselves come from TOML config.
118,no,NO_POLICY_TERM,src/bolt_v3_live_node.rs,string,""", ""","missing_clients.join("", "")",diagnostic_separator,This separator joins configured client identifiers in a fail-closed setup diagnostic; the client values themselves come from TOML.
119,yes,POLICY_TERM_CONFIG_OR_STRUCTURAL,src/bolt_v3_live_node.rs,string,"""strategy references unconfigured client(s): {}""","""strategy references unconfigured client(s): {}"",",live_node_fail_closed_diagnostic_template,This is fail-closed diagnostic text for a strategy referencing client ids absent from the loaded TOML; it does not configure runtime behavior.
120,yes,POLICY_TERM_CONFIG_OR_STRUCTURAL,src/bolt_v3_live_node.rs,string,"""nt_open_order_cache""","evidence_label: ""nt_open_order_cache"".to_string(),",capital_admission_evidence_source_label,This labels open-order reservation evidence rebuilt from NT cache state; the open orders and account facts come from NT.
121,no,POLICY_TERM_CONFIG_OR_STRUCTURAL,src/bolt_v3_market_families/mod.rs,string,"""strategy `{}`""","""strategy `{}`"",",diagnostic_template,This is the operator-diagnostic context label emitted by the per-strategy instrument-filter dispatcher when a strategy's rotating_market_family is not registered. It identifies which strategy produced the UnsupportedFamily error and is not an operator-tunable runtime value.
122,yes,NO_POLICY_TERM,src/bolt_v3_market_families/mod.rs,string,"""configured_target_id""","const SELECTED_MARKET_CONFIGURED_TARGET_ID_FIELD: &str = ""configured_target_id"";",selected_market_requirement_schema_field,This is a canonical selected-market requirement identity field name. Its value is populated from TOML target identity before hashing.
123,no,NO_POLICY_TERM,src/bolt_v3_market_families/mod.rs,string,"""family_key""","const SELECTED_MARKET_FAMILY_KEY_FIELD: &str = ""family_key"";",selected_market_requirement_schema_field,This is a canonical selected-market requirement identity field name. Its value comes from the market-family binding.
124,no,NO_POLICY_TERM,src/bolt_v3_market_families/mod.rs,string,"""instrument_ids""","const SELECTED_MARKET_INSTRUMENT_IDS_FIELD: &str = ""instrument_ids"";",selected_market_requirement_schema_field,This is a canonical selected-market requirement identity field name. Its values come from the selected market's NT instrument identifiers.
125,no,NO_POLICY_TERM,src/bolt_v3_market_families/mod.rs,string,"""market_class""","const SELECTED_MARKET_MARKET_CLASS_FIELD: &str = ""market_class"";",selected_market_requirement_schema_field,This is a canonical selected-market requirement identity field name. Its value is supplied by the market-family mapping contract.
126,no,NO_POLICY_TERM,src/bolt_v3_market_families/mod.rs,string,"""market_id""","const SELECTED_MARKET_MARKET_ID_FIELD: &str = ""market_id"";",selected_market_requirement_schema_field,This is a canonical selected-market requirement identity field name. Its value comes from selected-market metadata.
127,yes,NO_POLICY_TERM,src/bolt_v3_market_families/mod.rs,string,"""metadata_provenance key""","const SELECTED_MARKET_METADATA_PROVENANCE_KEY_FIELD: &str = ""metadata_provenance key"";",selected_market_requirement_validation_field,This labels metadata-provenance object keys in fail-closed validation diagnostics; it is not an operator runtime value.
128,no,NO_POLICY_TERM,src/bolt_v3_market_families/mod.rs,string,"""metadata_provenance""","const SELECTED_MARKET_METADATA_PROVENANCE_FIELD: &str = ""metadata_provenance"";",selected_market_requirement_schema_field,This labels the canonical metadata-provenance hash input object for selected-market identity construction.
129,no,NO_POLICY_TERM,src/bolt_v3_market_families/mod.rs,string,"""metadata_provenance_sha256""","const SELECTED_MARKET_METADATA_PROVENANCE_SHA256_FIELD: &str = ""metadata_provenance_sha256"";",selected_market_requirement_schema_field,This is a canonical selected-market requirement identity field name. The hash value is computed from selected-market metadata provenance.
130,no,NO_POLICY_TERM,src/bolt_v3_market_families/mod.rs,string,"""resolution_identity""","const SELECTED_MARKET_RESOLUTION_IDENTITY_FIELD: &str = ""resolution_identity"";",selected_market_requirement_schema_field,This is a canonical selected-market requirement identity field name. The value is resolved from selected-market metadata or TOML gate mapping.
131,no,NO_POLICY_TERM,src/bolt_v3_market_families/mod.rs,string,"""resolution_kind""","const SELECTED_MARKET_RESOLUTION_KIND_FIELD: &str = ""resolution_kind"";",selected_market_requirement_schema_field,This is a canonical selected-market requirement identity field name. The value is resolved from the configured gate mapping contract.
132,no,NO_POLICY_TERM,src/bolt_v3_market_families/mod.rs,string,"""value_kind""","const SELECTED_MARKET_VALUE_KIND_FIELD: &str = ""value_kind"";",selected_market_requirement_schema_field,This is a canonical selected-market requirement identity field name. The value is resolved from the configured gate mapping contract.
133,no,NO_POLICY_TERM,src/bolt_v3_market_families/mod.rs,string,"""venue""","const SELECTED_MARKET_VENUE_FIELD: &str = ""venue"";",selected_market_requirement_schema_field,This is a canonical selected-market requirement identity field name. The value comes from the selected market's NT instrument venue.
134,yes,POLICY_TERM_CONFIG_OR_STRUCTURAL,src/bolt_v3_market_families/updown.rs,number,2,const REQUIRED_UPDOWN_OUTCOME_INSTRUMENT_COUNT: usize = 2;,updown_binary_option_outcome_count,This is the market-complete outcome count for binary-option updown selected-market identity: one up outcome and one down outcome.
135,yes,NO_POLICY_TERM,src/bolt_v3_market_families/updown.rs,number,32,} else if cadence_slug_token.chars().count() > 32 {,market_identity_shape_bound,This is the accepted updown cadence_slug_token identifier length bound; the token value itself is TOML-owned.
136,yes,POLICY_TERM_CONFIG_OR_STRUCTURAL,src/bolt_v3_market_families/updown.rs,number,60,} else if cadence_secs % 60 != 0 {,runtime_contract_cadence_alignment,The updown cadence validator requires minute-aligned periods; the market slug token paired with the cadence is TOML-owned.
137,yes,NO_POLICY_TERM,src/bolt_v3_market_families/updown.rs,number,60,"(60, ""1m""),",runtime_contract_cadence_slug_mapping,This is the documented updown runtime-contract mapping from cadence seconds to Polymarket slug token; TOML must match it exactly.
138,no,NO_POLICY_TERM,src/bolt_v3_market_families/updown.rs,string,"""1m""","(60, ""1m""),",runtime_contract_cadence_slug_mapping,This is the documented updown runtime-contract mapping from cadence seconds to Polymarket slug token; TOML must match it exactly.
139,no,NO_POLICY_TERM,src/bolt_v3_market_families/updown.rs,number,300,"(300, ""5m""),",runtime_contract_cadence_slug_mapping,This is the documented updown runtime-contract mapping from cadence seconds to Polymarket slug token; TOML must match it exactly.
140,no,NO_POLICY_TERM,src/bolt_v3_market_families/updown.rs,string,"""5m""","(300, ""5m""),",runtime_contract_cadence_slug_mapping,This is the documented updown runtime-contract mapping from cadence seconds to Polymarket slug token; TOML must match it exactly.
141,no,NO_POLICY_TERM,src/bolt_v3_market_families/updown.rs,number,900,"(900, ""15m""),",runtime_contract_cadence_slug_mapping,This is the documented updown runtime-contract mapping from cadence seconds to Polymarket slug token; TOML must match it exactly.
142,no,NO_POLICY_TERM,src/bolt_v3_market_families/updown.rs,string,"""15m""","(900, ""15m""),",runtime_contract_cadence_slug_mapping,This is the documented updown runtime-contract mapping from cadence seconds to Polymarket slug token; TOML must match it exactly.
143,no,NO_POLICY_TERM,src/bolt_v3_market_families/updown.rs,number,3600,"(3600, ""1h""),",runtime_contract_cadence_slug_mapping,This is the documented updown runtime-contract mapping from cadence seconds to Polymarket slug token; TOML must match it exactly.
144,no,NO_POLICY_TERM,src/bolt_v3_market_families/updown.rs,string,"""1h""","(3600, ""1h""),",runtime_contract_cadence_slug_mapping,This is the documented updown runtime-contract mapping from cadence seconds to Polymarket slug token; TOML must match it exactly.
145,no,NO_POLICY_TERM,src/bolt_v3_market_families/updown.rs,number,14400,"(14400, ""4h""),",runtime_contract_cadence_slug_mapping,This is the documented updown runtime-contract mapping from cadence seconds to Polymarket slug token; TOML must match it exactly.
146,no,NO_POLICY_TERM,src/bolt_v3_market_families/updown.rs,string,"""4h""","(14400, ""4h""),",runtime_contract_cadence_slug_mapping,This is the documented updown runtime-contract mapping from cadence seconds to Polymarket slug token; TOML must match it exactly.
147,yes,NO_POLICY_TERM,src/bolt_v3_market_families/updown.rs,string,"""binary_option""","const BINARY_OPTION_MARKET_CLASS: &str = ""binary_option"";",selected_market_contract_enum_value,"This is the selected-market contract market_class value for updown BinaryOption markets, not an operator runtime value."
148,yes,NO_POLICY_TERM,src/bolt_v3_market_families/updown.rs,string,"""condition_id""","const METADATA_CONDITION_ID_FIELD: &str = ""condition_id"";",selected_market_metadata_provenance_field,This is a canonical selected-market metadata-provenance field name sourced from NT BinaryOption metadata.
149,no,NO_POLICY_TERM,src/bolt_v3_market_families/updown.rs,string,"""family_key""","const METADATA_FAMILY_KEY_FIELD: &str = ""family_key"";",selected_market_metadata_provenance_field,This is a canonical selected-market metadata-provenance field name populated by the market-family binding.
150,no,NO_POLICY_TERM,src/bolt_v3_market_families/updown.rs,string,"""instrument_ids""","const METADATA_INSTRUMENT_IDS_FIELD: &str = ""instrument_ids"";",selected_market_metadata_provenance_field,This is a canonical selected-market metadata-provenance field name containing sorted market-complete NT instrument identifiers.
151,no,NO_POLICY_TERM,src/bolt_v3_market_families/updown.rs,string,"""market_class""","const METADATA_MARKET_CLASS_FIELD: &str = ""market_class"";",selected_market_metadata_provenance_field,This is a canonical selected-market metadata-provenance field name populated from the updown market-class contract.
152,no,NO_POLICY_TERM,src/bolt_v3_market_families/updown.rs,string,"""market_id""","const METADATA_MARKET_ID_FIELD: &str = ""market_id"";",selected_market_metadata_provenance_field,This is a canonical selected-market metadata-provenance field name sourced from NT BinaryOption metadata.
153,no,NO_POLICY_TERM,src/bolt_v3_market_families/updown.rs,string,"""market_slug""","const METADATA_MARKET_SLUG_FIELD: &str = ""market_slug"";",selected_market_metadata_provenance_field,This is a canonical selected-market metadata-provenance field name sourced from NT BinaryOption metadata.
154,yes,POLICY_TERM_CONFIG_OR_STRUCTURAL,src/bolt_v3_market_families/updown.rs,string,"""nt_instrument_metadata""","const NT_INSTRUMENT_METADATA_SOURCE_KIND: &str = ""nt_instrument_metadata"";",selected_market_metadata_source_kind,"This tags selected-market provenance as coming from NT instrument metadata, not from an operator runtime value."
155,no,NO_POLICY_TERM,src/bolt_v3_market_families/updown.rs,string,"""question_id""","const METADATA_QUESTION_ID_FIELD: &str = ""question_id"";",selected_market_metadata_provenance_field,This is a canonical selected-market metadata-provenance field name sourced from NT BinaryOption metadata.
156,no,NO_POLICY_TERM,src/bolt_v3_market_families/updown.rs,string,"""source_kind""","const METADATA_SOURCE_KIND_FIELD: &str = ""source_kind"";",selected_market_metadata_provenance_field,This is a canonical selected-market metadata-provenance field name that records the source family for the provenance payload.
157,no,NO_POLICY_TERM,src/bolt_v3_market_families/updown.rs,string,"""venue""","const METADATA_VENUE_FIELD: &str = ""venue"";",selected_market_metadata_provenance_field,This is a canonical selected-market metadata-provenance field name populated from the selected market's NT instrument venue.
158,yes,POLICY_TERM_CONFIG_OR_STRUCTURAL,src/bolt_v3_market_families/updown.rs,string,"""Down""","""Down"" => OutcomeSide::Down,",nt_binary_option_outcome_value,The updown market-family module owns the NautilusTrader BinaryOption outcome label for the down instrument; strategy code consumes typed selected-market facts.
159,no,POLICY_TERM_CONFIG_OR_STRUCTURAL,src/bolt_v3_market_families/updown.rs,string,"""Up""","""Up"" => OutcomeSide::Up,",nt_binary_option_outcome_value,The updown market-family module owns the NautilusTrader BinaryOption outcome label for the up instrument; strategy code consumes typed selected-market facts.
160,yes,NO_POLICY_TERM,src/bolt_v3_market_families/updown.rs,string,"""market_id""","market_id: info.get_str(""market_id"")?.to_string(),",nt_binary_option_metadata_key,The updown market-family module owns the NautilusTrader BinaryOption metadata key used to join both outcome instruments into one selected market.
161,no,POLICY_TERM_CONFIG_OR_STRUCTURAL,src/bolt_v3_market_families/updown.rs,string,"""market_slug""","if info.get_str(""market_slug"")? != expected_market_slug {",nt_binary_option_metadata_key,The updown market-family module owns the NautilusTrader BinaryOption metadata key used to match the TOML-derived market slug; strategy code must not read this key directly.
162,no,POLICY_TERM_CONFIG_OR_STRUCTURAL,src/bolt_v3_market_families/updown.rs,string,"""market_slug""","market_slug: info.get_str(""market_slug"")?.to_string(),",nt_binary_option_metadata_key,The updown market-family module owns the NautilusTrader BinaryOption metadata key copied into source-bound market-selection identity evidence; strategy/operator code must not read this key directly.
163,no,POLICY_TERM_CONFIG_OR_STRUCTURAL,src/bolt_v3_market_families/updown.rs,string,"""condition_id""","condition_id: info.get_str(""condition_id"")?.to_string(),",nt_binary_option_metadata_key,The updown market-family module owns this NautilusTrader BinaryOption metadata key for source-bound market-selection identity evidence; strategy/operator code must not read this key directly.
164,no,POLICY_TERM_CONFIG_OR_STRUCTURAL,src/bolt_v3_market_families/updown.rs,string,"""question_id""","question_id: info.get_str(""question_id"")?.to_string(),",nt_binary_option_metadata_key,The updown market-family module owns this NautilusTrader BinaryOption metadata key for source-bound market-selection identity evidence; strategy/operator code must not read this key directly.
165,yes,NO_POLICY_TERM,src/bolt_v3_market_families/updown.rs,string,"""target.cadence_secs""","cadence_seconds_source_field: ""target.cadence_secs"",",market_family_source_field_label,This labels the TOML field that supplied cadence seconds when projecting target runtime fields for diagnostics and evidence.
166,no,NO_POLICY_TERM,src/bolt_v3_market_families/updown.rs,string,"""updown period pair overflows i64 (now_unix_secs={now_unix_secs}, cadence_secs={cadence_secs})""","""updown period pair overflows i64 (now_unix_secs={now_unix_secs}, cadence_secs={cadence_secs})""",diagnostic_template,"This is an error-display template for period arithmetic overflow, not an operator runtime value."
167,yes,POLICY_TERM_CONFIG_OR_STRUCTURAL,src/bolt_v3_market_families/updown.rs,string,"""updown""","pub const KEY: &str = ""updown"";",market_family_dispatch_key,"This is the accepted market_family registry key for the currently implemented Bolt-v3 updown binding, not an operator-tunable runtime value."
168,no,NO_POLICY_TERM,src/bolt_v3_market_families/hyperliquid_instrument.rs,string,"""hyperliquid_instrument""","pub const KEY: &str = ""hyperliquid_instrument"";",market_family_dispatch_key,This is the accepted market_family registry key for static Hyperliquid instrument routing identity; instrument ids and product surfaces remain TOML-owned.
169,yes,NO_POLICY_TERM,src/bolt_v3_market_families/hyperliquid_instrument.rs,string,"""product_surface""","""product_surface"",",selected_market_metadata_field,This labels static Hyperliquid selected-market provenance; the product surface value remains TOML-owned.
170,no,NO_POLICY_TERM,src/bolt_v3_market_families/hyperliquid_instrument.rs,string,"""instrument_id""","(""instrument_id"", instrument_id.as_str()),",selected_market_metadata_field,This labels static Hyperliquid selected-market provenance; the instrument id value remains TOML-owned.
171,yes,NO_POLICY_TERM,src/bolt_v3_market_families/hyperliquid_instrument.rs,string,"""standard_perps""","ProductSurface::StandardPerps => ""standard_perps"",",hyperliquid_product_surface_label,This is the stable Hyperliquid product-surface label used for exact route/proof identity; the selected surface remains TOML-owned.
172,no,NO_POLICY_TERM,src/bolt_v3_market_families/hyperliquid_instrument.rs,string,"""spot""","ProductSurface::Spot => ""spot"",",hyperliquid_product_surface_label,This is the stable Hyperliquid product-surface label used for exact route/proof identity; the selected surface remains TOML-owned.
173,no,NO_POLICY_TERM,src/bolt_v3_market_families/hyperliquid_instrument.rs,string,"""hip3_builder_perps""","ProductSurface::Hip3BuilderPerps => ""hip3_builder_perps"",",hyperliquid_product_surface_label,This is the stable Hyperliquid product-surface label used for exact route/proof identity; the selected surface remains TOML-owned.
174,no,NO_POLICY_TERM,src/bolt_v3_market_families/hyperliquid_instrument.rs,string,"""hip4_outcomes""","ProductSurface::Hip4Outcomes => ""hip4_outcomes"",",hyperliquid_product_surface_label,This is the stable Hyperliquid product-surface label used for exact route/proof identity; the selected surface remains TOML-owned.
175,yes,NO_POLICY_TERM,src/bolt_v3_market_families/updown.rs,string,"""{asset_lower}-updown-{cadence_slug_token}-{period_start_unix_secs}""","""{asset_lower}-updown-{cadence_slug_token}-{period_start_unix_secs}"",",runtime_contract_slug_template,"This is the accepted runtime-contract slug template for the updown market family, derived from validated TOML target identity including the config-owned cadence slug token."
176,yes,POLICY_TERM_CONFIG_OR_STRUCTURAL,src/bolt_v3_providers/binance.rs,string,"""BINANCE""","pub const KEY: &str = ""BINANCE"";",provider_dispatch_key,"This is the accepted NT `Venue` identifier (uppercase) for the Binance venue binding, not an operator-tunable runtime value."
177,yes,NO_POLICY_TERM,src/bolt_v3_providers/binance.rs,string,"""BINANCE-SHAPE-CHECK""","Ed25519Credential::new(""BINANCE-SHAPE-CHECK"".to_string(), api_secret)",provider_secret_shape_check_label,This dummy account label is used only to ask the NT Binance credential parser to validate resolved Ed25519 secret shape; it is not a runtime account id.
178,yes,NO_POLICY_TERM,src/bolt_v3_providers/binance.rs,string,"""BINANCE_API_KEY""","""BINANCE_API_KEY"",",forbidden_environment_variable,Runtime contract Section 3 requires rejecting canonical Binance environment-variable secret fallbacks before NT client construction.
179,no,NO_POLICY_TERM,src/bolt_v3_providers/binance.rs,string,"""BINANCE_API_SECRET""","""BINANCE_API_SECRET"",",forbidden_environment_variable,Runtime contract Section 3 requires rejecting canonical Binance environment-variable secret fallbacks before NT client construction.
180,no,NO_POLICY_TERM,src/bolt_v3_providers/binance.rs,string,"""BINANCE_ED25519_API_KEY""","""BINANCE_ED25519_API_KEY"",",forbidden_environment_variable,Runtime contract Section 3 requires rejecting canonical Binance environment-variable secret fallbacks before NT client construction.
181,no,NO_POLICY_TERM,src/bolt_v3_providers/binance.rs,string,"""BINANCE_ED25519_API_SECRET""","""BINANCE_ED25519_API_SECRET"",",forbidden_environment_variable,Runtime contract Section 3 requires rejecting canonical Binance environment-variable secret fallbacks before NT client construction.
182,no,POLICY_TERM_CONFIG_OR_STRUCTURAL,src/bolt_v3_providers/binance.rs,string,"""BINANCE_TESTNET_API_KEY""","""BINANCE_TESTNET_API_KEY"",",forbidden_environment_variable,Runtime contract Section 3: NT resolve_credentials reads this Spot/Margin/Options testnet key var (crates/adapters/binance/src/common/credential.rs); blocking it closes the testnet defense-in-depth gap.
183,no,POLICY_TERM_CONFIG_OR_STRUCTURAL,src/bolt_v3_providers/binance.rs,string,"""BINANCE_TESTNET_API_SECRET""","""BINANCE_TESTNET_API_SECRET"",",forbidden_environment_variable,Runtime contract Section 3: NT resolve_credentials reads this Spot/Margin/Options testnet secret var (crates/adapters/binance/src/common/credential.rs); blocking it closes the testnet defense-in-depth gap.
184,no,POLICY_TERM_CONFIG_OR_STRUCTURAL,src/bolt_v3_providers/binance.rs,string,"""BINANCE_TESTNET_ED25519_API_KEY""","""BINANCE_TESTNET_ED25519_API_KEY"",",forbidden_environment_variable,"Runtime contract Section 3: NT resolve_credentials reads this deprecated testnet Ed25519 key var via std::env::var (crates/adapters/binance/src/common/credential.rs) before the deprecation error, so it must be rejected as a secret fallback."
185,no,POLICY_TERM_CONFIG_OR_STRUCTURAL,src/bolt_v3_providers/binance.rs,string,"""BINANCE_TESTNET_ED25519_API_SECRET""","""BINANCE_TESTNET_ED25519_API_SECRET"",",forbidden_environment_variable,"Runtime contract Section 3: NT resolve_credentials reads this deprecated testnet Ed25519 secret var via std::env::var (crates/adapters/binance/src/common/credential.rs) before the deprecation error, so it must be rejected as a secret fallback."
186,no,POLICY_TERM_CONFIG_OR_STRUCTURAL,src/bolt_v3_providers/binance.rs,string,"""BINANCE_FUTURES_TESTNET_API_KEY""","""BINANCE_FUTURES_TESTNET_API_KEY"",",forbidden_environment_variable,Runtime contract Section 3: NT resolve_credentials reads this UsdM/CoinM futures-testnet key var (crates/adapters/binance/src/common/credential.rs); blocking it closes the futures-testnet defense-in-depth gap.
187,no,POLICY_TERM_CONFIG_OR_STRUCTURAL,src/bolt_v3_providers/binance.rs,string,"""BINANCE_FUTURES_TESTNET_API_SECRET""","""BINANCE_FUTURES_TESTNET_API_SECRET"",",forbidden_environment_variable,Runtime contract Section 3: NT resolve_credentials reads this UsdM/CoinM futures-testnet secret var (crates/adapters/binance/src/common/credential.rs); blocking it closes the futures-testnet defense-in-depth gap.
188,no,POLICY_TERM_CONFIG_OR_STRUCTURAL,src/bolt_v3_providers/binance.rs,string,"""BINANCE_FUTURES_TESTNET_ED25519_API_KEY""","""BINANCE_FUTURES_TESTNET_ED25519_API_KEY"",",forbidden_environment_variable,"Runtime contract Section 3: NT resolve_credentials reads this deprecated futures-testnet Ed25519 key var via std::env::var (crates/adapters/binance/src/common/credential.rs) before the deprecation warning, so it must be rejected as a secret fallback."
189,no,POLICY_TERM_CONFIG_OR_STRUCTURAL,src/bolt_v3_providers/binance.rs,string,"""BINANCE_FUTURES_TESTNET_ED25519_API_SECRET""","""BINANCE_FUTURES_TESTNET_ED25519_API_SECRET"",",forbidden_environment_variable,"Runtime contract Section 3: NT resolve_credentials reads this deprecated futures-testnet Ed25519 secret var via std::env::var (crates/adapters/binance/src/common/credential.rs) before the deprecation warning, so it must be rejected as a secret fallback."
190,no,POLICY_TERM_CONFIG_OR_STRUCTURAL,src/bolt_v3_providers/binance.rs,string,"""BINANCE_DEMO_API_KEY""","""BINANCE_DEMO_API_KEY"",",forbidden_environment_variable,Runtime contract Section 3: NT resolve_credentials reads this demo (all product types) key var (crates/adapters/binance/src/common/credential.rs); blocking it closes the demo defense-in-depth gap.
191,no,POLICY_TERM_CONFIG_OR_STRUCTURAL,src/bolt_v3_providers/binance.rs,string,"""BINANCE_DEMO_API_SECRET""","""BINANCE_DEMO_API_SECRET"",",forbidden_environment_variable,Runtime contract Section 3: NT resolve_credentials reads this demo (all product types) secret var (crates/adapters/binance/src/common/credential.rs); blocking it closes the demo defense-in-depth gap.
192,yes,POLICY_TERM_CONFIG_OR_STRUCTURAL,src/bolt_v3_providers/binance.rs,string,"""Binance reference-data client""","consumer: ""Binance reference-data client"",",provider_secret_requirement_label,This label explains the provider-owned credential-consuming block covered by the central required-[secrets] validation.
193,yes,NO_POLICY_TERM,src/bolt_v3_providers/binance.rs,string,"""base_url_http""","(""base_url_http"", data.base_url_http.as_str()),",validation_field_label,This label names the Binance data config URL field being validated for non-empty input.
194,no,NO_POLICY_TERM,src/bolt_v3_providers/binance.rs,string,"""base_url_ws""","(""base_url_ws"", data.base_url_ws.as_str()),",validation_field_label,This label names the Binance data config URL field being validated for non-empty input.
195,yes,POLICY_TERM_CONFIG_OR_STRUCTURAL,src/bolt_v3_providers/binance.rs,string,"""ws""","if !matches!(configured.scheme(), ""ws"" | ""wss"") {",websocket_url_scheme_protocol,"This is the URL scheme token required to recognize WebSocket config URLs before NT mapping, not an operator-owned endpoint, venue, id, quantity, timeout, or path value."
196,no,POLICY_TERM_CONFIG_OR_STRUCTURAL,src/bolt_v3_providers/binance.rs,string,"""wss""","if !matches!(configured.scheme(), ""ws"" | ""wss"") {",websocket_url_scheme_protocol,"This is the TLS WebSocket URL scheme token required to recognize WebSocket config URLs before NT mapping, not an operator-owned endpoint, venue, id, quantity, timeout, or path value."
197,yes,POLICY_TERM_CONFIG_OR_STRUCTURAL,src/bolt_v3_providers/binance.rs,string,"""://""","if !value[configured.scheme().len()..].starts_with(""://"") || !configured.has_host() {",url_authority_separator_protocol,"This is the URL authority separator required to reject hostless WebSocket config URLs before NT mapping, not an operator-owned endpoint, venue, id, quantity, timeout, or path value."
198,yes,NO_POLICY_TERM,src/bolt_v3_providers/binance.rs,string,"""nautilus_binance::common::credential""","pub const CREDENTIAL_LOG_MODULES: &[&str] = &[""nautilus_binance::common::credential""];",provider_credential_log_module,The Binance provider binding owns the NT credential-log module path that Bolt-v3 forces to WARN before LiveNode construction.
199,yes,NO_POLICY_TERM,src/bolt_v3_providers/mod.rs,string,"""data""","Self::Data => ""data"",",provider_secret_requirement_block_label,This label renders the provider credentialed-block enum variant in validation diagnostics.
200,no,NO_POLICY_TERM,src/bolt_v3_providers/mod.rs,string,"""execution""","Self::Execution => ""execution"",",provider_secret_requirement_block_label,This label renders the provider credentialed-block enum variant in validation diagnostics.
201,yes,POLICY_TERM_CONFIG_OR_STRUCTURAL,src/bolt_v3_providers/mod.rs,number,0,const EXTERNAL_SNAPSHOT_NO_REMAINING_RETRIES: u64 = 0;,retry_loop_control_constant,This is the terminal retry-counter value for provider snapshot confirmation loops; the operator-owned retry budget remains TOML-owned through execution.max_retries.
202,no,NO_POLICY_TERM,src/bolt_v3_providers/mod.rs,number,1,const EXTERNAL_SNAPSHOT_RETRY_DECREMENT: u64 = 1;,retry_loop_control_constant,This consumes one configured provider snapshot retry attempt per confirmation iteration; the retry budget and delay values remain TOML-owned.
203,yes,POLICY_TERM_CONFIG_OR_STRUCTURAL,src/bolt_v3_providers/mod.rs,string,"""clients.{client_key}.venue `{provider_key}` has no registered fee-provider binding""","""clients.{client_key}.venue `{provider_key}` has no registered fee-provider binding"",",provider_fee_binding_diagnostic,This diagnostic identifies a provider binding that intentionally lacks fee-provider capability; the runtime provider choice remains TOML-owned through clients.<id>.venue.
204,yes,NO_POLICY_TERM,src/bolt_v3_providers/mod.rs,string,"""clients.{client_key}.venue `{provider_key}` has no registered provider binding""","""clients.{client_key}.venue `{provider_key}` has no registered provider binding"",",provider_binding_diagnostic,This diagnostic identifies an unsupported provider key selected by TOML-owned clients.<id>.venue; it is not a hidden provider default.
205,yes,POLICY_TERM_CONFIG_OR_STRUCTURAL,src/bolt_v3_providers/polymarket.rs,number,4,const URL_SAFE_BASE64_BLOCK_WIDTH: usize = 4;,credential_encoding_width,This is the URL-safe base64 quantum width used only to normalize Polymarket API-secret padding before NT credential construction; it is not an operator runtime value.
206,yes,NO_POLICY_TERM,src/bolt_v3_providers/polymarket.rs,number,40,if rest.len() != 40 {,evm_address_syntax_gate,"This is the required 20-byte EVM address payload length after the 0x prefix, enforced before Polymarket execution credentials are accepted."
207,no,NO_POLICY_TERM,src/bolt_v3_providers/polymarket.rs,string,"""0x""","let rest = value.strip_prefix(""0x"").ok_or(""missing `0x` prefix"")?;",evm_address_syntax_gate,This is the required EVM hexadecimal address prefix enforced by Polymarket funder validation.
208,no,POLICY_TERM_CONFIG_OR_STRUCTURAL,src/bolt_v3_providers/polymarket.rs,string,"""POLYMARKET""","pub const KEY: &str = ""POLYMARKET"";",provider_dispatch_key,"This is the accepted NT `Venue` identifier (uppercase) for the Polymarket venue binding, not an operator-tunable runtime value."
209,no,NO_POLICY_TERM,src/bolt_v3_providers/polymarket.rs,string,"""POLYMARKET_API_KEY""","""POLYMARKET_API_KEY"",",forbidden_environment_variable,Runtime contract Section 3 requires rejecting canonical Polymarket environment-variable secret fallbacks before NT client construction.
210,no,NO_POLICY_TERM,src/bolt_v3_providers/polymarket.rs,string,"""POLYMARKET_API_SECRET""","""POLYMARKET_API_SECRET"",",forbidden_environment_variable,Runtime contract Section 3 requires rejecting canonical Polymarket environment-variable secret fallbacks before NT client construction.
211,no,NO_POLICY_TERM,src/bolt_v3_providers/polymarket.rs,string,"""POLYMARKET_FUNDER""","""POLYMARKET_FUNDER"",",forbidden_environment_variable,Runtime contract Section 3 requires rejecting canonical Polymarket environment-variable secret fallbacks before NT client construction.
212,no,NO_POLICY_TERM,src/bolt_v3_providers/polymarket.rs,string,"""POLYMARKET_PASSPHRASE""","""POLYMARKET_PASSPHRASE"",",forbidden_environment_variable,Runtime contract Section 3 requires rejecting canonical Polymarket environment-variable secret fallbacks before NT client construction.
213,no,NO_POLICY_TERM,src/bolt_v3_providers/polymarket.rs,string,"""POLYMARKET_PK""","""POLYMARKET_PK"",",forbidden_environment_variable,Runtime contract Section 3 requires rejecting canonical Polymarket environment-variable secret fallbacks before NT client construction.
214,no,POLICY_TERM_CONFIG_OR_STRUCTURAL,src/bolt_v3_providers/polymarket.rs,string,"""Polymarket execution client""","consumer: ""Polymarket execution client"",",provider_secret_requirement_label,This label explains the provider-owned credential-consuming block covered by the central required-[secrets] validation.
215,no,POLICY_TERM_CONFIG_OR_STRUCTURAL,src/bolt_v3_providers/polymarket.rs,string,"""ack_timeout_secs""","(""ack_timeout_secs"", execution.ack_timeout_secs),",validation_field_label,This label names the Polymarket execution config field being validated in a positive-integer check.
216,yes,NO_POLICY_TERM,src/bolt_v3_providers/polymarket.rs,string,"""auto_load_debounce_ms""","(""auto_load_debounce_ms"", data.auto_load_debounce_ms),",provider_data_field_name,This literal names the NT PolymarketDataClientConfig field exposed in `[clients.<id>.data]` validation; the value itself is TOML-owned.
217,no,POLICY_TERM_CONFIG_OR_STRUCTURAL,src/bolt_v3_providers/polymarket.rs,string,"""auto_load_max_retries""","(""auto_load_max_retries"", data.auto_load_max_retries as u64),",validation_field_label,This label names the Polymarket data auto-load retry config field being validated in a positive-integer check.
218,no,NO_POLICY_TERM,src/bolt_v3_providers/polymarket.rs,string,"""auto_load_retry_delay_initial_secs""","""auto_load_retry_delay_initial_secs"",",validation_field_label,This label names the Polymarket data auto-load initial retry-delay config field being validated in a positive-integer check.
219,no,POLICY_TERM_CONFIG_OR_STRUCTURAL,src/bolt_v3_providers/polymarket.rs,string,"""auto_load_retry_delay_max_secs""","""auto_load_retry_delay_max_secs"",",validation_field_label,This label names the Polymarket data auto-load max retry-delay config field being validated in a positive-integer check.
220,no,POLICY_TERM_CONFIG_OR_STRUCTURAL,src/bolt_v3_providers/polymarket.rs,string,"""fee_cache_ttl_secs""","(""fee_cache_ttl_secs"", execution.fee_cache_ttl_secs),",validation_field_label,This label names the Polymarket execution config field being validated in a positive-integer check; the value itself is TOML-owned.
221,yes,POLICY_TERM_CONFIG_OR_STRUCTURAL,src/bolt_v3_providers/polymarket/fees.rs,number,10_000,const ENTRY_FEE_BPS_SCALE: i64 = 10_000;,fee_bps_unit_scale,This is the fixed basis-points unit scale used to convert NT pUSD commission into entry-fee bps; it is not an operator runtime value.
222,no,POLICY_TERM_CONFIG_OR_STRUCTURAL,src/bolt_v3_submit_admission.rs,number,10_000,const SUBMIT_ADMISSION_BPS_DENOMINATOR: u32 = 10_000;,fee_bps_unit_scale,This is the fixed basis-points unit scale used to convert a source-provided fee bound into fee-inclusive submit admission notional; it is not an operator runtime value.
223,no,POLICY_TERM_CONFIG_OR_STRUCTURAL,src/bolt_v3_providers/polymarket.rs,string,"""http_timeout_secs""","(""http_timeout_secs"", data.http_timeout_secs),",validation_field_label,This label names the Polymarket data config field being validated in a positive-integer check.
224,no,POLICY_TERM_CONFIG_OR_STRUCTURAL,src/bolt_v3_providers/polymarket.rs,string,"""http_timeout_secs""","(""http_timeout_secs"", execution.http_timeout_secs),",validation_field_label,This label names the Polymarket execution config field being validated in a positive-integer check.
225,yes,POLICY_TERM_CONFIG_OR_STRUCTURAL,src/bolt_v3_providers/polymarket.rs,string,"""http://""","if !cfg.base_url_http.starts_with(""http://"") && !cfg.base_url_http.starts_with(""https://"") {",url_scheme_validation_literal,This is the accepted HTTP URL scheme prefix used to fail closed on malformed TOML-owned Polymarket fee-provider URLs before NT client construction.
226,no,POLICY_TERM_CONFIG_OR_STRUCTURAL,src/bolt_v3_providers/polymarket.rs,string,"""https://""","if !cfg.base_url_http.starts_with(""http://"") && !cfg.base_url_http.starts_with(""https://"") {",url_scheme_validation_literal,This is the accepted HTTPS URL scheme prefix used to fail closed on malformed TOML-owned Polymarket fee-provider URLs before NT client construction.
227,no,POLICY_TERM_CONFIG_OR_STRUCTURAL,src/bolt_v3_providers/polymarket.rs,string,"""max_retries""","(""max_retries"", execution.max_retries),",validation_field_label,This label names the Polymarket execution config field being validated in a positive-integer check.
228,no,NO_POLICY_TERM,src/bolt_v3_providers/polymarket.rs,string,"""nautilus_polymarket::common::credential""","pub const CREDENTIAL_LOG_MODULES: &[&str] = &[""nautilus_polymarket::common::credential""];",provider_credential_log_module,The Polymarket provider binding owns the NT credential-log module path that Bolt-v3 forces to WARN before LiveNode construction.
229,no,NO_POLICY_TERM,src/bolt_v3_providers/polymarket.rs,string,"""retry_delay_initial_ms""","(""retry_delay_initial_ms"", execution.retry_delay_initial_ms),",validation_field_label,This label names the Polymarket execution config field being validated in a positive-integer check.
230,no,POLICY_TERM_CONFIG_OR_STRUCTURAL,src/bolt_v3_providers/polymarket.rs,string,"""retry_delay_max_ms""","(""retry_delay_max_ms"", execution.retry_delay_max_ms),",validation_field_label,This label names the Polymarket execution config field being validated in a positive-integer check.
231,no,POLICY_TERM_CONFIG_OR_STRUCTURAL,src/bolt_v3_providers/polymarket.rs,string,"""update_instruments_interval_mins""","""update_instruments_interval_mins"",",validation_field_label,This label names the Polymarket data config field being validated in a positive-integer check.
232,no,POLICY_TERM_CONFIG_OR_STRUCTURAL,src/bolt_v3_providers/polymarket.rs,string,"""ws_max_subscriptions""","(""ws_max_subscriptions"", data.ws_max_subscriptions),",validation_field_label,This label names the Polymarket data config field being validated in a positive-integer check.
233,no,POLICY_TERM_CONFIG_OR_STRUCTURAL,src/bolt_v3_providers/polymarket.rs,string,"""ws_timeout_secs""","(""ws_timeout_secs"", data.ws_timeout_secs),",validation_field_label,This label names the Polymarket data config field being validated in a positive-integer check.
234,yes,NO_POLICY_TERM,src/bolt_v3_readiness.rs,string,"""built NT LiveNode without connecting clients""","""built NT LiveNode without connecting clients"",",startup_readiness_diagnostic_template,"This message renders the final no-connect LiveNode build fact for the startup readiness report; it is diagnostic output, not an operator runtime value."
235,no,NO_POLICY_TERM,src/bolt_v3_readiness.rs,string,"""created NT LiveNodeBuilder from bolt-v3 config""","""created NT LiveNodeBuilder from bolt-v3 config"",",startup_readiness_diagnostic_template,"This message renders the LiveNodeBuilder construction fact for the startup readiness report; it is diagnostic output, not an operator runtime value."
236,no,NO_POLICY_TERM,src/bolt_v3_readiness.rs,string,"""mapped adapter configs for client `{client_key}`: data={} execution={}""","""mapped adapter configs for client `{client_key}`: data={} execution={}"",",startup_readiness_diagnostic_template,"This template renders the adapter-mapping fact with client key and data/execution presence booleans; it is diagnostic output, not an operator runtime value."
237,no,NO_POLICY_TERM,src/bolt_v3_readiness.rs,string,"""no NT clients registered because no clients are configured""","""no NT clients registered because no clients are configured"",",startup_readiness_diagnostic_template,"This message renders the root-level client-registration fact when no clients exist; it is diagnostic output, not an operator runtime value."
238,no,NO_POLICY_TERM,src/bolt_v3_readiness.rs,string,"""no client adapter configs mapped""","""no client adapter configs mapped"",",startup_readiness_diagnostic_template,"This message renders the root-level adapter-mapping fact when no clients produce adapter configs; it is diagnostic output, not an operator runtime value."
239,no,NO_POLICY_TERM,src/bolt_v3_readiness.rs,string,"""no client secrets configured""","""no client secrets configured"",",startup_readiness_diagnostic_template,"This message renders the root-level secret-resolution fact when no client has secrets to resolve; it is diagnostic output, not an operator runtime value."
240,no,NO_POLICY_TERM,src/bolt_v3_readiness.rs,string,"""registered NT clients for client `{client_key}`: data={} execution={}""","""registered NT clients for client `{client_key}`: data={} execution={}"",",startup_readiness_diagnostic_template,"This template renders the client-registration fact with client key and registered client presence booleans; it is diagnostic output, not an operator runtime value."
241,no,NO_POLICY_TERM,src/bolt_v3_secrets.rs,string,"""clients.{client_key}.secrets.{field}: {source}""","""clients.{client_key}.secrets.{field}: {source}"",",diagnostic_template,"This is an error-display template for a failed SSM secret resolution without an exposed path, not an operator runtime value."
242,yes,POLICY_TERM_CONFIG_OR_STRUCTURAL,src/bolt_v3_submit_admission.rs,number,0,"admitted_order_count: 0,",submit_admission_counter_identity,The submit admission counter starts empty for each fresh submit-admission runtime state; the operator-provided cap comes from validated live submit approval limits.
243,yes,POLICY_TERM_CONFIG_OR_STRUCTURAL,src/bolt_v3_submit_admission.rs,number,1,let Some(next_admitted_order_count) = inner.admitted_order_count.checked_add(1) else {,submit_admission_counter_increment,Each admitted live submit consumes exactly one order-count slot from the operator-provided gate cap.
244,no,POLICY_TERM_CONFIG_OR_STRUCTURAL,src/bolt_v3_submit_admission.rs,number,1,let Some(next_execution_client_count) = current_execution_client_count.checked_add(1),submit_admission_counter_increment,Each admitted order for an approved execution client consumes exactly one slot from that client's consumed live-submit approval artifact.
245,no,POLICY_TERM_CONFIG_OR_STRUCTURAL,src/bolt_v3_submit_admission.rs,number,1,.checked_add(1),submit_admission_counter_increment,Each admitted forced-reduction order consumes exactly one live forced-reduction counter slot from the kill-switch policy cap.
246,no,POLICY_TERM_CONFIG_OR_STRUCTURAL,src/bolt_v3_submit_admission.rs,number,0,.unwrap_or(0);,submit_admission_counter_identity,A missing per-client live-submit approval counter means no orders have been admitted for that execution client yet; the cap remains artifact-owned.
247,no,POLICY_TERM_CONFIG_OR_STRUCTURAL,src/bolt_v3_submit_admission.rs,number,0,remove_execution_client = *count == 0;,submit_admission_counter_identity,A per-client counter at zero has no remaining consumed approvals and is removed from the sparse counter map.
248,no,POLICY_TERM_CONFIG_OR_STRUCTURAL,src/bolt_v3_submit_admission.rs,string,"""bolt-v3 submit admission lifecycle policy disallows {intent:?} submit""","""bolt-v3 submit admission lifecycle policy disallows {intent:?} submit""",diagnostic_template,"This is an error-display template for a submit lifecycle policy rejection; the rejected intent is computed from typed admission state, not an operator runtime value."
249,yes,NO_POLICY_TERM,src/bolt_v3_validate.rs,number,2,pub const SUPPORTED_ROOT_SCHEMA_VERSION: u32 = 2;,schema_version_gate,"The schema version is a structural compatibility gate, not an operator runtime value."
250,yes,POLICY_TERM_CONFIG_OR_STRUCTURAL,src/bolt_v3_validate.rs,number,3600,const SECONDS_PER_HOUR: u64 = 3600;,time_unit_conversion,"Seconds-per-hour named constant converting an HH:MM:SS rate-limit interval into whole seconds for the venue egress reconciliation; a fixed unit conversion, not an operator runtime value."
251,no,POLICY_TERM_CONFIG_OR_STRUCTURAL,src/bolt_v3_validate.rs,number,60,const SECONDS_PER_MINUTE: u64 = 60;,time_unit_conversion,"Seconds-per-minute named constant converting an HH:MM:SS rate-limit interval into whole seconds and scaling the per-minute REST egress cap; a fixed unit conversion, not an operator runtime value."
252,no,POLICY_TERM_CONFIG_OR_STRUCTURAL,src/bolt_v3_validate.rs,number,2,pub const SUPPORTED_STRATEGY_SCHEMA_VERSION: u32 = 2;,schema_version_gate,"The strategy schema version is a structural compatibility gate, not an operator runtime value."
253,yes,POLICY_TERM_CONFIG_OR_STRUCTURAL,src/bolt_v3_validate.rs,number,0,.is_none_or(|value| value == 0),config_validation_zero_rejection,Zero is the invalid lower-bound sentinel for the TOML-owned active position PnL entry cap; runtime capacity is still provided by config and must be positive.
254,no,POLICY_TERM_CONFIG_OR_STRUCTURAL,src/bolt_v3_validate.rs,number,0,.is_some_and(|min_free_bytes| min_free_bytes == 0),config_validation_zero_rejection,Zero is the invalid lower-bound sentinel for the TOML-owned live storage free-space floor; runtime capacity is still provided by config and must be positive.
255,yes,POLICY_TERM_CONFIG_OR_STRUCTURAL,src/bolt_v3_providers/polymarket.rs,number,2,pub const MAX_REST_REQUESTS_PER_ORDER_COMMAND: u32 = 2;,venue_capability_constant,"Worst-case REST requests a single NT order command issues against Polymarket (market submit = get_book + post_order = 2), sourced from the pinned NT adapter submitter; a fixed venue-capability constant that derates the egress reconciliation, not an operator runtime value."
256,yes,POLICY_TERM_CONFIG_OR_STRUCTURAL,src/bolt_v3_validate.rs,string,"""feed_bindings""","const CHAINLINK_DATA_STREAMS_FEED_BINDINGS_FIELD: &str = ""feed_bindings"";",gate_provider_schema_field,This is the Chainlink feed-binding table key in root gate provider TOML; feed values remain TOML-owned.
257,yes,NO_POLICY_TERM,src/bolt_v3_validate.rs,string,"""endpoint_id""","const CHAINLINK_DATA_STREAMS_ENDPOINT_ID_FIELD: &str = ""endpoint_id"";",chainlink_data_streams_toml_field,This names the TOML-owned Chainlink endpoint identifier field validated at startup; the endpoint identifier value remains config-owned.
258,no,POLICY_TERM_CONFIG_OR_STRUCTURAL,src/bolt_v3_validate.rs,string,"""resolution_identity""","const CHAINLINK_DATA_STREAMS_RESOLUTION_IDENTITY_FIELD: &str = ""resolution_identity"";",gate_provider_schema_field,This is the Chainlink feed-binding resolution identity key; identity values remain TOML-owned.
259,no,POLICY_TERM_CONFIG_OR_STRUCTURAL,src/bolt_v3_validate.rs,string,"""value_kind""","const CHAINLINK_DATA_STREAMS_VALUE_KIND_FIELD: &str = ""value_kind"";",gate_provider_schema_field,This is the Chainlink feed-binding value-kind key; value-kind values remain TOML-owned.
260,no,POLICY_TERM_CONFIG_OR_STRUCTURAL,src/bolt_v3_validate.rs,string,"""feed_id""","const CHAINLINK_DATA_STREAMS_FEED_ID_FIELD: &str = ""feed_id"";",gate_provider_schema_field,This is the Chainlink feed id schema key; feed id values remain TOML-owned.
261,no,NO_POLICY_TERM,src/bolt_v3_validate.rs,string,"""report_schema_version""","const CHAINLINK_DATA_STREAMS_REPORT_SCHEMA_VERSION_FIELD: &str = ""report_schema_version"";",gate_provider_schema_field,This is the Chainlink report schema-version schema key; schema-version values remain TOML-owned.
262,no,NO_POLICY_TERM,src/bolt_v3_validate.rs,string,"""report_decimal_scale""","const CHAINLINK_DATA_STREAMS_REPORT_DECIMAL_SCALE_FIELD: &str = ""report_decimal_scale"";",gate_provider_schema_field,This is the Chainlink report decimal-scale schema key; decimal-scale values remain TOML-owned.
263,yes,POLICY_TERM_CONFIG_OR_STRUCTURAL,src/bolt_v3_validate.rs,string,"""{binding_context} duplicates resolution_identity `{resolution_identity}` and value_kind `{value_kind}`""","""{binding_context} duplicates resolution_identity `{resolution_identity}` and value_kind `{value_kind}`""",gate_provider_validation_diagnostic_template,This validation diagnostic rejects duplicate Chainlink feed bindings; it is not a runtime source value.
264,yes,NO_POLICY_TERM,src/bolt_v3_validate.rs,number,0,.is_none_or(|value| value <= 0),gate_provider_positive_integer_guard,This rejects zero or negative Chainlink report schema/scale values before provider config use.
265,yes,POLICY_TERM_CONFIG_OR_STRUCTURAL,src/bolt_v3_validate.rs,number,66,value.len() == 66,chainlink_feed_id_shape_guard,This validates the configured Chainlink feed id shape; the feed id value remains TOML-owned.
266,no,POLICY_TERM_CONFIG_OR_STRUCTURAL,src/bolt_v3_validate.rs,string,"""0x""","&& value.starts_with(""0x"")",chainlink_feed_id_shape_guard,This validates the configured Chainlink feed id hex prefix; the feed id value remains TOML-owned.
267,no,POLICY_TERM_CONFIG_OR_STRUCTURAL,src/bolt_v3_validate.rs,number,2,&& value[2..],chainlink_feed_id_shape_guard,This skips the Chainlink feed id hex prefix while validating shape; it is not an operator runtime value.
268,yes,POLICY_TERM_CONFIG_OR_STRUCTURAL,src/bolt_v3_validate.rs,number,60,if minutes >= 60 {,rate_limit_parser_clock_bound,The Bolt-v3 rate-limit parser enforces conventional HH:MM:SS minute bounds before NT config build validation.
269,no,POLICY_TERM_CONFIG_OR_STRUCTURAL,src/bolt_v3_validate.rs,number,60,if seconds >= 60 {,rate_limit_parser_clock_bound,The Bolt-v3 rate-limit parser enforces conventional HH:MM:SS second bounds before NT config build validation.
270,yes,POLICY_TERM_CONFIG_OR_STRUCTURAL,src/bounded_config_read.rs,number,1,const OVERSIZE_DETECTION_EXTRA_BYTE: u64 = 1;,config_file_read_safety_sentinel,The reader takes one byte beyond the safety limit to detect oversized config files without unbounded reads.
271,yes,POLICY_TERM_CONFIG_OR_STRUCTURAL,src/bounded_config_read.rs,number,1_048_576,pub(crate) const CONFIG_FILE_SIZE_LIMIT_BYTES: u64 = 1_048_576;,config_file_read_safety_limit,"This is a bounded-read safety limit applied before TOML can be parsed, not a trading runtime value or operator policy."
272,yes,POLICY_TERM_CONFIG_OR_STRUCTURAL,src/bounded_config_read.rs,string,"""{} exceeds config file size limit {limit} bytes (read at least {length} bytes)""","""{} exceeds config file size limit {limit} bytes (read at least {length} bytes)"",",config_file_read_diagnostic_template,This reports the bounded-read safety failure without carrying an operator runtime value.
273,yes,NO_POLICY_TERM,src/execution_state.rs,string,"""events.jsonl""","const EVENTS_JSONL_FILE: &str = ""events.jsonl"";",execution_state_sidecar_schema,"This is the stable execution-state sidecar file name consumed by the lake conversion path, not an operator runtime value."
274,no,NO_POLICY_TERM,src/execution_state.rs,string,"""part-0.parquet""","const PART_ZERO_PARQUET_FILE: &str = ""part-0.parquet"";",execution_state_sidecar_schema,"This is the stable single-part execution-state parquet filename emitted by the lake conversion path, not an operator runtime value."
275,yes,NO_POLICY_TERM,src/lake_batch.rs,string,""".{file_name}.tmp-{}-{}""",""".{file_name}.tmp-{}-{}"",",lake_batch_filesystem_template,"This formats private temp filenames for atomic report writes, not an operator runtime value."
276,no,NO_POLICY_TERM,src/lake_batch.rs,string,""".{output_root_name}.staging-{}-{suffix}""",""".{output_root_name}.staging-{}-{suffix}"",",lake_batch_filesystem_template,"This formats private staging directory names for atomic lake conversion output, not an operator runtime value."
277,yes,NO_POLICY_TERM,src/lake_batch.rs,string,"""://""","const LOCAL_PATH_URI_MARKER: &str = ""://"";",local_path_uri_rejection_marker,"This rejects URI-like lake converter paths so conversion stays on local filesystem input/output, not an operator runtime value."
278,yes,NO_POLICY_TERM,src/lake_batch.rs,string,"""IndexPriceUpdate""","const NT_TYPE_INDEX_PRICE_UPDATE: &str = ""IndexPriceUpdate"";",nt_persistence_type_name,"This is the NautilusTrader persistence metadata type name required to decode index price Arrow batches, not an operator runtime value."
279,no,NO_POLICY_TERM,src/lake_batch.rs,string,"""InstrumentClose""","const NT_TYPE_INSTRUMENT_CLOSE: &str = ""InstrumentClose"";",nt_persistence_type_name,"This is the NautilusTrader persistence metadata type name required to decode instrument close Arrow batches, not an operator runtime value."
280,no,NO_POLICY_TERM,src/lake_batch.rs,string,"""MarkPriceUpdate""","const NT_TYPE_MARK_PRICE_UPDATE: &str = ""MarkPriceUpdate"";",nt_persistence_type_name,"This is the NautilusTrader persistence metadata type name required to decode mark price Arrow batches, not an operator runtime value."
281,no,POLICY_TERM_CONFIG_OR_STRUCTURAL,src/lake_batch.rs,string,"""OrderBookDelta""","const NT_TYPE_ORDER_BOOK_DELTA: &str = ""OrderBookDelta"";",nt_persistence_type_name,"This is the NautilusTrader persistence metadata type name required to decode order book delta Arrow batches, not an operator runtime value."
282,no,POLICY_TERM_CONFIG_OR_STRUCTURAL,src/lake_batch.rs,string,"""OrderBookDepth10""","const NT_TYPE_ORDER_BOOK_DEPTH_10: &str = ""OrderBookDepth10"";",nt_persistence_type_name,"This is the NautilusTrader persistence metadata type name required to decode depth-10 Arrow batches, not an operator runtime value."
283,no,POLICY_TERM_CONFIG_OR_STRUCTURAL,src/lake_batch.rs,string,"""QuoteTick""","const NT_TYPE_QUOTE_TICK: &str = ""QuoteTick"";",nt_persistence_type_name,"This is the NautilusTrader persistence metadata type name required to decode quote tick Arrow batches, not an operator runtime value."
284,no,NO_POLICY_TERM,src/lake_batch.rs,string,"""TradeTick""","const NT_TYPE_TRADE_TICK: &str = ""TradeTick"";",nt_persistence_type_name,"This is the NautilusTrader persistence metadata type name required to decode trade tick Arrow batches, not an operator runtime value."
285,yes,NO_POLICY_TERM,src/lake_batch.rs,string,"""catalog_path""","const CATALOG_PATH_LABEL: &str = ""catalog_path"";",lake_path_argument_label,"This labels a converter path argument in diagnostics only, not an operator runtime value."
286,yes,POLICY_TERM_CONFIG_OR_STRUCTURAL,src/lake_batch.rs,string,"""class is disabled but spool data is present""","const CLASS_DISABLED_SPOOL_REASON: &str = ""class is disabled but spool data is present"";",completeness_report_reason,"This is a stable completeness report reason for disabled stream data appearing in spool output, not an operator runtime value."
287,yes,NO_POLICY_TERM,src/lake_batch.rs,string,"""completeness_report.json""","const COMPLETENESS_REPORT_FILE: &str = ""completeness_report.json"";",lake_report_filename,"This is the stable lake completeness report filename written beside converted parquet output, not an operator runtime value."
288,yes,POLICY_TERM_CONFIG_OR_STRUCTURAL,src/lake_batch.rs,string,"""feather""","const FEATHER_EXTENSION: &str = ""feather"";",nt_lake_layout_key,"This is the file extension for captured Arrow IPC spool files consumed by the lake converter, not an operator runtime value."
289,yes,NO_POLICY_TERM,src/lake_batch.rs,string,"""instruments""","""instruments"",",nt_spool_infrastructure_dir,"This is a NautilusTrader catalog infrastructure directory allowed beside stream-class spool dirs, not an operator runtime value."
290,no,NO_POLICY_TERM,src/lake_batch.rs,string,"""live""","const LIVE_SPOOL_DIR: &str = ""live"";",nt_lake_layout_key,"This is the NautilusTrader live spool directory name in the catalog layout, not an operator runtime value."
291,no,NO_POLICY_TERM,src/lake_batch.rs,string,"""no_spool_data""","const NO_SPOOL_DATA_REASON: &str = ""no_spool_data"";",completeness_report_reason,"This is a stable completeness report reason for absent required stream data, not an operator runtime value."
292,yes,POLICY_TERM_CONFIG_OR_STRUCTURAL,src/lake_batch.rs,string,"""output_root `{output_root_name}` is locked by another run or a stale lock file may remain: {}. If no conversion is active for this output_root, remove the lock file and retry.""","""output_root `{output_root_name}` is locked by another run or a stale lock file may remain: {}. If no conversion is active for this output_root, remove the lock file and retry."",",lake_batch_diagnostic_template,"This diagnostic reports converter lock contention and cleanup guidance, not an operator runtime value."
293,no,NO_POLICY_TERM,src/lake_batch.rs,string,"""output_root""","const OUTPUT_ROOT_LABEL: &str = ""output_root"";",lake_path_argument_label,"This labels a converter path argument in diagnostics only, not an operator runtime value."
294,no,POLICY_TERM_CONFIG_OR_STRUCTURAL,src/lake_batch.rs,string,"""stale staging directory present for output_root `{output_root_name}`: {}""","""stale staging directory present for output_root `{output_root_name}`: {}"",",lake_batch_diagnostic_template,"This diagnostic reports a stale staging directory before conversion mutates output, not an operator runtime value."
295,no,NO_POLICY_TERM,src/lake_batch.rs,string,"""status""","""status"",",nt_spool_infrastructure_dir,"This is a NautilusTrader catalog infrastructure directory allowed beside stream-class spool dirs, not an operator runtime value."
296,yes,NO_POLICY_TERM,src/lake_batch.rs,string,"""type_name""","const PARQUET_TYPE_NAME_METADATA_KEY: &str = ""type_name"";",nt_persistence_metadata_key,"This is the NautilusTrader Arrow metadata key used by the persistence decoder, not an operator runtime value."
297,no,NO_POLICY_TERM,src/lake_batch.rs,string,"""unable to find existing ancestor for {}""","""unable to find existing ancestor for {}"",",lake_batch_diagnostic_template,"This diagnostic reports a path-normalization failure for lake output, not an operator runtime value."
298,yes,NO_POLICY_TERM,src/log_sweep.rs,number,0u32,let mut moved = 0u32;,log_sweep_counter_state,"This initializes an in-memory moved-file counter for diagnostics, not an operator runtime value."
299,no,NO_POLICY_TERM,src/log_sweep.rs,number,1,"Ok(()) => moved += 1,",log_sweep_counter_state,"This increments an in-memory moved-file counter for diagnostics, not an operator runtime value."
300,yes,NO_POLICY_TERM,src/log_sweep.rs,number,1,let suffix = &stem[separator_index + 1..];,log_filename_separator_offset,"This steps past the matched underscore separator while parsing a NautilusTrader log filename, not an operator runtime value."
301,no,NO_POLICY_TERM,src/log_sweep.rs,number,1,moved += 1;,log_sweep_counter_state,"This increments an in-memory moved-file counter for diagnostics, not an operator runtime value."
302,yes,POLICY_TERM_CONFIG_OR_STRUCTURAL,src/log_sweep.rs,number,13,"const UUID_DASH_POSITIONS: [usize; 4] = [8, 13, 18, 23];",uuid_text_shape,"This is a UUID dash offset used to recognize NautilusTrader log filenames, not an operator runtime value."
303,yes,NO_POLICY_TERM,src/log_sweep.rs,number,18,Err(e) if e.raw_os_error() == Some(18) => {,cross_filesystem_rename_errno,"This is the POSIX EXDEV errno used to detect cross-filesystem rename fallback, not an operator runtime value."
304,no,POLICY_TERM_CONFIG_OR_STRUCTURAL,src/log_sweep.rs,number,18,"const UUID_DASH_POSITIONS: [usize; 4] = [8, 13, 18, 23];",uuid_text_shape,"This is a UUID dash offset used to recognize NautilusTrader log filenames, not an operator runtime value."
305,no,POLICY_TERM_CONFIG_OR_STRUCTURAL,src/log_sweep.rs,number,23,"const UUID_DASH_POSITIONS: [usize; 4] = [8, 13, 18, 23];",uuid_text_shape,"This is a UUID dash offset used to recognize NautilusTrader log filenames, not an operator runtime value."
306,no,POLICY_TERM_CONFIG_OR_STRUCTURAL,src/log_sweep.rs,number,36,const UUID_TEXT_LEN: usize = 36;,uuid_text_shape,"This is the UUID text length used to recognize NautilusTrader log filenames, not an operator runtime value."
307,no,POLICY_TERM_CONFIG_OR_STRUCTURAL,src/log_sweep.rs,number,4,"const UUID_DASH_POSITIONS: [usize; 4] = [8, 13, 18, 23];",uuid_text_shape,"This is the UUID dash-position count used to recognize NautilusTrader log filenames, not an operator runtime value."
308,no,POLICY_TERM_CONFIG_OR_STRUCTURAL,src/log_sweep.rs,number,8,"const UUID_DASH_POSITIONS: [usize; 4] = [8, 13, 18, 23];",uuid_text_shape,"This is a UUID dash offset used to recognize NautilusTrader log filenames, not an operator runtime value."
309,yes,NO_POLICY_TERM,src/log_sweep.rs,string,"""%Y-%m-%d""","const NT_LOG_DATE_FORMAT: &str = ""%Y-%m-%d"";",nt_log_filename_format,"This is the NautilusTrader log filename date token parsed for archive selection, not an operator runtime value."
310,yes,NO_POLICY_TERM,src/log_sweep.rs,string,""".json""","None => match name.strip_suffix("".json"") {",nt_log_filename_extension,"This is a NautilusTrader JSON log filename extension recognized for archive selection, not an operator runtime value."
311,no,NO_POLICY_TERM,src/log_sweep.rs,string,""".log""","let stem = match name.strip_suffix("".log"") {",nt_log_filename_extension,"This is a NautilusTrader log filename extension recognized for archive selection, not an operator runtime value."
312,yes,NO_POLICY_TERM,src/log_sweep.rs,string,"""log_sweep: moved {moved} file(s) to {}""","""log_sweep: moved {moved} file(s) to {}"",",log_sweep_diagnostic_template,"This is a startup diagnostic template for completed log archive movement, not an operator runtime value."
313,no,NO_POLICY_TERM,src/main.rs,string,""", ""","binding.secret_field_names.join("", "")",diagnostic_separator,This separator joins provider secret field names for a diagnostic-only secrets command response.
314,yes,NO_POLICY_TERM,src/main.rs,string,"""bolt-v2""","#[command(name = ""bolt-v2"")]",cli_binary_name,"This is the stable command name exposed by the Rust binary, not an operator runtime value."
315,yes,POLICY_TERM_CONFIG_OR_STRUCTURAL,src/main.rs,string,"""root-config""","#[arg(long = ""root-config"")]",cli_argument_name,This is a stable application CLI flag name for the capture command's tracked root TOML path; the runtime values remain TOML-owned.
316,yes,POLICY_TERM_CONFIG_OR_STRUCTURAL,src/nt_runtime_capture.rs,string,"""://""","const LOCAL_URI_MARKER: &str = ""://"";",local_path_validation_marker,"This detects URI-style catalog paths so the local-only capture path can reject them, not an operator runtime value."
317,yes,POLICY_TERM_CONFIG_OR_STRUCTURAL,src/nt_runtime_capture.rs,string,"""account_state.jsonl""","const ACCOUNT_STATE_FILE: &str = ""account_state.jsonl"";",runtime_capture_sidecar_schema,"This is a stable runtime-capture sidecar filename consumed by lake conversion, not an operator runtime value."
318,yes,POLICY_TERM_CONFIG_OR_STRUCTURAL,src/nt_runtime_capture.rs,string,"""data.book.deltas.*.*""","const BOOK_DELTAS_PATTERN: &str = ""data.book.deltas.*.*"";",nt_msgbus_subscription_pattern,"This is a stable NautilusTrader msgbus pattern for order-book delta capture, not an operator runtime value."
319,no,POLICY_TERM_CONFIG_OR_STRUCTURAL,src/nt_runtime_capture.rs,string,"""data.book.depth10.*.*""","const BOOK_DEPTH10_PATTERN: &str = ""data.book.depth10.*.*"";",nt_msgbus_subscription_pattern,"This is a stable NautilusTrader msgbus pattern for order-book depth capture, not an operator runtime value."
320,no,POLICY_TERM_CONFIG_OR_STRUCTURAL,src/nt_runtime_capture.rs,string,"""data.close.*.*""","const INSTRUMENT_CLOSES_PATTERN: &str = ""data.close.*.*"";",nt_msgbus_subscription_pattern,"This is a stable NautilusTrader msgbus pattern for instrument-close capture, not an operator runtime value."
321,no,POLICY_TERM_CONFIG_OR_STRUCTURAL,src/nt_runtime_capture.rs,string,"""data.funding_rates.*.*""","const FUNDING_RATES_PATTERN: &str = ""data.funding_rates.*.*"";",nt_msgbus_subscription_pattern,"This is a stable NautilusTrader msgbus pattern for funding-rate capture, not an operator runtime value."
322,no,POLICY_TERM_CONFIG_OR_STRUCTURAL,src/nt_runtime_capture.rs,string,"""data.index_prices.*.*""","const INDEX_PRICES_PATTERN: &str = ""data.index_prices.*.*"";",nt_msgbus_subscription_pattern,"This is a stable NautilusTrader msgbus pattern for index-price capture, not an operator runtime value."
323,no,POLICY_TERM_CONFIG_OR_STRUCTURAL,src/nt_runtime_capture.rs,string,"""data.instrument.*.*""","const INSTRUMENTS_PATTERN: &str = ""data.instrument.*.*"";",nt_msgbus_subscription_pattern,"This is a stable NautilusTrader msgbus pattern for instrument capture, not an operator runtime value."
324,no,POLICY_TERM_CONFIG_OR_STRUCTURAL,src/nt_runtime_capture.rs,string,"""data.mark_prices.*.*""","const MARK_PRICES_PATTERN: &str = ""data.mark_prices.*.*"";",nt_msgbus_subscription_pattern,"This is a stable NautilusTrader msgbus pattern for mark-price capture, not an operator runtime value."
325,no,POLICY_TERM_CONFIG_OR_STRUCTURAL,src/nt_runtime_capture.rs,string,"""data.quotes.*.*""","const QUOTES_PATTERN: &str = ""data.quotes.*.*"";",nt_msgbus_subscription_pattern,"This is a stable NautilusTrader msgbus pattern for quote capture, not an operator runtime value."
326,no,POLICY_TERM_CONFIG_OR_STRUCTURAL,src/nt_runtime_capture.rs,string,"""data.status.*.*""","const INSTRUMENT_STATUSES_PATTERN: &str = ""data.status.*.*"";",nt_msgbus_subscription_pattern,"This is a stable NautilusTrader msgbus pattern for instrument-status capture, not an operator runtime value."
327,no,POLICY_TERM_CONFIG_OR_STRUCTURAL,src/nt_runtime_capture.rs,string,"""data.trades.*.*""","const TRADES_PATTERN: &str = ""data.trades.*.*"";",nt_msgbus_subscription_pattern,"This is a stable NautilusTrader msgbus pattern for trade capture, not an operator runtime value."
328,no,POLICY_TERM_CONFIG_OR_STRUCTURAL,src/nt_runtime_capture.rs,string,"""events.account.*""","const ACCOUNT_STATES_PATTERN: &str = ""events.account.*"";",nt_msgbus_subscription_pattern,"This is a stable NautilusTrader msgbus pattern for account-state capture, not an operator runtime value."
329,no,POLICY_TERM_CONFIG_OR_STRUCTURAL,src/nt_runtime_capture.rs,string,"""events.portfolio.*""","const PORTFOLIO_SNAPSHOTS_PATTERN: &str = ""events.portfolio.*"";",nt_msgbus_subscription_pattern,"This is a stable NautilusTrader msgbus pattern for portfolio-snapshot capture, not an operator runtime value."
330,no,POLICY_TERM_CONFIG_OR_STRUCTURAL,src/nt_runtime_capture.rs,string,"""events.order.*""","const ORDER_EVENTS_PATTERN: &str = ""events.order.*"";",nt_msgbus_subscription_pattern,"This is a stable NautilusTrader msgbus pattern for order-event capture, not an operator runtime value."
331,no,POLICY_TERM_CONFIG_OR_STRUCTURAL,src/nt_runtime_capture.rs,string,"""events.position.*""","const POSITION_EVENTS_PATTERN: &str = ""events.position.*"";",nt_msgbus_subscription_pattern,"This is a stable NautilusTrader msgbus pattern for position-event capture, not an operator runtime value."
332,no,POLICY_TERM_CONFIG_OR_STRUCTURAL,src/nt_runtime_capture.rs,string,"""events.risk""","const TRADING_STATE_CHANGED_PATTERN: &str = ""events.risk"";",nt_msgbus_subscription_pattern,"This is a stable NautilusTrader msgbus topic for trading-state capture, not an operator runtime value."
333,no,POLICY_TERM_CONFIG_OR_STRUCTURAL,src/nt_runtime_capture.rs,string,"""instrument_status.jsonl""","const INSTRUMENT_STATUS_FILE: &str = ""instrument_status.jsonl"";",runtime_capture_sidecar_schema,"This is a stable runtime-capture sidecar filename consumed by lake conversion, not an operator runtime value."
334,no,POLICY_TERM_CONFIG_OR_STRUCTURAL,src/nt_runtime_capture.rs,string,"""snapshots.jsonl""","const SNAPSHOTS_FILE: &str = ""snapshots.jsonl"";",runtime_capture_sidecar_schema,"This is a stable runtime-capture sidecar filename consumed by lake conversion, not an operator runtime value."
335,no,POLICY_TERM_CONFIG_OR_STRUCTURAL,src/nt_runtime_capture.rs,string,"""trading_state_changed.jsonl""","const TRADING_STATE_CHANGED_FILE: &str = ""trading_state_changed.jsonl"";",runtime_capture_sidecar_schema,"This is a stable runtime-capture sidecar filename consumed by lake conversion, not an operator runtime value."
336,no,POLICY_TERM_CONFIG_OR_STRUCTURAL,src/nt_runtime_capture.rs,string,"""updates.jsonl""","const UPDATES_FILE: &str = ""updates.jsonl"";",runtime_capture_sidecar_schema,"This is a stable runtime-capture sidecar filename consumed by lake conversion, not an operator runtime value."
337,yes,NO_POLICY_TERM,src/raw_types.rs,string,"b""\n""","const JSONL_RECORD_SEPARATOR: &[u8] = b""\n"";",raw_jsonl_record_separator,"This is the JSONL record separator required by the file format, not an operator runtime value."
338,yes,NO_POLICY_TERM,src/secrets.rs,string,""": ""","message.push_str("": "");",ssm_resolver_diagnostic_separator,This separator joins a redacted SSM failure diagnostic prefix to sanitized AWS source context; it is not an operator runtime value.
339,yes,NO_POLICY_TERM,src/secrets.rs,string,"""AWS SSM GetParameter returned no value for configured parameter""","""AWS SSM GetParameter returned no value for configured parameter""",ssm_resolver_diagnostic_template,This fail-closed diagnostic reports an empty AWS SSM response without exposing a raw configured SSM path; it is not an operator runtime value.
340,yes,NO_POLICY_TERM,src/secrets.rs,string,"""[configured-ssm-parameter]""","message.replace(configured_path, ""[configured-ssm-parameter]"")",ssm_resolver_redaction_token,"This token replaces a configured SSM parameter path in diagnostics; it is redaction text, not an operator runtime value."
341,yes,NO_POLICY_TERM,src/bolt_v3_market_families/updown.rs,number,-0.356_563_8,const NORMAL_CDF_POLY_A2: f64 = -0.356_563_8;,pricing_formula_constant,"This is a named coefficient in the normal-CDF approximation, not an operator runtime value."
342,no,NO_POLICY_TERM,src/bolt_v3_market_families/updown.rs,number,-1.821_256,const NORMAL_CDF_POLY_A4: f64 = -1.821_256;,pricing_formula_constant,"This is a named coefficient in the normal-CDF approximation, not an operator runtime value."
343,yes,POLICY_TERM_CONFIG_OR_STRUCTURAL,src/bolt_v3_numeric.rs,number,0.0,pub(crate) const ZERO_F64: f64 = 0.0;,shared_numeric_math_invariant,"This is the named zero invariant shared by the updown family pricing and the strategy, not an operator runtime value."
344,no,POLICY_TERM_CONFIG_OR_STRUCTURAL,src/bolt_v3_numeric.rs,number,1.0,pub(crate) const UNIT_F64: f64 = 1.0;,shared_numeric_math_invariant,"This is the named unit invariant shared by the updown family pricing and the strategy, not an operator runtime value."
345,no,POLICY_TERM_CONFIG_OR_STRUCTURAL,src/bolt_v3_numeric.rs,number,2.0,pub(crate) const TWO_F64: f64 = 2.0;,shared_numeric_math_invariant,"This is the named two/half-spread divisor invariant shared by the maker quote model midpoint math and the strategy, not an operator runtime value."
346,no,POLICY_TERM_CONFIG_OR_STRUCTURAL,src/bolt_v3_numeric.rs,number,2,pub(crate) const POWER_OF_TWO: i32 = 2;,shared_numeric_math_invariant,"This is the named squaring exponent shared by the updown family pricing and the strategy, not an operator runtime value."
347,yes,POLICY_TERM_CONFIG_OR_STRUCTURAL,src/bolt_v3_numeric.rs,number,365.25,pub(crate) const DAYS_PER_YEAR_F64: f64 = 365.25;,annualization_constant,"This is a named annualization conversion constant shared by the updown family pricing and the strategy, not an operator runtime value."
348,no,POLICY_TERM_CONFIG_OR_STRUCTURAL,src/bolt_v3_numeric.rs,number,24.0,pub(crate) const HOURS_PER_DAY_F64: f64 = 24.0;,annualization_constant,"This is a named calendar conversion constant shared by the updown family pricing and the strategy, not an operator runtime value."
349,no,POLICY_TERM_CONFIG_OR_STRUCTURAL,src/bolt_v3_numeric.rs,number,60.0,pub(crate) const MINUTES_PER_HOUR_F64: f64 = 60.0;,annualization_constant,"This is a named time conversion constant shared by the updown family pricing and the strategy, not an operator runtime value."
350,no,POLICY_TERM_CONFIG_OR_STRUCTURAL,src/bolt_v3_numeric.rs,number,60.0,pub(crate) const SECONDS_PER_MINUTE_F64: f64 = 60.0;,annualization_constant,"This is a named time conversion constant shared by the updown family pricing and the strategy, not an operator runtime value."
351,no,NO_POLICY_TERM,src/bolt_v3_market_families/updown.rs,number,0.231_641_9,const NORMAL_CDF_T_SCALE: f64 = 0.231_641_9;,pricing_formula_constant,"This is a named coefficient in the normal-CDF approximation, not an operator runtime value."
352,no,NO_POLICY_TERM,src/bolt_v3_market_families/updown.rs,number,0.319_381_5,const NORMAL_CDF_POLY_A1: f64 = 0.319_381_5;,pricing_formula_constant,"This is a named coefficient in the normal-CDF approximation, not an operator runtime value."
353,no,NO_POLICY_TERM,src/bolt_v3_market_families/updown.rs,number,0.398_942_3,const NORMAL_CDF_DENSITY_SCALE: f64 = 0.398_942_3;,pricing_formula_constant,"This is a named coefficient in the normal-CDF approximation, not an operator runtime value."
354,no,NO_POLICY_TERM,src/bolt_v3_market_families/updown.rs,number,1.330_274,const NORMAL_CDF_POLY_A5: f64 = 1.330_274;,pricing_formula_constant,"This is a named coefficient in the normal-CDF approximation, not an operator runtime value."
355,no,NO_POLICY_TERM,src/bolt_v3_market_families/updown.rs,number,1.781_478,const NORMAL_CDF_POLY_A3: f64 = 1.781_478;,pricing_formula_constant,"This is a named coefficient in the normal-CDF approximation, not an operator runtime value."
356,yes,POLICY_TERM_CONFIG_OR_STRUCTURAL,src/bolt_v3_numeric.rs,number,10_000.0,pub(crate) const BPS_DENOMINATOR: f64 = 10_000.0;,financial_unit_conversion,"This is the basis-points denominator for financial unit conversion, not an operator runtime value. Consolidated into the shared numeric module in #522 A1."
357,no,POLICY_TERM_CONFIG_OR_STRUCTURAL,src/bolt_v3_numeric.rs,number,100.0,pub(crate) const CENTS_PER_SHARE: f64 = 100.0;,financial_unit_conversion,"This is the cents-per-share unit conversion used by executable-cost and binary outcome edge math, not an operator runtime value. Consolidated into the shared numeric module by #625 review cleanup."
358,yes,POLICY_TERM_CONFIG_OR_STRUCTURAL,src/bolt_v3_numeric.rs,number,10_000.0,pub(crate) const NOTIONAL_FLOAT_TOLERANCE_EPSILON_MULTIPLIER: f64 = 10_000.0;,float_tolerance_multiplier,"This is the named epsilon multiplier for notional float comparison tolerance, not an operator runtime value."
359,no,POLICY_TERM_CONFIG_OR_STRUCTURAL,src/bolt_v3_numeric.rs,number,1_000,pub(crate) const MILLIS_PER_SECOND_U64: u64 = 1_000;,time_unit_conversion,"This is a named SI time-unit conversion constant, not an operator runtime value."
360,no,POLICY_TERM_CONFIG_OR_STRUCTURAL,src/bolt_v3_numeric.rs,number,60_000,pub(crate) const MILLIS_PER_MINUTE_U64: u64 = 60_000;,time_unit_conversion,"This is a named SI time-unit conversion constant (milliseconds per minute, the per-minute REST-egress window unit), not an operator runtime value."
361,yes,POLICY_TERM_CONFIG_OR_STRUCTURAL,src/bolt_v3_numeric.rs,number,2.0,pub(crate) const MIDPOINT_DIVISOR_F64: f64 = 2.0;,strategy_math_invariant,"This is the named divisor for midpoint calculation, not an operator runtime value. Consolidated into the shared numeric module in #522 A1."
362,no,NO_POLICY_TERM,src/bolt_v3_market_families/updown.rs,number,2.0,const NORMAL_DENSITY_EXPONENT_DIVISOR: f64 = 2.0;,pricing_formula_constant,"This is a named coefficient in the normal-CDF approximation, not an operator runtime value."
363,no,POLICY_TERM_CONFIG_OR_STRUCTURAL,src/bolt_v3_numeric.rs,number,2.0,pub(crate) const QUADRATIC_RISK_DIVISOR: f64 = 2.0;,pricing_formula_constant,"This is a named coefficient in the strategy sizing formula, not an operator runtime value. Consolidated into the shared numeric module in #522 A1."
364,no,NO_POLICY_TERM,src/bolt_v3_market_families/updown.rs,number,6.0,const KURTOSIS_NORMALIZATION: f64 = 6.0;,pricing_formula_constant,"This is a named coefficient in the fair-probability formula, not an operator runtime value."
365,yes,POLICY_TERM_CONFIG_OR_STRUCTURAL,src/bolt_v3_taker_updown_signal.rs,string,"""down""","OutcomeSide::Down => ""down"",",strategy_evidence_outcome_side_label,"This is a stable evidence label for the binary outcome side, emitted by the shared taker-signal decision math (bolt_v3_taker_updown_signal::outcome_side_evidence_label); it records provenance and does not configure trading behavior."
366,no,POLICY_TERM_CONFIG_OR_STRUCTURAL,src/bolt_v3_taker_updown_signal.rs,string,"""up""","OutcomeSide::Up => ""up"",",strategy_evidence_outcome_side_label,"This is a stable evidence label for the binary outcome side, emitted by the shared taker-signal decision math (bolt_v3_taker_updown_signal::outcome_side_evidence_label); it records provenance and does not configure trading behavior."
367,yes,NO_POLICY_TERM,src/venue_contract.rs,number,3,pub const CURRENT_SCHEMA_VERSION: u32 = 3;,venue_contract_schema_version,"This is the venue contract schema version accepted by the parser, not an operator runtime value."
368,yes,POLICY_TERM_CONFIG_OR_STRUCTURAL,src/venue_contract.rs,number,10_000,pub const STATIC_FEE_BPS_ABSOLUTE_LIMIT: u32 = 10_000;,venue_contract_static_fee_bps_bound,"This is the fixed absolute sanity bound for contract-sourced static fee and rebate rates in basis points, not an operator runtime value."
369,yes,POLICY_TERM_CONFIG_OR_STRUCTURAL,src/venue_contract.rs,number,0,"self.rate_budget.clob_per_minute > 0,",venue_contract_rate_budget_floor,"This is the inclusive zero floor of a fail-closed validation check requiring the CLOB rate budget to be positive, not an operator runtime value."
370,no,POLICY_TERM_CONFIG_OR_STRUCTURAL,src/venue_contract.rs,number,0,"self.rate_budget.gamma_per_minute > 0,",venue_contract_rate_budget_floor,"This is the inclusive zero floor of a fail-closed validation check requiring the Gamma rate budget to be positive, not an operator runtime value."
371,no,POLICY_TERM_CONFIG_OR_STRUCTURAL,src/venue_contract.rs,number,0,"self.rate_budget.batch_submit_limit > 0,",venue_contract_rate_budget_floor,"This is the inclusive zero floor of a fail-closed validation check requiring the batch submit limit to be positive, not an operator runtime value."
372,yes,POLICY_TERM_CONFIG_OR_STRUCTURAL,src/venue_contract.rs,number,0,"self.maintenance_window.pull_before_start_seconds == 0,",venue_contract_maintenance_window_floor,"This is the zero floor of a fail-closed validation check requiring no pull lead for an absent maintenance schedule, not an operator runtime value."
373,no,POLICY_TERM_CONFIG_OR_STRUCTURAL,src/venue_contract.rs,number,0,"self.maintenance_window.pull_before_start_seconds > 0,",venue_contract_maintenance_window_floor,"This is the inclusive zero floor of a fail-closed validation check requiring a scheduled maintenance pull lead to be positive, not an operator runtime value."
374,no,POLICY_TERM_CONFIG_OR_STRUCTURAL,src/venue_contract.rs,number,0,"window.duration_seconds > 0,",venue_contract_maintenance_window_floor,"This is the inclusive zero floor of a fail-closed validation check requiring scheduled maintenance windows to have positive duration, not an operator runtime value."
375,yes,POLICY_TERM_CONFIG_OR_STRUCTURAL,src/venue_contract.rs,number,2,hour.len() == 2,venue_contract_maintenance_time_grammar,"This is the fixed HH component width for the venue contract UTC maintenance-window time grammar, not an operator runtime value."
376,no,POLICY_TERM_CONFIG_OR_STRUCTURAL,src/venue_contract.rs,number,2,&& minute.len() == 2,venue_contract_maintenance_time_grammar,"This is the fixed MM component width for the venue contract UTC maintenance-window time grammar, not an operator runtime value."
377,no,POLICY_TERM_CONFIG_OR_STRUCTURAL,src/venue_contract.rs,number,24,&& hour.parse::<u8>().is_ok_and(|v| v < 24),venue_contract_maintenance_time_grammar,"This is the 24-hour clock upper bound for the venue contract UTC maintenance-window time grammar, not an operator runtime value."
378,no,POLICY_TERM_CONFIG_OR_STRUCTURAL,src/venue_contract.rs,number,60,&& minute.parse::<u8>().is_ok_and(|v| v < 60),venue_contract_maintenance_time_grammar,"This is the minute upper bound for the venue contract UTC maintenance-window time grammar, not an operator runtime value."
379,yes,POLICY_TERM_CONFIG_OR_STRUCTURAL,src/venue_contract.rs,string,"""depth_availability.book_depth_source references disabled stream {depth_stream_class}""","""depth_availability.book_depth_source references disabled stream {depth_stream_class}""",venue_contract_depth_source_diagnostic,"This is a fail-closed validation diagnostic for a disabled configured depth stream, not an operator runtime value."
380,yes,POLICY_TERM_CONFIG_OR_STRUCTURAL,src/venue_contract.rs,string,"""maker""","""maker"",",venue_contract_fee_side_label,"This is a stable validation label used to name the maker fee fields in diagnostics, not an operator runtime value."
381,no,POLICY_TERM_CONFIG_OR_STRUCTURAL,src/venue_contract.rs,string,"""taker""","""taker"",",venue_contract_fee_side_label,"This is a stable validation label used to name the taker fee fields in diagnostics, not an operator runtime value."
382,no,NO_POLICY_TERM,src/venue_contract.rs,string,"""://""","!path_str.contains(""://""),",local_path_uri_rejection_marker,"This rejects URI-like contract paths so contract loading remains local filesystem only, not an operator runtime value."
383,yes,POLICY_TERM_CONFIG_OR_STRUCTURAL,src/venue_contract.rs,string,"""conditional""","Self::Conditional => ""conditional"",",completeness_report_schema_value,"This is the stable serialized completeness report capability value for conditional stream support, not an operator runtime value."
384,no,NO_POLICY_TERM,src/venue_contract.rs,string,"""fail""","Self::Fail => ""fail"",",completeness_report_schema_value,"This is the stable serialized completeness report outcome for a failed report, not an operator runtime value."
385,no,NO_POLICY_TERM,src/venue_contract.rs,string,"""fail_contract_violation""","Self::FailContractViolation => ""fail_contract_violation"",",completeness_report_schema_value,"This is the stable serialized completeness report status for contract violations, not an operator runtime value."
386,no,NO_POLICY_TERM,src/venue_contract.rs,string,"""fail_required_absent""","Self::FailRequiredAbsent => ""fail_required_absent"",",completeness_report_schema_value,"This is the stable serialized completeness report status for required stream data absent from spool data, not an operator runtime value."
387,no,NO_POLICY_TERM,src/venue_contract.rs,string,"""fail_unknown""","Self::FailUnknown => ""fail_unknown"",",completeness_report_schema_value,"This is the stable serialized completeness report status for unknown spool classes, not an operator runtime value."
388,yes,NO_POLICY_TERM,src/venue_contract.rs,string,"""index_prices""","pub const STREAM_CLASS_INDEX_PRICES: &str = ""index_prices"";",venue_contract_stream_class,"This is a stable stream-class key in the venue contract schema and NautilusTrader lake layout, not an operator runtime value."
389,no,NO_POLICY_TERM,src/venue_contract.rs,string,"""instrument_closes""","pub const STREAM_CLASS_INSTRUMENT_CLOSES: &str = ""instrument_closes"";",venue_contract_stream_class,"This is a stable stream-class key in the venue contract schema and NautilusTrader lake layout, not an operator runtime value."
390,no,NO_POLICY_TERM,src/venue_contract.rs,string,"""mark_prices""","pub const STREAM_CLASS_MARK_PRICES: &str = ""mark_prices"";",venue_contract_stream_class,"This is a stable stream-class key in the venue contract schema and NautilusTrader lake layout, not an operator runtime value."
391,no,POLICY_TERM_CONFIG_OR_STRUCTURAL,src/venue_contract.rs,string,"""order_book_deltas""","pub const STREAM_CLASS_ORDER_BOOK_DELTAS: &str = ""order_book_deltas"";",venue_contract_stream_class,"This is a stable stream-class key in the venue contract schema and NautilusTrader lake layout, not an operator runtime value."
392,no,POLICY_TERM_CONFIG_OR_STRUCTURAL,src/venue_contract.rs,string,"""order_book_depths""","pub const STREAM_CLASS_ORDER_BOOK_DEPTHS: &str = ""order_book_depths"";",venue_contract_stream_class,"This is a stable stream-class key in the venue contract schema and NautilusTrader lake layout, not an operator runtime value."
393,no,NO_POLICY_TERM,src/venue_contract.rs,string,"""pass""","Self::Pass => ""pass"",",completeness_report_schema_value,"This is the stable serialized completeness report outcome/status value for a passing class or report, not an operator runtime value."
394,no,POLICY_TERM_CONFIG_OR_STRUCTURAL,src/venue_contract.rs,string,"""pass_disabled""","Self::PassDisabled => ""pass_disabled"",",completeness_report_schema_value,"This is the stable serialized completeness report status for a disabled stream absent from spool data, not an operator runtime value."
395,no,NO_POLICY_TERM,src/venue_contract.rs,string,"""pass_unsupported""","Self::PassUnsupported => ""pass_unsupported"",",completeness_report_schema_value,"This is the stable serialized completeness report status for an unsupported stream absent from spool data, not an operator runtime value."
396,no,POLICY_TERM_CONFIG_OR_STRUCTURAL,src/venue_contract.rs,string,"""quotes""","pub const STREAM_CLASS_QUOTES: &str = ""quotes"";",venue_contract_stream_class,"This is a stable stream-class key in the venue contract schema and NautilusTrader lake layout, not an operator runtime value."
397,no,NO_POLICY_TERM,src/venue_contract.rs,string,"""spool_present_conversion_empty""","Self::SpoolPresentConversionEmpty => ""spool_present_conversion_empty"",",completeness_report_schema_value,"This is the stable serialized completeness report status for spool data that produced no converted rows, not an operator runtime value."
398,no,NO_POLICY_TERM,src/venue_contract.rs,string,"""trades""","pub const STREAM_CLASS_TRADES: &str = ""trades"";",venue_contract_stream_class,"This is a stable stream-class key in the venue contract schema and NautilusTrader lake layout, not an operator runtime value."
399,no,NO_POLICY_TERM,src/venue_contract.rs,string,"""warn_optional_absent""","Self::WarnOptionalAbsent => ""warn_optional_absent"",",completeness_report_schema_value,"This is the stable serialized completeness report status for an optional stream absent from spool data, not an operator runtime value."
400,yes,POLICY_TERM_CONFIG_OR_STRUCTURAL,src/bolt_v3_providers/polymarket/adapter_signing_source.rs,string,"""0x0000000000000000000000000000000000000000000000000000000000000000""","""0x0000000000000000000000000000000000000000000000000000000000000000"";",clob_v2_adapter_signing_self_test_fixture,This is the fixed EIP-712 bytes32 zero value used inside a local strategy-free signing self-test order; production order values remain runtime generated.
401,no,POLICY_TERM_CONFIG_OR_STRUCTURAL,src/bolt_v3_providers/polymarket/adapter_signing_source.rs,string,"""0""","const CLOB_V2_ADAPTER_SIGNING_NO_EXPIRATION: &str = ""0"";",clob_v2_adapter_signing_self_test_fixture,"This is the Polymarket CLOB V2 no-expiration sentinel for the local signing self-test order, not an operator trading parameter."
402,yes,POLICY_TERM_CONFIG_OR_STRUCTURAL,src/bolt_v3_providers/polymarket/adapter_signing_source.rs,number,16,const CLOB_V2_ADAPTER_SIGNING_KEYGEN_MAX_ATTEMPTS: usize = 16;,clob_v2_adapter_signing_self_test_bound,This bounds random ephemeral key generation retries for the local signing self-test; it does not configure trading behavior.
403,no,POLICY_TERM_CONFIG_OR_STRUCTURAL,src/bolt_v3_providers/polymarket/adapter_signing_source.rs,number,32,const CLOB_V2_ADAPTER_SIGNING_SEED_BYTES: usize = 32;,clob_v2_adapter_signing_self_test_fixture,"This is the SHA-256 digest byte width used to derive deterministic local signing self-test order fields, not an operator runtime value."
404,no,POLICY_TERM_CONFIG_OR_STRUCTURAL,src/bolt_v3_providers/polymarket/adapter_signing_source.rs,number,0,const CLOB_V2_ADAPTER_SIGNING_SALT_OFFSET: usize = 0;,clob_v2_adapter_signing_self_test_fixture,"This is the first seed chunk offset for deriving local signing self-test order fields, not an operator runtime value."
405,no,POLICY_TERM_CONFIG_OR_STRUCTURAL,src/bolt_v3_providers/polymarket/adapter_signing_source.rs,number,2,const CLOB_V2_ADAPTER_SIGNING_TAKER_AMOUNT_OFFSET: usize = CLOB_V2_ADAPTER_SIGNING_U64_BYTES * 2;,clob_v2_adapter_signing_self_test_fixture,"This selects the third seed chunk for the local signing self-test taker amount, not an operator runtime value."
406,no,POLICY_TERM_CONFIG_OR_STRUCTURAL,src/bolt_v3_providers/polymarket/adapter_signing_source.rs,number,3,const CLOB_V2_ADAPTER_SIGNING_TIMESTAMP_OFFSET: usize = CLOB_V2_ADAPTER_SIGNING_U64_BYTES * 3;,clob_v2_adapter_signing_self_test_fixture,"This selects the fourth seed chunk for the local signing self-test timestamp, not an operator runtime value."
407,no,POLICY_TERM_CONFIG_OR_STRUCTURAL,src/bolt_v3_providers/polymarket/adapter_signing_source.rs,number,1_000_000,const CLOB_V2_ADAPTER_SIGNING_AMOUNT_MODULUS: u64 = 1_000_000;,clob_v2_adapter_signing_self_test_fixture,This bounds deterministic local signing self-test order amounts to pUSD/share base-unit scale; production sizing remains TOML and runtime owned.
408,yes,SUSPECT_POLICY_REVIEW,src/bolt_v3_providers/polymarket/adapter_signing_source.rs,number,1,const CLOB_V2_ADAPTER_SIGNING_MIN_POSITIVE: u64 = 1;,clob_v2_adapter_signing_self_test_fixture,This keeps local signing self-test order fields positive so the EIP-712 signer can exercise the real code path; it is not a trade parameter.
409,yes,NO_POLICY_TERM,src/bolt_v3_providers/polymarket/adapter_signing_source.rs,string,"""DOMAIN_VERSION""","""DOMAIN_VERSION"",",clob_v2_adapter_signing_source_marker,This is a required source-code marker proving the pinned NT CLOB signing source declares the EIP-712 domain version; the runtime version is still derived from source.
410,yes,NO_POLICY_TERM,src/bolt_v3_providers/polymarket/adapter_signing_source.rs,string,"""domain_version""","""domain_version"",",operator_artifact_validation_field,"This is a fail-closed diagnostic field for missing CLOB V2 signing source domain-version proof, not an operator runtime value."
411,no,NO_POLICY_TERM,src/bolt_v3_providers/polymarket/adapter_signing_source.rs,string,"""DOMAIN_NAME""","""DOMAIN_NAME"",",clob_v2_adapter_signing_source_marker,This is a required source-code marker proving the pinned NT CLOB signing source declares the EIP-712 domain name.
412,no,NO_POLICY_TERM,src/bolt_v3_providers/polymarket/adapter_signing_source.rs,string,"""domain_name""","""domain_name"",",operator_artifact_validation_field,"This is a fail-closed diagnostic field for missing CLOB V2 signing source domain-name proof, not an operator runtime value."
413,no,NO_POLICY_TERM,src/bolt_v3_providers/polymarket/adapter_signing_source.rs,string,"""POLYGON_CHAIN_ID""","""POLYGON_CHAIN_ID"",",clob_v2_adapter_signing_source_marker,This is a required source-code marker proving the pinned NT CLOB signing source binds the EIP-712 chain id.
414,no,NO_POLICY_TERM,src/bolt_v3_providers/polymarket/adapter_signing_source.rs,string,"""polygon_chain_id""","""polygon_chain_id"",",operator_artifact_validation_field,"This is a fail-closed diagnostic field for missing CLOB V2 signing source chain-id proof, not an operator runtime value."
415,no,NO_POLICY_TERM,src/bolt_v3_providers/polymarket/adapter_signing_source.rs,string,"""CTF_EXCHANGE""","""CTF_EXCHANGE"",",clob_v2_adapter_signing_source_marker,This is a required source-code marker proving the pinned NT CLOB signing source declares the standard CTF exchange contract binding.
416,no,NO_POLICY_TERM,src/bolt_v3_providers/polymarket/adapter_signing_source.rs,string,"""ctf_exchange""","""ctf_exchange"",",operator_artifact_validation_field,"This is a fail-closed diagnostic field for missing CLOB V2 standard exchange source proof, not an operator runtime value."
417,no,NO_POLICY_TERM,src/bolt_v3_providers/polymarket/adapter_signing_source.rs,string,"""NEG_RISK_CTF_EXCHANGE""","""NEG_RISK_CTF_EXCHANGE"",",clob_v2_adapter_signing_source_marker,This is a required source-code marker proving the pinned NT CLOB signing source declares the negative-risk CTF exchange contract binding.
418,no,NO_POLICY_TERM,src/bolt_v3_providers/polymarket/adapter_signing_source.rs,string,"""neg_risk_ctf_exchange""","""neg_risk_ctf_exchange"",",operator_artifact_validation_field,"This is a fail-closed diagnostic field for missing CLOB V2 negative-risk exchange source proof, not an operator runtime value."
419,no,POLICY_TERM_CONFIG_OR_STRUCTURAL,src/bolt_v3_providers/polymarket/adapter_signing_source.rs,string,"""OrderSigner""","""OrderSigner"",",clob_v2_adapter_signing_source_marker,This is a required source-code marker proving the pinned NT CLOB signing source exposes the order signer used by the materializer.
420,no,POLICY_TERM_CONFIG_OR_STRUCTURAL,src/bolt_v3_providers/polymarket/adapter_signing_source.rs,string,"""order_signer""","""order_signer"",",operator_artifact_validation_field,"This is a fail-closed diagnostic field for missing CLOB V2 order signer source proof, not an operator runtime value."
421,no,POLICY_TERM_CONFIG_OR_STRUCTURAL,src/bolt_v3_providers/polymarket/adapter_signing_source.rs,string,"""sign_order""","""sign_order"",",clob_v2_adapter_signing_source_marker,This is a required source-code marker proving the pinned NT CLOB signing source exposes the order-signing path exercised by the materializer.
422,no,POLICY_TERM_CONFIG_OR_STRUCTURAL,src/bolt_v3_providers/polymarket/adapter_signing_source.rs,string,"""order_hash""","""order_hash"",",clob_v2_adapter_signing_source_marker,This is a required source-code marker proving the pinned NT CLOB signing source exposes the order-hash path used for signature recovery.
423,yes,POLICY_TERM_CONFIG_OR_STRUCTURAL,src/bolt_v3_providers/polymarket/fee_behavior_source.rs,string,"""bolt_v3.pre_run_clob_v2_fee_behavior_source_requirements.v1""","""bolt_v3.pre_run_clob_v2_fee_behavior_source_requirements.v1"";",operator_artifact_record_kind,"This is the stable record-kind discriminator for the local CLOB V2 fee-behavior source requirements proof, not an operator runtime value."
424,no,POLICY_TERM_CONFIG_OR_STRUCTURAL,src/bolt_v3_providers/polymarket/fee_behavior_source.rs,string,"""bolt_v3.pre_run_clob_v2_fee_behavior_assumptions.v1""","""bolt_v3.pre_run_clob_v2_fee_behavior_assumptions.v1"";",operator_artifact_record_kind,"This is the stable record-kind discriminator for the local CLOB V2 fee-behavior deterministic self-test assumptions proof, not an operator runtime value."
425,yes,NO_POLICY_TERM,src/bolt_v3_providers/polymarket/collateral_accounting_source.rs,string,"""/balance-allowance""","const CLOB_V2_COLLATERAL_BALANCE_ALLOWANCE_PATH: &str = ""/balance-allowance"";",polymarket_clob_api_path,"This is the fixed Polymarket CLOB REST API path for authenticated balance/allowance reads, not an operator-configured venue value."
426,no,POLICY_TERM_CONFIG_OR_STRUCTURAL,src/bolt_v3_providers/polymarket/venue_account_state_source.rs,string,"""/data/orders""","const CLOB_V2_OPEN_ORDERS_PATH: &str = ""/data/orders"";",polymarket_clob_api_path,"This is the fixed Polymarket CLOB REST API path for authenticated open-order reads, not an operator-configured venue value."
427,yes,NO_POLICY_TERM,src/bolt_v3_providers/polymarket/venue_account_state_source.rs,string,"""/positions""","const POLYMARKET_DATA_API_POSITIONS_PATH: &str = ""/positions"";",polymarket_data_api_path,"This is the fixed Polymarket Data API path for account position reads, not an operator-configured venue value."
428,yes,POLICY_TERM_CONFIG_OR_STRUCTURAL,src/bolt_v3_providers/polymarket/venue_account_state_source.rs,string,"""open_order_count""","let open_order_count = usize_to_u64(""open_order_count"", open_orders.len())?;",operator_artifact_field_name,"This is a stable error/proof field label for venue account open-order count conversion, not an operator runtime value."
429,no,POLICY_TERM_CONFIG_OR_STRUCTURAL,src/bolt_v3_providers/polymarket/venue_account_state_source.rs,string,"""open_position_count""","usize_to_u64(""open_position_count"", active_position_count(&positions))?;",operator_artifact_field_name,"This is a stable error/proof field label for venue account position count conversion, not an operator runtime value."
430,yes,NO_POLICY_TERM,src/bolt_v3_providers/polymarket/collateral_accounting_source.rs,string,"""COLLATERAL""","const CLOB_V2_COLLATERAL_ASSET_TYPE: &str = ""COLLATERAL"";",polymarket_clob_api_enum,"This is the fixed Polymarket CLOB balance-allowance asset_type enum value for collateral, not an operator runtime value."
431,yes,POLICY_TERM_CONFIG_OR_STRUCTURAL,src/bolt_v3_providers/polymarket/collateral_accounting_source.rs,string,"""p_usd""","const CLOB_V2_COLLATERAL_BALANCE_UNIT: &str = ""p_usd"";",polymarket_clob_unit_label,"This labels the fixed decimal pUSD unit recorded after scaling Polymarket CLOB micro-denominated balance-allowance values for replayable proof hashing, not a configurable amount."
432,yes,POLICY_TERM_CONFIG_OR_STRUCTURAL,src/bolt_v3_providers/polymarket/collateral_accounting_source.rs,number,1_000_000,const CLOB_V2_COLLATERAL_PUSD_MICRO_SCALE: u32 = 1_000_000;,polymarket_clob_unit_scale,"This is the fixed micro-pUSD scale used by the Polymarket CLOB API and NT parser, not an operator-configured balance or size."
433,yes,NO_POLICY_TERM,src/bolt_v3_providers/polymarket/collateral_accounting_source.rs,string,"""eoa""","super::PolymarketSignatureType::Eoa => ""eoa"",",polymarket_signature_type_label,"This is a stable proof label for the configured Polymarket signature_type enum variant, not an operator runtime value."
434,no,NO_POLICY_TERM,src/bolt_v3_providers/polymarket/collateral_accounting_source.rs,string,"""poly_proxy""","super::PolymarketSignatureType::PolyProxy => ""poly_proxy"",",polymarket_signature_type_label,"This is a stable proof label for the configured Polymarket signature_type enum variant, not an operator runtime value."
435,no,NO_POLICY_TERM,src/bolt_v3_providers/polymarket/collateral_accounting_source.rs,string,"""poly_gnosis_safe""","super::PolymarketSignatureType::PolyGnosisSafe => ""poly_gnosis_safe"",",polymarket_signature_type_label,"This is a stable proof label for the configured Polymarket signature_type enum variant, not an operator runtime value."
436,yes,POLICY_TERM_CONFIG_OR_STRUCTURAL,src/bolt_v3_providers/polymarket/fee_behavior_source.rs,string,"""0.55""","const CLOB_V2_FEE_BEHAVIOR_SELF_TEST_PRICE: &str = ""0.55"";",clob_v2_fee_behavior_self_test_fixture,This is a deterministic local price fixture used only to exercise NT fee behavior code paths before trading; production prices remain source/config derived.
437,yes,SUSPECT_POLICY_REVIEW,src/bolt_v3_providers/polymarket/fee_behavior_source.rs,string,"""0.04""","const CLOB_V2_FEE_BEHAVIOR_SELF_TEST_FEE_RATE: &str = ""0.04"";",clob_v2_fee_behavior_self_test_fixture,This is a deterministic local fee-rate fixture used only to prove taker fee behavior before trading; production fee rates remain venue/source derived.
438,yes,SUSPECT_POLICY_REVIEW,src/bolt_v3_providers/polymarket/fee_behavior_source.rs,string,"""10""","const CLOB_V2_FEE_BEHAVIOR_SELF_TEST_SIZE: &str = ""10"";",clob_v2_fee_behavior_self_test_fixture,"This is a deterministic local order-size fixture used only by the fee behavior self-test, not production sizing."
439,no,POLICY_TERM_CONFIG_OR_STRUCTURAL,src/bolt_v3_providers/polymarket/fee_behavior_source.rs,string,"""10""","const CLOB_V2_FEE_BEHAVIOR_SELF_TEST_BALANCE: &str = ""10"";",clob_v2_fee_behavior_self_test_fixture,"This is a deterministic local balance fixture used only by the fee behavior self-test, not an account or trade balance."
440,yes,SUSPECT_POLICY_REVIEW,src/bolt_v3_providers/polymarket/fee_behavior_source.rs,string,"""0""","const CLOB_V2_FEE_BEHAVIOR_SELF_TEST_BUILDER_FEE_RATE: &str = ""0"";",clob_v2_fee_behavior_self_test_fixture,"This is a deterministic local no-builder-fee fixture used only by the fee behavior self-test, not a production fee override."
441,no,POLICY_TERM_CONFIG_OR_STRUCTURAL,src/bolt_v3_providers/polymarket/fee_behavior_source.rs,number,1.0,const CLOB_V2_FEE_BEHAVIOR_SELF_TEST_EXPONENT: f64 = 1.0;,clob_v2_fee_behavior_self_test_fixture,"This is the neutral exponent used only by the local market-buy adjustment self-test, not an operator runtime value."
442,no,POLICY_TERM_CONFIG_OR_STRUCTURAL,src/bolt_v3_providers/polymarket/fee_behavior_source.rs,string,"""price""","let price = clob_v2_fee_behavior_decimal(""price"", CLOB_V2_FEE_BEHAVIOR_SELF_TEST_PRICE)?;",operator_artifact_validation_field,"This is a fail-closed diagnostic field for parsing the local fee behavior self-test price, not an operator runtime value."
443,no,POLICY_TERM_CONFIG_OR_STRUCTURAL,src/bolt_v3_providers/polymarket/fee_behavior_source.rs,string,"""fee_rate""","clob_v2_fee_behavior_decimal(""fee_rate"", CLOB_V2_FEE_BEHAVIOR_SELF_TEST_FEE_RATE)?;",operator_artifact_validation_field,"This is a fail-closed diagnostic field for parsing the local fee behavior self-test fee rate, not an operator runtime value."
444,no,POLICY_TERM_CONFIG_OR_STRUCTURAL,src/bolt_v3_providers/polymarket/fee_behavior_source.rs,string,"""size""","let size = clob_v2_fee_behavior_decimal(""size"", CLOB_V2_FEE_BEHAVIOR_SELF_TEST_SIZE)?;",operator_artifact_validation_field,"This is a fail-closed diagnostic field for parsing the local fee behavior self-test size, not an operator runtime value."
445,no,POLICY_TERM_CONFIG_OR_STRUCTURAL,src/bolt_v3_providers/polymarket/fee_behavior_source.rs,string,"""balance""","let balance = clob_v2_fee_behavior_decimal(""balance"", CLOB_V2_FEE_BEHAVIOR_SELF_TEST_BALANCE)?;",operator_artifact_validation_field,"This is a fail-closed diagnostic field for parsing the local fee behavior self-test balance, not an operator runtime value."
446,no,POLICY_TERM_CONFIG_OR_STRUCTURAL,src/bolt_v3_providers/polymarket/fee_behavior_source.rs,string,"""builder_fee_rate""","""builder_fee_rate"",",operator_artifact_validation_field,"This is a fail-closed diagnostic field for parsing the local fee behavior self-test builder fee rate, not an operator runtime value."
447,yes,POLICY_TERM_CONFIG_OR_STRUCTURAL,src/bolt_v3_providers/polymarket/fee_behavior_source.rs,string,"""maker_fee""","""maker_fee"",",clob_v2_fee_behavior_source_marker,This is a required source-code marker proving the pinned NT HTTP source exposes maker-fee parsing before the fee behavior artifact is accepted.
448,no,POLICY_TERM_CONFIG_OR_STRUCTURAL,src/bolt_v3_providers/polymarket/fee_behavior_source.rs,string,"""maker_fee_source_marker""","""maker_fee_source_marker"",",operator_artifact_validation_field,"This is a fail-closed diagnostic field for missing CLOB V2 maker-fee source proof, not an operator runtime value."
449,no,POLICY_TERM_CONFIG_OR_STRUCTURAL,src/bolt_v3_providers/polymarket/fee_behavior_source.rs,string,"""Decimal::ZERO""","""Decimal::ZERO"",",clob_v2_fee_behavior_source_marker,This is a required source-code marker proving the pinned NT HTTP source represents the zero maker-fee path.
450,no,POLICY_TERM_CONFIG_OR_STRUCTURAL,src/bolt_v3_providers/polymarket/fee_behavior_source.rs,string,"""maker_zero_source_marker""","""maker_zero_source_marker"",",operator_artifact_validation_field,"This is a fail-closed diagnostic field for missing CLOB V2 zero-maker-fee source proof, not an operator runtime value."
451,no,POLICY_TERM_CONFIG_OR_STRUCTURAL,src/bolt_v3_providers/polymarket/fee_behavior_source.rs,string,"""taker_fee""","""taker_fee"",",clob_v2_fee_behavior_source_marker,This is a required source-code marker proving the pinned NT HTTP source exposes taker-fee parsing before the fee behavior artifact is accepted.
452,no,POLICY_TERM_CONFIG_OR_STRUCTURAL,src/bolt_v3_providers/polymarket/fee_behavior_source.rs,string,"""taker_fee_source_marker""","""taker_fee_source_marker"",",operator_artifact_validation_field,"This is a fail-closed diagnostic field for missing CLOB V2 taker-fee source proof, not an operator runtime value."
453,no,POLICY_TERM_CONFIG_OR_STRUCTURAL,src/bolt_v3_providers/polymarket/fee_behavior_source.rs,string,"""fee_schedule""","""fee_schedule"",",clob_v2_fee_behavior_source_marker,This is a required source-code marker proving the pinned NT HTTP source binds fee-schedule input to parsed market fee behavior.
454,no,POLICY_TERM_CONFIG_OR_STRUCTURAL,src/bolt_v3_providers/polymarket/fee_behavior_source.rs,string,"""fee_schedule_source_marker""","""fee_schedule_source_marker"",",operator_artifact_validation_field,"This is a fail-closed diagnostic field for missing CLOB V2 fee-schedule source proof, not an operator runtime value."
455,no,POLICY_TERM_CONFIG_OR_STRUCTURAL,src/bolt_v3_providers/polymarket/fee_behavior_source.rs,string,"""instrument_taker_fee""","""instrument_taker_fee"",",clob_v2_fee_behavior_source_marker,This is a required source-code marker proving the pinned NT execution source exposes the instrument taker-fee path.
456,no,POLICY_TERM_CONFIG_OR_STRUCTURAL,src/bolt_v3_providers/polymarket/fee_behavior_source.rs,string,"""instrument_taker_fee_source_marker""","""instrument_taker_fee_source_marker"",",operator_artifact_validation_field,"This is a fail-closed diagnostic field for missing CLOB V2 instrument taker-fee source proof, not an operator runtime value."
457,no,POLICY_TERM_CONFIG_OR_STRUCTURAL,src/bolt_v3_providers/polymarket/fee_behavior_source.rs,string,"""compute_commission""","""compute_commission"",",clob_v2_fee_behavior_source_marker,This is a required source-code marker proving the pinned NT execution source exposes the commission formula exercised by the materializer.
458,no,POLICY_TERM_CONFIG_OR_STRUCTURAL,src/bolt_v3_providers/polymarket/fee_behavior_source.rs,string,"""compute_commission_source_marker""","""compute_commission_source_marker"",",operator_artifact_validation_field,"This is a fail-closed diagnostic field for missing CLOB V2 commission-formula source proof, not an operator runtime value."
459,no,POLICY_TERM_CONFIG_OR_STRUCTURAL,src/bolt_v3_providers/polymarket/fee_behavior_source.rs,string,"""LiquiditySide::Taker""","""LiquiditySide::Taker"",",clob_v2_fee_behavior_source_marker,This is a required source-code marker proving the pinned NT execution source distinguishes taker-side fee behavior.
460,no,POLICY_TERM_CONFIG_OR_STRUCTURAL,src/bolt_v3_providers/polymarket/fee_behavior_source.rs,string,"""liquidity_side_source_marker""","""liquidity_side_source_marker"",",operator_artifact_validation_field,"This is a fail-closed diagnostic field for missing CLOB V2 liquidity-side source proof, not an operator runtime value."
461,no,POLICY_TERM_CONFIG_OR_STRUCTURAL,src/bolt_v3_providers/polymarket/fee_behavior_source.rs,string,"""Decimal::ONE - price""","""Decimal::ONE - price"",",clob_v2_fee_behavior_source_marker,This is a required source-code marker proving the pinned NT execution source owns the binary-market fee curve behavior.
462,no,POLICY_TERM_CONFIG_OR_STRUCTURAL,src/bolt_v3_providers/polymarket/fee_behavior_source.rs,string,"""fee_curve_source_marker""","""fee_curve_source_marker"",",operator_artifact_validation_field,"This is a fail-closed diagnostic field for missing CLOB V2 fee-curve source proof, not an operator runtime value."
463,no,POLICY_TERM_CONFIG_OR_STRUCTURAL,src/bolt_v3_providers/polymarket/fee_behavior_source.rs,string,"""adjust_market_buy_amount""","""adjust_market_buy_amount"",",clob_v2_fee_behavior_source_marker,This is a required source-code marker proving the pinned NT execution source exposes the market-buy fee adjustment path.
464,no,POLICY_TERM_CONFIG_OR_STRUCTURAL,src/bolt_v3_providers/polymarket/fee_behavior_source.rs,string,"""market_buy_adjustment_source_marker""","""market_buy_adjustment_source_marker"",",operator_artifact_validation_field,"This is a fail-closed diagnostic field for missing CLOB V2 market-buy adjustment source proof, not an operator runtime value."
465,no,POLICY_TERM_CONFIG_OR_STRUCTURAL,src/bolt_v3_providers/polymarket/fee_behavior_source.rs,string,"""price <= Decimal::ZERO || price >= Decimal::ONE""","""price <= Decimal::ZERO || price >= Decimal::ONE"",",clob_v2_fee_behavior_source_marker,This is a required source-code marker proving the pinned NT execution source enforces binary-market price bounds for the market-buy adjustment path.
466,no,POLICY_TERM_CONFIG_OR_STRUCTURAL,src/bolt_v3_providers/polymarket/fee_behavior_source.rs,string,"""market_buy_price_bound_source_marker""","""market_buy_price_bound_source_marker"",",operator_artifact_validation_field,"This is a fail-closed diagnostic field for missing CLOB V2 market-buy price-bound source proof, not an operator runtime value."
467,yes,POLICY_TERM_CONFIG_OR_STRUCTURAL,src/bolt_v3_operator_artifacts.rs,number,1,.take(max_bytes.saturating_add(1)),bounded_read_oversize_probe,This reads one extra byte beyond the config-owned operator artifact file cap to detect oversize artifacts; it is not an operator runtime value.
468,yes,POLICY_TERM_CONFIG_OR_STRUCTURAL,src/bolt_v3_operator_artifacts.rs,number,0o600,pub(crate) const PRIVATE_ARTIFACT_FILE_MODE: u32 = 0o600;,operator_artifact_file_permission,Single source of truth for the private Unix file mode of generated operator-evidence artifacts and decision-evidence JSONL (both writers reference it via PRIVATE_ARTIFACT_FILE_MODE); it constrains artifact exposure and does not configure trading behavior.
469,yes,NO_POLICY_TERM,src/bolt_v3_operator_artifacts.rs,number,64,value.len() == 64,sha256_hex_width,"This is the structural length of a SHA-256 hex digest used to validate operator artifact hashes, not an operator runtime value."
470,yes,NO_POLICY_TERM,src/main.rs,string,"""{}""","""{}"",",operator_artifact_cli_format,"This is the stdout format token for the redacted static-artifacts summary JSON, not an operator runtime value."
471,yes,POLICY_TERM_CONFIG_OR_STRUCTURAL,src/bolt_v3_decision_evidence.rs,number,1,.take(max_bytes.saturating_add(1)),decision_evidence_bounded_read_oversize_probe,This reads one extra byte beyond the caller-owned decision evidence byte cap to detect oversize evidence; it is not an operator runtime value.
472,yes,POLICY_TERM_CONFIG_OR_STRUCTURAL,src/bolt_v3_decision_evidence.rs,string,"""bolt-v3 decision evidence file exceeds max_bytes={max_bytes}""","""bolt-v3 decision evidence file exceeds max_bytes={max_bytes}""",decision_evidence_error_template,"This is a fail-closed diagnostic template for bounded decision-evidence reads using a caller-owned cap, not an operator runtime value."
473,no,POLICY_TERM_CONFIG_OR_STRUCTURAL,src/bolt_v3_decision_evidence.rs,string,"""strategy_input_snapshot""","""strategy_input_snapshot"" => {",decision_evidence_record_kind,"This is the JSONL decision-evidence record kind emitted by the strategy runtime, not a venue, market, quantity, timeout, path, or policy value."
474,no,POLICY_TERM_CONFIG_OR_STRUCTURAL,src/bolt_v3_decision_evidence.rs,string,"""order_intent""","""order_intent"" => {",decision_evidence_record_kind,"This is the JSONL decision-evidence record kind emitted by the strategy runtime, not a venue, market, quantity, timeout, path, or policy value."
475,no,POLICY_TERM_CONFIG_OR_STRUCTURAL,src/bolt_v3_decision_evidence.rs,string,"""admission_decision""","""admission_decision"" => {",decision_evidence_record_kind,"This is the JSONL decision-evidence record kind emitted by the submit-admission path, not a venue, market, quantity, timeout, path, or policy value."
476,yes,POLICY_TERM_CONFIG_OR_STRUCTURAL,src/bolt_v3_decision_evidence.rs,string,"""strategy_input_snapshot""","""strategy_input_snapshot"",",decision_evidence_record_kind_validation,"This is the expected JSONL envelope discriminator used when validating runtime decision-evidence provenance, not an operator runtime value."
477,no,POLICY_TERM_CONFIG_OR_STRUCTURAL,src/bolt_v3_decision_evidence.rs,string,"""order_intent""","decoded.validate_header(""order_intent"", BOLT_V3_ORDER_INTENT_GATE_ID, index)?;",decision_evidence_record_kind_validation,"This is the expected JSONL envelope discriminator used when validating runtime decision-evidence provenance, not an operator runtime value."
478,no,POLICY_TERM_CONFIG_OR_STRUCTURAL,src/bolt_v3_decision_evidence.rs,string,"""admission_decision""","""admission_decision"",",decision_evidence_record_kind_validation,"This is the expected JSONL envelope discriminator used when validating runtime decision-evidence provenance, not an operator runtime value."
479,no,NO_POLICY_TERM,src/bolt_v3_decision_evidence.rs,string,"""bolt-v3 decision evidence schema_version mismatch at line index {index}""","""bolt-v3 decision evidence schema_version mismatch at line index {index}""",decision_evidence_error_template,"This is a fail-closed diagnostic for mismatched decision-evidence envelope provenance, not an operator runtime value."
480,no,NO_POLICY_TERM,src/bolt_v3_decision_evidence.rs,string,"""bolt-v3 decision evidence gate_id mismatch at line index {index}""","""bolt-v3 decision evidence gate_id mismatch at line index {index}""",decision_evidence_error_template,"This is a fail-closed diagnostic for mismatched decision-evidence envelope provenance, not an operator runtime value."
481,no,NO_POLICY_TERM,src/bolt_v3_decision_evidence.rs,string,"""bolt-v3 decision evidence gate_version mismatch at line index {index}""","""bolt-v3 decision evidence gate_version mismatch at line index {index}""",decision_evidence_error_template,"This is a fail-closed diagnostic for mismatched decision-evidence envelope provenance, not an operator runtime value."
482,no,NO_POLICY_TERM,src/bolt_v3_decision_evidence.rs,string,"""bolt-v3 decision evidence kind mismatch at line index {index}""","""bolt-v3 decision evidence kind mismatch at line index {index}""",decision_evidence_error_template,"This is a fail-closed diagnostic for mismatched decision-evidence envelope provenance, not an operator runtime value."
483,no,POLICY_TERM_CONFIG_OR_STRUCTURAL,src/bolt_v3_decision_evidence.rs,string,"""bolt-v3 entry decision evidence strategy_id mismatch""","""bolt-v3 entry decision evidence strategy_id mismatch""",decision_evidence_error_template,"This is a fail-closed diagnostic for mismatched decision evidence provenance, not an operator runtime value."
484,no,NO_POLICY_TERM,src/bolt_v3_decision_evidence.rs,string,"""bolt-v3 entry decision evidence instrument_id mismatch""","""bolt-v3 entry decision evidence instrument_id mismatch""",decision_evidence_error_template,"This is a fail-closed diagnostic for mismatched decision evidence provenance, not an operator runtime value."
485,no,POLICY_TERM_CONFIG_OR_STRUCTURAL,src/bolt_v3_decision_evidence.rs,string,"""bolt-v3 entry decision evidence order_side mismatch""","""bolt-v3 entry decision evidence order_side mismatch""",decision_evidence_error_template,"This is a fail-closed diagnostic for mismatched decision evidence provenance, not an operator runtime value."
486,no,NO_POLICY_TERM,src/bolt_v3_decision_evidence.rs,string,"""bolt-v3 entry decision evidence price mismatch""","return Err(anyhow!(""bolt-v3 entry decision evidence price mismatch""));",decision_evidence_error_template,"This is a fail-closed diagnostic for mismatched decision evidence provenance, not an operator runtime value."
487,no,POLICY_TERM_CONFIG_OR_STRUCTURAL,src/bolt_v3_decision_evidence.rs,string,"""bolt-v3 entry decision evidence quantity mismatch""","return Err(anyhow!(""bolt-v3 entry decision evidence quantity mismatch""));",decision_evidence_error_template,"This is a fail-closed diagnostic for mismatched decision evidence provenance, not an operator runtime value."
488,yes,POLICY_TERM_CONFIG_OR_STRUCTURAL,src/main.rs,string,"""path""","""path"": &written.path,",operator_artifact_cli_summary_field,This names the CLI JSON summary path field for generated artifacts; the value is evidence output metadata.
489,no,POLICY_TERM_CONFIG_OR_STRUCTURAL,src/main.rs,string,"""sha256""","""sha256"": &written.sha256,",operator_artifact_cli_summary_field,This names the CLI JSON summary SHA-256 field for generated artifacts; the value is evidence output metadata.
490,yes,NO_POLICY_TERM,src/bolt_v3_config.rs,string,"""pyth""","""pyth"",",gate_provider_kind_schema_label,This schema vocabulary label identifies a supported gate provider kind; runtime source values remain TOML or metadata owned.
491,no,NO_POLICY_TERM,src/bolt_v3_config.rs,string,"""exchange_index""","""exchange_index"",",gate_provider_kind_schema_label,This schema vocabulary label identifies a supported gate provider kind; runtime source values remain TOML or metadata owned.
492,no,NO_POLICY_TERM,src/bolt_v3_config.rs,string,"""venue_native""","""venue_native"",",gate_provider_kind_schema_label,This schema vocabulary label identifies a supported gate provider kind; runtime source values remain TOML or metadata owned.
493,no,NO_POLICY_TERM,src/bolt_v3_config.rs,string,"""hyperliquid_hip4""","""hyperliquid_hip4"",",gate_provider_kind_schema_label,This schema vocabulary label identifies a supported gate provider kind; runtime source values remain TOML or metadata owned.
494,no,NO_POLICY_TERM,src/bolt_v3_config.rs,string,"""deribit_index""","""deribit_index"",",gate_provider_kind_schema_label,This schema vocabulary label identifies a supported gate provider kind; runtime source values remain TOML or metadata owned.
495,no,NO_POLICY_TERM,src/bolt_v3_config.rs,string,"""outcome_oracle""","""outcome_oracle"",",gate_provider_kind_schema_label,This schema vocabulary label identifies a supported gate provider kind; runtime source values remain TOML or metadata owned.
496,yes,NO_POLICY_TERM,src/bolt_v3_config.rs,string,"""test_double""","pub const TEST_DOUBLE_PROVIDER_KIND: &str = ""test_double"";",test_only_gate_provider_kind_schema_label,This schema vocabulary label identifies the test-only provider kind and is rejected in live/local operator TOML.
497,yes,POLICY_TERM_CONFIG_OR_STRUCTURAL,src/bolt_v3_config.rs,string,"""resolution_value""","&[""resolution_value"", ""reference_value"", ""market_metadata""];",gate_provider_capability_schema_label,"This schema vocabulary label identifies a semantic provider capability, not a runtime source value."
498,no,POLICY_TERM_CONFIG_OR_STRUCTURAL,src/bolt_v3_config.rs,string,"""reference_value""","&[""resolution_value"", ""reference_value"", ""market_metadata""];",gate_provider_capability_schema_label,"This schema vocabulary label identifies a semantic provider capability, not a runtime source value."
499,no,POLICY_TERM_CONFIG_OR_STRUCTURAL,src/bolt_v3_config.rs,string,"""market_metadata""","&[""resolution_value"", ""reference_value"", ""market_metadata""];",gate_provider_capability_schema_label,"This schema vocabulary label identifies a semantic provider capability, not a runtime source value."
500,yes,POLICY_TERM_CONFIG_OR_STRUCTURAL,src/bolt_v3_config.rs,string,"""resolution""","pub const RESOLUTION_GATE_ROLE: &str = ""resolution"";",gate_role_schema_label,This schema vocabulary label identifies a provider-neutral gate role declared by strategy archetypes.
501,no,POLICY_TERM_CONFIG_OR_STRUCTURAL,src/bolt_v3_config.rs,string,"""decision_reference""","pub const DECISION_REFERENCE_GATE_ROLE: &str = ""decision_reference"";",gate_role_schema_label,This schema vocabulary label identifies a provider-neutral gate role declared by strategy archetypes.
502,yes,NO_POLICY_TERM,src/bolt_v3_config.rs,string,"""price""","pub const PRICE_GATE_VALUE_KIND: &str = ""price"";",gate_value_kind_schema_label,This schema vocabulary label identifies a normalized gate value kind; actual values are evidence or metadata owned.
503,no,NO_POLICY_TERM,src/bolt_v3_config.rs,string,"""index""","""index"",",gate_value_kind_schema_label,This schema vocabulary label identifies a normalized gate value kind; actual values are evidence or metadata owned.
504,no,NO_POLICY_TERM,src/bolt_v3_config.rs,string,"""outcome""","""outcome"",",gate_value_kind_schema_label,This schema vocabulary label identifies a normalized gate value kind; actual values are evidence or metadata owned.
505,no,NO_POLICY_TERM,src/bolt_v3_config.rs,string,"""metadata""","""metadata"",",gate_value_kind_schema_label,This schema vocabulary label identifies a normalized gate value kind; actual values are evidence or metadata owned.
506,yes,NO_POLICY_TERM,src/bolt_v3_config.rs,string,"""none""","pub const NO_RESOLUTION_VALUE_KIND: &str = ""none"";",gate_no_resolution_schema_label,This schema vocabulary label names the no-resolution value-kind sentinel.
507,no,NO_POLICY_TERM,src/bolt_v3_config.rs,string,"""no_resolution""","pub const NO_RESOLUTION_KIND: &str = ""no_resolution"";",gate_no_resolution_schema_label,This schema vocabulary label names the no-resolution mechanism sentinel.
508,yes,NO_POLICY_TERM,src/bolt_v3_config.rs,string,"""ssm_credential_parameter""","pub const SSM_CREDENTIAL_PARAMETER_FIELD: &str = ""ssm_credential_parameter"";",gate_provider_secret_schema_field,This schema field name points to the SSM parameter reference; secret values remain SSM-owned.
509,yes,NO_POLICY_TERM,src/bolt_v3_validate.rs,string,"""ssm_credential_parameter""","const CHAINLINK_DATA_STREAMS_OLD_SSM_CREDENTIAL_PARAMETER_FIELD: &str = ""ssm_credential_parameter"";",chainlink_data_streams_legacy_toml_field,This legacy field name is kept only so validation can fail closed with migration guidance.
510,yes,NO_POLICY_TERM,src/bolt_v3_validate.rs,number,0,.then(|| values[0].as_str()),target_gate_single_provider_selection,This indexes the only allowed provider id after a len==1 guard when validating TOML-owned target gate mappings.
511,yes,POLICY_TERM_CONFIG_OR_STRUCTURAL,src/bolt_v3_validate.rs,number,1,1 => {},chainlink_feed_binding_cardinality,This is the exact one matching Chainlink feed binding required for each configured target gate mapping.
512,no,POLICY_TERM_CONFIG_OR_STRUCTURAL,src/bolt_v3_validate.rs,number,0,"None => 0,",chainlink_feed_binding_cardinality,This is the zero matching feed-binding count for a TOML-owned Chainlink mapping when no binding key is present.
513,yes,POLICY_TERM_CONFIG_OR_STRUCTURAL,src/bolt_v3_validate.rs,number,0,.is_some_and(|max_bytes| max_bytes == 0),positive_integer_validation_zero_floor,This is the zero floor for the TOML-owned decision-evidence recovery read cap; zero is rejected before startup recovery can use it.
514,yes,NO_POLICY_TERM,src/bolt_v3_validate.rs,string,"""allowed_provider_ids""","const TARGET_ALLOWED_PROVIDER_IDS_FIELD: &str = ""allowed_provider_ids"";",target_gate_schema_field,This names the provider-neutral target gate schema field; provider id values remain TOML-owned.
515,no,POLICY_TERM_CONFIG_OR_STRUCTURAL,src/bolt_v3_validate.rs,string,"""gate_subscriptions""","const TARGET_GATE_SUBSCRIPTIONS_FIELD: &str = ""gate_subscriptions"";",target_gate_schema_field,This names the provider-neutral target gate subscription table in strategy TOML.
516,no,NO_POLICY_TERM,src/bolt_v3_validate.rs,string,"""market_mappings""","const TARGET_MARKET_MAPPINGS_FIELD: &str = ""market_mappings"";",target_gate_schema_field,This names the target gate market mapping table; mapping values remain TOML-owned.
517,no,NO_POLICY_TERM,src/bolt_v3_validate.rs,string,"""provider_id""","const TARGET_PROVIDER_ID_FIELD: &str = ""provider_id"";",target_gate_schema_field,This names the selected provider id schema key; provider id values remain TOML-owned.
518,no,POLICY_TERM_CONFIG_OR_STRUCTURAL,src/bolt_v3_validate.rs,string,"""provider_preference""","const TARGET_PROVIDER_PREFERENCE_FIELD: &str = ""provider_preference"";",target_gate_schema_field,This names the target gate provider preference field; provider ordering remains TOML-owned.
519,no,NO_POLICY_TERM,src/bolt_v3_validate.rs,string,"""resolution_kind""","const TARGET_RESOLUTION_KIND_FIELD: &str = ""resolution_kind"";",target_gate_schema_field,This names the target gate mapping provider-kind field; values remain TOML-owned.
520,yes,POLICY_TERM_CONFIG_OR_STRUCTURAL,src/bolt_v3_validate.rs,string,"""gate_providers.{provider_id}.chainlink_data_streams.{CHAINLINK_DATA_STREAMS_FEED_BINDINGS_FIELD}[{index}]""","""gate_providers.{provider_id}.chainlink_data_streams.{CHAINLINK_DATA_STREAMS_FEED_BINDINGS_FIELD}[{index}]""",chainlink_data_streams_validation_context_template,This diagnostic context points to the TOML-owned Chainlink feed binding row being validated.
521,no,NO_POLICY_TERM,src/bolt_v3_validate.rs,string,"""{context}.chainlink_data_streams.{CHAINLINK_DATA_STREAMS_REST_BASE_URL_FIELD}""","""{context}.chainlink_data_streams.{CHAINLINK_DATA_STREAMS_REST_BASE_URL_FIELD}""",chainlink_data_streams_validation_context_template,Diagnostic field path for the gate-provider rest_base_url https-scheme check (shared validate_https_rest_base_url helper); the URL value remains TOML-owned.
522,no,NO_POLICY_TERM,src/bolt_v3_validate.rs,string,"""{context}.chainlink_data_streams.{CHAINLINK_DATA_STREAMS_REPORT_ENDPOINT_PATH_FIELD}""","""{context}.chainlink_data_streams.{CHAINLINK_DATA_STREAMS_REPORT_ENDPOINT_PATH_FIELD}""",chainlink_data_streams_validation_context_template,Diagnostic field path for the gate-provider report_endpoint_path resolver check (shared validate_chainlink_report_endpoint_path helper); the path value remains TOML-owned.
523,no,NO_POLICY_TERM,src/bolt_v3_providers/chainlink/auth.rs,string,"""https""","if url.scheme() != ""https"" {",url_scheme_validation_literal,"Defense-in-depth transport-scheme guard in the signed report-request URL builder; refuses to build a credentialed request over any non-https resolved URL. The scheme is a protocol constant, not a TOML value."
524,yes,POLICY_TERM_CONFIG_OR_STRUCTURAL,src/bolt_v3_validate.rs,string,"""{strategy_context}: target.{TARGET_GATE_SUBSCRIPTIONS_FIELD}.{role}.{TARGET_MARKET_MAPPINGS_FIELD}[{index}]""","""{strategy_context}: target.{TARGET_GATE_SUBSCRIPTIONS_FIELD}.{role}.{TARGET_MARKET_MAPPINGS_FIELD}[{index}]""",target_gate_validation_context_template,This diagnostic context points to the TOML-owned target gate market mapping row being validated.
525,yes,POLICY_TERM_CONFIG_OR_STRUCTURAL,src/bolt_v3_market_families/updown.rs,string,"""provider capability""","""provider capability""",target_gate_validation_diagnostic_label,This diagnostic label distinguishes provider capabilities from gate roles during target validation.
526,yes,NO_POLICY_TERM,src/bolt_v3_market_families/updown.rs,string,"""{subscription_path} uses a single static provider for a rotating market; add market_mappings or provider_kind rotation metadata""","""{subscription_path} uses a single static provider for a rotating market; add market_mappings or provider_kind rotation metadata""",target_gate_validation_diagnostic_template,This validation diagnostic rejects static-provider wiring for rotating markets; it is not a runtime source value.
527,yes,POLICY_TERM_CONFIG_OR_STRUCTURAL,src/bolt_v3_archetypes/binary_oracle_edge_taker.rs,number,0,.filter(|value| *value != 0),gate_provider_freshness_positive_guard,This rejects a zero max-age freshness policy while deriving the temporary taker runtime bridge from TOML-owned gate provider config.
528,no,NO_POLICY_TERM,src/bolt_v3_archetypes/binary_oracle_edge_taker.rs,number,0,.then(|| provider_ids[0].as_str()),target_gate_single_provider_selection,This indexes the only allowed provider id after a len==1 guard when selecting a TOML-owned gate provider for the temporary runtime bridge.
529,no,NO_POLICY_TERM,src/bolt_v3_archetypes/binary_oracle_edge_taker.rs,string,"""allowed_provider_ids""",".get(""allowed_provider_ids"")",target_gate_schema_field,This reads a provider-neutral target gate schema field; the configured provider ids remain TOML-owned.
530,no,POLICY_TERM_CONFIG_OR_STRUCTURAL,src/bolt_v3_archetypes/binary_oracle_edge_taker.rs,string,"""gate_subscriptions""",".and_then(|target| target.get(""gate_subscriptions""))",target_gate_schema_field,This reads the provider-neutral target gate subscription schema table from strategy TOML.
531,no,NO_POLICY_TERM,src/bolt_v3_archetypes/binary_oracle_edge_taker.rs,string,"""market_mappings""",".get(""market_mappings"")",target_gate_schema_field,This reads config-owned target gate market mappings; mapping values remain TOML-owned.
532,no,NO_POLICY_TERM,src/bolt_v3_archetypes/binary_oracle_edge_taker.rs,string,"""provider_id""",".get(""provider_id"")",target_gate_schema_field,This reads the selected target gate provider id key; provider id values remain TOML-owned.
533,no,POLICY_TERM_CONFIG_OR_STRUCTURAL,src/bolt_v3_archetypes/binary_oracle_edge_taker.rs,string,"""provider_preference""",".get(""provider_preference"")",target_gate_schema_field,This reads provider preference ordering from target gate TOML; provider ids remain TOML-owned.
534,no,POLICY_TERM_CONFIG_OR_STRUCTURAL,src/bolt_v3_archetypes/binary_oracle_edge_taker.rs,string,"""resolution_identity""","required_resolution_mapping_string(strategy_instance_id, mapping, ""resolution_identity"")?;",target_gate_schema_field,This reads the target gate resolution identity schema field; the identity value remains TOML-owned.
535,no,POLICY_TERM_CONFIG_OR_STRUCTURAL,src/bolt_v3_archetypes/binary_oracle_edge_taker.rs,string,"""resolution_identity""","required_resolution_mapping_string(strategy_instance_id, mapping, ""resolution_identity"")?",target_gate_schema_field,This reads the decision-reference target gate resolution identity schema field; the identity value remains TOML-owned.
536,no,POLICY_TERM_CONFIG_OR_STRUCTURAL,src/bolt_v3_archetypes/binary_oracle_edge_taker.rs,string,"""resolution_kind""","required_resolution_mapping_string(strategy_instance_id, mapping, ""resolution_kind"")?;",target_gate_schema_field,This reads a target gate mapping schema field before deriving the temporary runtime source identity.
537,no,NO_POLICY_TERM,src/bolt_v3_providers/polymarket/balance_allowance_cache.rs,string,"""/balance-allowance/update""","const CLOB_V2_BALANCE_ALLOWANCE_UPDATE_PATH: &str = ""/balance-allowance/update"";",polymarket_clob_api_path,"This is the fixed Polymarket CLOB REST API path for authenticated balance/allowance cache updates, not an operator-configured venue value."
538,yes,NO_POLICY_TERM,src/bolt_v3_providers/polymarket/balance_allowance_cache.rs,string,"""POLY_ADDRESS""","(""POLY_ADDRESS"".to_string(), address.to_string()),",polymarket_l2_auth_header_name,This is the fixed Polymarket L2 authentication header name; the header value is derived from SSM-resolved credentials and configured funder state.
539,no,POLICY_TERM_CONFIG_OR_STRUCTURAL,src/bolt_v3_providers/polymarket/balance_allowance_cache.rs,string,"""POLY_SIGNATURE""","(""POLY_SIGNATURE"".to_string(), signature),",polymarket_l2_auth_header_name,This is the fixed Polymarket L2 authentication header name; the signature value is generated from SSM-resolved credentials for the approved cache-sync request.
540,no,POLICY_TERM_CONFIG_OR_STRUCTURAL,src/bolt_v3_providers/polymarket/balance_allowance_cache.rs,string,"""POLY_TIMESTAMP""","(""POLY_TIMESTAMP"".to_string(), timestamp),",polymarket_l2_auth_header_name,This is the fixed Polymarket L2 authentication header name; the timestamp value is generated at request time.
541,no,NO_POLICY_TERM,src/bolt_v3_providers/polymarket/balance_allowance_cache.rs,string,"""POLY_API_KEY""","(""POLY_API_KEY"".to_string(), credential.api_key().to_string()),",polymarket_l2_auth_header_name,This is the fixed Polymarket L2 authentication header name; the API key value is resolved from SSM and is not logged.
542,no,NO_POLICY_TERM,src/bolt_v3_providers/polymarket/balance_allowance_cache.rs,string,"""POLY_PASSPHRASE""","""POLY_PASSPHRASE"".to_string(),",polymarket_l2_auth_header_name,This is the fixed Polymarket L2 authentication header name; the passphrase value is resolved from SSM and is not logged.
543,yes,NO_POLICY_TERM,src/main.rs,string,"""clob_v2_balance_allowance_cache_sync_completed""","""clob_v2_balance_allowance_cache_sync_completed"";",operator_artifact_cli_output_schema,This is the redacted CLI output field reporting that the approved Polymarket cache-sync request completed.
544,no,POLICY_TERM_CONFIG_OR_STRUCTURAL,src/main.rs,string,"""execution_client_id""","const CLOB_V2_CACHE_SYNC_EXECUTION_CLIENT_OUTPUT_FIELD: &str = ""execution_client_id"";",operator_artifact_cli_output_schema,This is the redacted CLI output field naming the configured execution client selected from TOML.
545,no,POLICY_TERM_CONFIG_OR_STRUCTURAL,src/main.rs,string,"""request_path""","const CLOB_V2_CACHE_SYNC_REQUEST_PATH_OUTPUT_FIELD: &str = ""request_path"";",operator_artifact_cli_output_schema,This is the redacted CLI output field naming the fixed Polymarket cache-sync API path.
546,no,NO_POLICY_TERM,src/main.rs,string,"""base_url_http_sha256""","const CLOB_V2_CACHE_SYNC_BASE_URL_HTTP_SHA256_OUTPUT_FIELD: &str = ""base_url_http_sha256"";",operator_artifact_cli_output_schema,This is the redacted CLI output field for the hash of the configured Polymarket HTTP base URL.
547,no,NO_POLICY_TERM,src/main.rs,string,"""kill_switch_store_init_completed""","const KILL_SWITCH_STORE_INIT_COMPLETED_OUTPUT_FIELD: &str = ""kill_switch_store_init_completed"";",operator_artifact_cli_output_schema,This is the redacted CLI output field reporting that the kill-switch initial Armed store bootstrap completed.
548,no,POLICY_TERM_CONFIG_OR_STRUCTURAL,src/main.rs,string,"""state_path""","const KILL_SWITCH_STORE_INIT_STATE_PATH_OUTPUT_FIELD: &str = ""state_path"";",operator_artifact_cli_output_schema,This is the redacted CLI output field naming the configured kill-switch state_path that was initialized.
549,yes,NO_POLICY_TERM,src/main.rs,string,"""{}""","println!(""{}"", serde_json::to_string_pretty(&output)?);",operator_artifact_cli_output_format,This is the CLI print format string for already-serialized redacted operator JSON output; no runtime value is hardcoded.
550,yes,NO_POLICY_TERM,src/bolt_v3_providers/polymarket.rs,string,"""http://""","if !on_chain.rpc_url.starts_with(""http://"") && !on_chain.rpc_url.starts_with(""https://"") {",url_scheme_validation,This is the allowed public HTTP URL scheme for the configured read-only Polygon RPC endpoint.
551,no,NO_POLICY_TERM,src/bolt_v3_providers/polymarket.rs,string,"""https://""","if !on_chain.rpc_url.starts_with(""http://"") && !on_chain.rpc_url.starts_with(""https://"") {",url_scheme_validation,This is the allowed public HTTPS URL scheme for the configured read-only Polygon RPC endpoint.
552,yes,NO_POLICY_TERM,src/bolt_v3_providers/polymarket/collateral_accounting_source.rs,string,"""2.0""","const ON_CHAIN_COLLATERAL_JSON_RPC_VERSION: &str = ""2.0"";",json_rpc_protocol_constant,This is the JSON-RPC protocol version field required by Ethereum-compatible RPC endpoints.
553,no,NO_POLICY_TERM,src/bolt_v3_providers/polymarket/collateral_accounting_source.rs,string,"""eth_call""","const ON_CHAIN_COLLATERAL_JSON_RPC_ETH_CALL_METHOD: &str = ""eth_call"";",json_rpc_protocol_constant,This is the Ethereum JSON-RPC method for read-only contract calls.
554,no,NO_POLICY_TERM,src/bolt_v3_providers/polymarket/collateral_accounting_source.rs,string,"""latest""","const ON_CHAIN_COLLATERAL_JSON_RPC_LATEST_BLOCK: &str = ""latest"";",json_rpc_protocol_constant,This is the JSON-RPC block tag used for current read-only on-chain state.
555,no,NO_POLICY_TERM,src/bolt_v3_providers/polymarket/collateral_accounting_source.rs,number,1,const ON_CHAIN_COLLATERAL_JSON_RPC_ID: u64 = 1;,json_rpc_protocol_constant,This is a fixed request id for one-shot JSON-RPC calls where correlation is local to the request.
556,yes,NO_POLICY_TERM,src/bolt_v3_providers/polymarket/collateral_accounting_source.rs,string,"""Content-Type""","const ON_CHAIN_COLLATERAL_CONTENT_TYPE_HEADER: &str = ""Content-Type"";",http_protocol_header_name,This is the standard HTTP header name for the JSON-RPC request body media type.
557,yes,NO_POLICY_TERM,src/bolt_v3_providers/polymarket/collateral_accounting_source.rs,string,"""application/json""","const ON_CHAIN_COLLATERAL_CONTENT_TYPE_JSON: &str = ""application/json"";",http_protocol_media_type,This is the standard media type for JSON-RPC request bodies.
558,yes,NO_POLICY_TERM,src/bolt_v3_providers/polymarket/collateral_accounting_source.rs,string,"""balanceOf(address)""","const ON_CHAIN_COLLATERAL_BALANCE_OF_SIGNATURE: &str = ""balanceOf(address)"";",erc20_abi_signature,This is the ERC-20 balanceOf function signature; the selector is derived with keccak256 at runtime.
559,no,NO_POLICY_TERM,src/bolt_v3_providers/polymarket/collateral_accounting_source.rs,string,"""allowance(address,address)""","const ON_CHAIN_COLLATERAL_ALLOWANCE_SIGNATURE: &str = ""allowance(address,address)"";",erc20_abi_signature,This is the ERC-20 allowance function signature; the selector is derived with keccak256 at runtime.
560,yes,NO_POLICY_TERM,src/bolt_v3_providers/polymarket/collateral_accounting_source.rs,string,"""0x""","const ON_CHAIN_COLLATERAL_HEX_PREFIX: &str = ""0x"";",ethereum_hex_encoding,"This is the standard Ethereum hex-string prefix used for addresses, calldata, and RPC results."
561,yes,POLICY_TERM_CONFIG_OR_STRUCTURAL,src/bolt_v3_providers/polymarket/collateral_accounting_source.rs,number,64,const ON_CHAIN_COLLATERAL_EVM_WORD_HEX_LEN: usize = 64;,evm_abi_word_encoding,This is the 32-byte EVM ABI word width represented as 64 hex characters.
562,yes,POLICY_TERM_CONFIG_OR_STRUCTURAL,src/bolt_v3_providers/polymarket/collateral_accounting_source.rs,number,40,const ON_CHAIN_COLLATERAL_EVM_ADDRESS_HEX_LEN: usize = 40;,evm_address_encoding,This is the 20-byte EVM address width represented as 40 hex characters.
563,yes,NO_POLICY_TERM,src/bolt_v3_providers/polymarket/collateral_accounting_source.rs,string,"""jsonrpc""","""jsonrpc"": ON_CHAIN_COLLATERAL_JSON_RPC_VERSION,",json_rpc_protocol_field,This is the JSON-RPC request field name for the protocol version.
564,no,NO_POLICY_TERM,src/bolt_v3_providers/polymarket/collateral_accounting_source.rs,string,"""id""","""id"": ON_CHAIN_COLLATERAL_JSON_RPC_ID,",json_rpc_protocol_field,This is the JSON-RPC request field name for the request id.
565,no,NO_POLICY_TERM,src/bolt_v3_providers/polymarket/collateral_accounting_source.rs,string,"""method""","""method"": ON_CHAIN_COLLATERAL_JSON_RPC_ETH_CALL_METHOD,",json_rpc_protocol_field,This is the JSON-RPC request field name for the method.
566,no,NO_POLICY_TERM,src/bolt_v3_providers/polymarket/collateral_accounting_source.rs,string,"""params""","""params"": [",json_rpc_protocol_field,This is the JSON-RPC request field name for method parameters.
567,yes,NO_POLICY_TERM,src/bolt_v3_providers/polymarket/collateral_accounting_source.rs,string,"""data""","""data"": calldata,",ethereum_rpc_call_field,This is the Ethereum eth_call transaction object field for ABI calldata.
568,no,NO_POLICY_TERM,src/bolt_v3_providers/polymarket/collateral_accounting_source.rs,number,32,") -> Result<[u8; 32], BoltV3OperatorArtifactError> {",evm_abi_word_encoding,This is the byte width of a decoded EVM uint256 ABI word.
569,no,NO_POLICY_TERM,src/bolt_v3_providers/polymarket/collateral_accounting_source.rs,number,32,"fn parse_u256_word_hex(value: &str) -> Result<[u8; 32], BoltV3OperatorArtifactError> {",evm_abi_word_encoding,This is the byte width of a decoded EVM uint256 ABI word.
570,no,NO_POLICY_TERM,src/bolt_v3_providers/polymarket/collateral_accounting_source.rs,number,32,"fn u256_word_to_decimal_string(word: &[u8; 32], decimals: u32) -> String {",evm_abi_word_encoding,This is the byte width of a decoded EVM uint256 ABI word.
571,yes,POLICY_TERM_CONFIG_OR_STRUCTURAL,src/bolt_v3_providers/polymarket/collateral_accounting_source.rs,number,0_u8,let mut word = [0_u8; 32];,evm_abi_word_buffer_initialization,This initializes the fixed-size decoded EVM word buffer before copying validated bytes into it.
572,no,NO_POLICY_TERM,src/bolt_v3_providers/polymarket/collateral_accounting_source.rs,number,32,let mut word = [0_u8; 32];,evm_abi_word_encoding,This is the byte width of a decoded EVM uint256 ABI word.
573,yes,POLICY_TERM_CONFIG_OR_STRUCTURAL,src/bolt_v3_providers/polymarket/collateral_accounting_source.rs,number,0_u8,let mut digits = vec![0_u8];,decimal_string_conversion,This initializes the arbitrary-size base-10 digit accumulator at zero.
574,yes,NO_POLICY_TERM,src/bolt_v3_providers/polymarket/collateral_accounting_source.rs,number,256,let value = u32::from(*digit) * 256 + carry;,base256_integer_conversion,This converts the big-endian uint256 byte stream into a base-10 digit accumulator.
575,no,NO_POLICY_TERM,src/bolt_v3_providers/polymarket/collateral_accounting_source.rs,number,10,*digit = (value % 10) as u8;,decimal_string_conversion,This is the base-10 modulus used to emit decimal digits from the uint256 accumulator.
576,no,NO_POLICY_TERM,src/bolt_v3_providers/polymarket/collateral_accounting_source.rs,number,10,carry = value / 10;,decimal_string_conversion,This is the base-10 division used to carry decimal digits from the uint256 accumulator.
577,no,NO_POLICY_TERM,src/bolt_v3_providers/polymarket/collateral_accounting_source.rs,number,0,while carry != 0 {,decimal_string_conversion,This is the zero sentinel for exhausting carry during decimal string conversion.
578,no,NO_POLICY_TERM,src/bolt_v3_providers/polymarket/collateral_accounting_source.rs,number,10,digits.push((carry % 10) as u8);,decimal_string_conversion,This is the base-10 modulus used to append decimal digits from carry.
579,no,NO_POLICY_TERM,src/bolt_v3_providers/polymarket/collateral_accounting_source.rs,number,10,carry /= 10;,decimal_string_conversion,This is the base-10 division used to consume carry.
580,yes,POLICY_TERM_CONFIG_OR_STRUCTURAL,src/bolt_v3_providers/polymarket/collateral_accounting_source.rs,number,1,let mut padded = String::with_capacity(decimals + 1);,decimal_string_formatting,This reserves one leading zero before the decimal point for sub-unit values.
581,no,NO_POLICY_TERM,src/bolt_v3_providers/polymarket/collateral_accounting_source.rs,number,1,"padded.extend(std::iter::repeat_n('0', decimals + 1 - integer.len()));",decimal_string_formatting,This accounts for the leading integer zero before the decimal point for sub-unit values.
582,yes,POLICY_TERM_CONFIG_OR_STRUCTURAL,src/bolt_v3_providers/polymarket/collateral_accounting_source.rs,string,"""0""","let integer = if integer.is_empty() { ""0"" } else { integer };",decimal_string_normalization,This is the canonical textual zero used when normalizing arbitrary-size decimal strings.
583,yes,NO_POLICY_TERM,src/bolt_v3_providers/polymarket/collateral_accounting_source.rs,number,4,hex::encode(&keccak256(signature.as_bytes())[..4]),evm_abi_selector_encoding,EVM function selectors are the first four bytes of the keccak256 hash of the ABI signature.
584,yes,POLICY_TERM_CONFIG_OR_STRUCTURAL,src/bolt_v3_providers/binance.rs,string,"""Binance Spot WebSocket URL for NT subscribe_quotes""","""Binance Spot WebSocket URL for NT subscribe_quotes""",binance_data_client_validation_label,This is a provider-local validation label for Binance data-client URL diagnostics; the URL value remains TOML-owned.
585,no,NO_POLICY_TERM,src/bolt_v3_providers/binance.rs,string,"""Binance WebSocket URL""","""Binance WebSocket URL""",binance_data_client_validation_label,This is a provider-local validation label for Binance data-client URL diagnostics; the URL value remains TOML-owned.
586,yes,NO_POLICY_TERM,src/bolt_v3_providers/market_data.rs,string,"""BITMEX""","pub const BITMEX_KEY: &str = ""BITMEX"";",provider_adapter_registry_key,This is the provider adapter registry key used to dispatch configured clients to NT-backed adapters; it does not select a market or runtime target.
587,no,NO_POLICY_TERM,src/bolt_v3_providers/market_data.rs,string,"""BYBIT""","pub const BYBIT_KEY: &str = ""BYBIT"";",provider_adapter_registry_key,This is the provider adapter registry key used to dispatch configured clients to NT-backed adapters; it does not select a market or runtime target.
588,no,NO_POLICY_TERM,src/bolt_v3_providers/market_data.rs,string,"""COINBASE""","pub const COINBASE_KEY: &str = ""COINBASE"";",provider_adapter_registry_key,This is the provider adapter registry key used to dispatch configured clients to NT-backed adapters; it does not select a market or runtime target.
589,no,NO_POLICY_TERM,src/bolt_v3_providers/market_data.rs,string,"""DERIBIT""","pub const DERIBIT_KEY: &str = ""DERIBIT"";",provider_adapter_registry_key,This is the provider adapter registry key used to dispatch configured clients to NT-backed adapters; it does not select a market or runtime target.
590,no,NO_POLICY_TERM,src/bolt_v3_providers/market_data.rs,string,"""OKX""","pub const OKX_KEY: &str = ""OKX"";",provider_adapter_registry_key,This is the provider adapter registry key used to dispatch configured clients to NT-backed adapters; it does not select a market or runtime target.
591,no,NO_POLICY_TERM,src/bolt_v3_providers/market_data.rs,string,"""KRAKEN""","pub const KRAKEN_KEY: &str = ""KRAKEN"";",provider_adapter_registry_key,This is the provider adapter registry key used to dispatch configured clients to NT-backed adapters; it does not select a market or runtime target.
592,no,NO_POLICY_TERM,src/bolt_v3_providers/market_data.rs,string,"""nautilus_bitmex::common::credential""","pub const BITMEX_CREDENTIAL_LOG_MODULES: &[&str] = &[""nautilus_bitmex::common::credential""];",provider_credential_log_module,This is a fixed NT credential log module path used to prove credential redaction coverage; no credential value is logged or configured here.
593,no,NO_POLICY_TERM,src/bolt_v3_providers/market_data.rs,string,"""nautilus_bybit::common::credential""","pub const BYBIT_CREDENTIAL_LOG_MODULES: &[&str] = &[""nautilus_bybit::common::credential""];",provider_credential_log_module,This is a fixed NT credential log module path used to prove credential redaction coverage; no credential value is logged or configured here.
594,no,NO_POLICY_TERM,src/bolt_v3_providers/market_data.rs,string,"""nautilus_coinbase::common::credential""","pub const COINBASE_CREDENTIAL_LOG_MODULES: &[&str] = &[""nautilus_coinbase::common::credential""];",provider_credential_log_module,This is a fixed NT credential log module path used to prove credential redaction coverage; no credential value is logged or configured here.
595,no,NO_POLICY_TERM,src/bolt_v3_providers/market_data.rs,string,"""nautilus_deribit::common::credential""","pub const DERIBIT_CREDENTIAL_LOG_MODULES: &[&str] = &[""nautilus_deribit::common::credential""];",provider_credential_log_module,This is a fixed NT credential log module path used to prove credential redaction coverage; no credential value is logged or configured here.
596,no,NO_POLICY_TERM,src/bolt_v3_providers/market_data.rs,string,"""nautilus_okx::common::credential""","pub const OKX_CREDENTIAL_LOG_MODULES: &[&str] = &[""nautilus_okx::common::credential""];",provider_credential_log_module,This is a fixed NT credential log module path used to prove credential redaction coverage; no credential value is logged or configured here.
597,no,NO_POLICY_TERM,src/bolt_v3_providers/market_data.rs,string,"""nautilus_kraken::common::credential""","pub const KRAKEN_CREDENTIAL_LOG_MODULES: &[&str] = &[""nautilus_kraken::common::credential""];",provider_credential_log_module,This is a fixed NT credential log module path used to prove credential redaction coverage; no credential value is logged or configured here.
598,yes,NO_POLICY_TERM,src/bolt_v3_providers/market_data.rs,string,"""BITMEX_TESTNET_API_KEY""","""BITMEX_TESTNET_API_KEY"",",provider_forbidden_env_var_name,This names a provider environment variable that Bolt-v3 rejects to enforce SSM-only secrets.
599,no,NO_POLICY_TERM,src/bolt_v3_providers/market_data.rs,string,"""BITMEX_TESTNET_API_SECRET""","""BITMEX_TESTNET_API_SECRET"",",provider_forbidden_env_var_name,This names a provider environment variable that Bolt-v3 rejects to enforce SSM-only secrets.
600,no,NO_POLICY_TERM,src/bolt_v3_providers/market_data.rs,string,"""BITMEX_API_KEY""","""BITMEX_API_KEY"",",provider_forbidden_env_var_name,This names a provider environment variable that Bolt-v3 rejects to enforce SSM-only secrets.
601,no,NO_POLICY_TERM,src/bolt_v3_providers/market_data.rs,string,"""BITMEX_API_SECRET""","""BITMEX_API_SECRET"",",provider_forbidden_env_var_name,This names a provider environment variable that Bolt-v3 rejects to enforce SSM-only secrets.
602,no,NO_POLICY_TERM,src/bolt_v3_providers/market_data.rs,string,"""BYBIT_DEMO_API_KEY""","""BYBIT_DEMO_API_KEY"",",provider_forbidden_env_var_name,This names a provider environment variable that Bolt-v3 rejects to enforce SSM-only secrets.
603,no,NO_POLICY_TERM,src/bolt_v3_providers/market_data.rs,string,"""BYBIT_DEMO_API_SECRET""","""BYBIT_DEMO_API_SECRET"",",provider_forbidden_env_var_name,This names a provider environment variable that Bolt-v3 rejects to enforce SSM-only secrets.
604,no,NO_POLICY_TERM,src/bolt_v3_providers/market_data.rs,string,"""BYBIT_TESTNET_API_KEY""","""BYBIT_TESTNET_API_KEY"",",provider_forbidden_env_var_name,This names a provider environment variable that Bolt-v3 rejects to enforce SSM-only secrets.
605,no,NO_POLICY_TERM,src/bolt_v3_providers/market_data.rs,string,"""BYBIT_TESTNET_API_SECRET""","""BYBIT_TESTNET_API_SECRET"",",provider_forbidden_env_var_name,This names a provider environment variable that Bolt-v3 rejects to enforce SSM-only secrets.
606,no,NO_POLICY_TERM,src/bolt_v3_providers/market_data.rs,string,"""BYBIT_API_KEY""","""BYBIT_API_KEY"",",provider_forbidden_env_var_name,This names a provider environment variable that Bolt-v3 rejects to enforce SSM-only secrets.
607,no,NO_POLICY_TERM,src/bolt_v3_providers/market_data.rs,string,"""BYBIT_API_SECRET""","""BYBIT_API_SECRET"",",provider_forbidden_env_var_name,This names a provider environment variable that Bolt-v3 rejects to enforce SSM-only secrets.
608,no,NO_POLICY_TERM,src/bolt_v3_providers/market_data.rs,string,"""COINBASE_API_KEY""","pub const COINBASE_FORBIDDEN_ENV_VARS: &[&str] = &[""COINBASE_API_KEY"", ""COINBASE_API_SECRET""];",provider_forbidden_env_var_name,This names a provider environment variable that Bolt-v3 rejects to enforce SSM-only secrets.
609,no,NO_POLICY_TERM,src/bolt_v3_providers/market_data.rs,string,"""COINBASE_API_SECRET""","pub const COINBASE_FORBIDDEN_ENV_VARS: &[&str] = &[""COINBASE_API_KEY"", ""COINBASE_API_SECRET""];",provider_forbidden_env_var_name,This names a provider environment variable that Bolt-v3 rejects to enforce SSM-only secrets.
610,no,NO_POLICY_TERM,src/bolt_v3_providers/market_data.rs,string,"""DERIBIT_TESTNET_API_KEY""","""DERIBIT_TESTNET_API_KEY"",",provider_forbidden_env_var_name,This names a provider environment variable that Bolt-v3 rejects to enforce SSM-only secrets.
611,no,NO_POLICY_TERM,src/bolt_v3_providers/market_data.rs,string,"""DERIBIT_TESTNET_API_SECRET""","""DERIBIT_TESTNET_API_SECRET"",",provider_forbidden_env_var_name,This names a provider environment variable that Bolt-v3 rejects to enforce SSM-only secrets.
612,no,NO_POLICY_TERM,src/bolt_v3_providers/market_data.rs,string,"""DERIBIT_API_KEY""","""DERIBIT_API_KEY"",",provider_forbidden_env_var_name,This names a provider environment variable that Bolt-v3 rejects to enforce SSM-only secrets.
613,no,NO_POLICY_TERM,src/bolt_v3_providers/market_data.rs,string,"""DERIBIT_API_SECRET""","""DERIBIT_API_SECRET"",",provider_forbidden_env_var_name,This names a provider environment variable that Bolt-v3 rejects to enforce SSM-only secrets.
614,no,NO_POLICY_TERM,src/bolt_v3_providers/market_data.rs,string,"""OKX_API_KEY""","&[""OKX_API_KEY"", ""OKX_API_SECRET"", ""OKX_API_PASSPHRASE""];",provider_forbidden_env_var_name,This names a provider environment variable that Bolt-v3 rejects to enforce SSM-only secrets.
615,no,NO_POLICY_TERM,src/bolt_v3_providers/market_data.rs,string,"""OKX_API_SECRET""","&[""OKX_API_KEY"", ""OKX_API_SECRET"", ""OKX_API_PASSPHRASE""];",provider_forbidden_env_var_name,This names a provider environment variable that Bolt-v3 rejects to enforce SSM-only secrets.
616,no,NO_POLICY_TERM,src/bolt_v3_providers/market_data.rs,string,"""OKX_API_PASSPHRASE""","&[""OKX_API_KEY"", ""OKX_API_SECRET"", ""OKX_API_PASSPHRASE""];",provider_forbidden_env_var_name,This names a provider environment variable that Bolt-v3 rejects to enforce SSM-only secrets.
617,no,NO_POLICY_TERM,src/bolt_v3_providers/market_data.rs,string,"""KRAKEN_SPOT_API_KEY""","""KRAKEN_SPOT_API_KEY"",",provider_forbidden_env_var_name,This names a provider environment variable that Bolt-v3 rejects to enforce SSM-only secrets.
618,no,NO_POLICY_TERM,src/bolt_v3_providers/market_data.rs,string,"""KRAKEN_SPOT_API_SECRET""","""KRAKEN_SPOT_API_SECRET"",",provider_forbidden_env_var_name,This names a provider environment variable that Bolt-v3 rejects to enforce SSM-only secrets.
619,no,NO_POLICY_TERM,src/bolt_v3_providers/market_data.rs,string,"""KRAKEN_FUTURES_DEMO_API_KEY""","""KRAKEN_FUTURES_DEMO_API_KEY"",",provider_forbidden_env_var_name,This names a provider environment variable that Bolt-v3 rejects to enforce SSM-only secrets.
620,no,NO_POLICY_TERM,src/bolt_v3_providers/market_data.rs,string,"""KRAKEN_FUTURES_DEMO_API_SECRET""","""KRAKEN_FUTURES_DEMO_API_SECRET"",",provider_forbidden_env_var_name,This names a provider environment variable that Bolt-v3 rejects to enforce SSM-only secrets.
621,no,NO_POLICY_TERM,src/bolt_v3_providers/market_data.rs,string,"""KRAKEN_FUTURES_API_KEY""","""KRAKEN_FUTURES_API_KEY"",",provider_forbidden_env_var_name,This names a provider environment variable that Bolt-v3 rejects to enforce SSM-only secrets.
622,no,NO_POLICY_TERM,src/bolt_v3_providers/market_data.rs,string,"""KRAKEN_FUTURES_API_SECRET""","""KRAKEN_FUTURES_API_SECRET"",",provider_forbidden_env_var_name,This names a provider environment variable that Bolt-v3 rejects to enforce SSM-only secrets.
623,yes,NO_POLICY_TERM,src/bolt_v3_providers/market_data.rs,string,"""api_key""","""api_key"",",provider_private_config_field_name,This is a private credential field-name marker for provider config validation; credential values remain SSM-owned.
624,no,NO_POLICY_TERM,src/bolt_v3_providers/market_data.rs,string,"""api_secret""","""api_secret"",",provider_private_config_field_name,This is a private credential field-name marker for provider config validation; credential values remain SSM-owned.
625,no,NO_POLICY_TERM,src/bolt_v3_providers/market_data.rs,string,"""api_passphrase""","""api_passphrase"",",provider_private_config_field_name,This is a private credential field-name marker for provider config validation; credential values remain SSM-owned.
626,no,NO_POLICY_TERM,src/bolt_v3_providers/market_data.rs,string,"""private_key""","""private_key"",",provider_private_config_field_name,This is a private credential field-name marker for provider config validation; credential values remain SSM-owned.
627,no,NO_POLICY_TERM,src/bolt_v3_providers/market_data.rs,string,"""username""","""username"",",provider_private_config_field_name,This is a private credential field-name marker for provider config validation; credential values remain SSM-owned.
628,no,NO_POLICY_TERM,src/bolt_v3_providers/market_data.rs,string,"""password""","""password"",",provider_private_config_field_name,This is a private credential field-name marker for provider config validation; credential values remain SSM-owned.
629,no,NO_POLICY_TERM,src/bolt_v3_providers/market_data.rs,string,"""app_key""","""app_key"",",provider_private_config_field_name,This is a private credential field-name marker for provider config validation; credential values remain SSM-owned.
630,no,NO_POLICY_TERM,src/bolt_v3_providers/market_data.rs,string,"""wallet_address""","""wallet_address"",",provider_private_config_field_name,This is a private credential field-name marker for provider config validation; credential values remain SSM-owned.
631,yes,NO_POLICY_TERM,src/bolt_v3_providers/market_data.rs,string,"""base_url_http""","""base_url_http"",",provider_data_config_toml_field,This is a provider data-client TOML field-name allowlist entry; the runtime value remains TOML-owned.
632,no,NO_POLICY_TERM,src/bolt_v3_providers/market_data.rs,string,"""base_url_ws""","""base_url_ws"",",provider_data_config_toml_field,This is a provider data-client TOML field-name allowlist entry; the runtime value remains TOML-owned.
633,no,NO_POLICY_TERM,src/bolt_v3_providers/market_data.rs,string,"""proxy_url""","""proxy_url"",",provider_data_config_toml_field,This is a provider data-client TOML field-name allowlist entry; the runtime value remains TOML-owned.
634,no,POLICY_TERM_CONFIG_OR_STRUCTURAL,src/bolt_v3_providers/market_data.rs,string,"""http_timeout_secs""","""http_timeout_secs"",",provider_data_config_toml_field,This is a provider data-client TOML field-name allowlist entry; the runtime value remains TOML-owned.
635,no,POLICY_TERM_CONFIG_OR_STRUCTURAL,src/bolt_v3_providers/market_data.rs,string,"""max_retries""","""max_retries"",",provider_data_config_toml_field,This is a provider data-client TOML field-name allowlist entry; the runtime value remains TOML-owned.
636,no,NO_POLICY_TERM,src/bolt_v3_providers/market_data.rs,string,"""retry_delay_initial_ms""","""retry_delay_initial_ms"",",provider_data_config_toml_field,This is a provider data-client TOML field-name allowlist entry; the runtime value remains TOML-owned.
637,no,POLICY_TERM_CONFIG_OR_STRUCTURAL,src/bolt_v3_providers/market_data.rs,string,"""retry_delay_max_ms""","""retry_delay_max_ms"",",provider_data_config_toml_field,This is a provider data-client TOML field-name allowlist entry; the runtime value remains TOML-owned.
638,no,NO_POLICY_TERM,src/bolt_v3_providers/market_data.rs,string,"""heartbeat_interval_secs""","""heartbeat_interval_secs"",",provider_data_config_toml_field,This is a provider data-client TOML field-name allowlist entry; the runtime value remains TOML-owned.
639,no,POLICY_TERM_CONFIG_OR_STRUCTURAL,src/bolt_v3_providers/market_data.rs,string,"""recv_window_ms""","""recv_window_ms"",",provider_data_config_toml_field,This is a provider data-client TOML field-name allowlist entry; the runtime value remains TOML-owned.
640,no,NO_POLICY_TERM,src/bolt_v3_providers/market_data.rs,string,"""active_only""","""active_only"",",provider_data_config_toml_field,This is a provider data-client TOML field-name allowlist entry; the runtime value remains TOML-owned.
641,no,POLICY_TERM_CONFIG_OR_STRUCTURAL,src/bolt_v3_providers/market_data.rs,string,"""update_instruments_interval_mins""","""update_instruments_interval_mins"",",provider_data_config_toml_field,This is a provider data-client TOML field-name allowlist entry; the runtime value remains TOML-owned.
642,no,NO_POLICY_TERM,src/bolt_v3_providers/market_data.rs,string,"""environment""","""environment"",",provider_data_config_toml_field,This is a provider data-client TOML field-name allowlist entry; the runtime value remains TOML-owned.
643,no,POLICY_TERM_CONFIG_OR_STRUCTURAL,src/bolt_v3_providers/market_data.rs,string,"""max_requests_per_second""","""max_requests_per_second"",",provider_data_config_toml_field,This is a provider data-client TOML field-name allowlist entry; the runtime value remains TOML-owned.
644,no,POLICY_TERM_CONFIG_OR_STRUCTURAL,src/bolt_v3_providers/market_data.rs,string,"""max_requests_per_minute""","""max_requests_per_minute"",",provider_data_config_toml_field,This is a provider data-client TOML field-name allowlist entry; the runtime value remains TOML-owned.
645,no,NO_POLICY_TERM,src/bolt_v3_providers/market_data.rs,string,"""transport_backend""","""transport_backend"",",provider_data_config_toml_field,This is a provider data-client TOML field-name allowlist entry; the runtime value remains TOML-owned.
646,no,NO_POLICY_TERM,src/bolt_v3_providers/market_data.rs,string,"""product_types""","""product_types"",",provider_data_config_toml_field,This is a provider data-client TOML field-name allowlist entry; the runtime value remains TOML-owned.
647,no,NO_POLICY_TERM,src/bolt_v3_providers/market_data.rs,string,"""base_url_ws_public""","""base_url_ws_public"",",provider_data_config_toml_field,This is a provider data-client TOML field-name allowlist entry; the runtime value remains TOML-owned.
648,no,NO_POLICY_TERM,src/bolt_v3_providers/market_data.rs,string,"""base_url_ws_private""","""base_url_ws_private"",",provider_data_config_toml_field,This is a provider data-client TOML field-name allowlist entry; the runtime value remains TOML-owned.
649,no,NO_POLICY_TERM,src/bolt_v3_providers/market_data.rs,string,"""instrument_status_poll_secs""","""instrument_status_poll_secs"",",provider_data_config_toml_field,This is a provider data-client TOML field-name allowlist entry; the runtime value remains TOML-owned.
650,no,NO_POLICY_TERM,src/bolt_v3_providers/market_data.rs,string,"""base_url_rest""","""base_url_rest"",",provider_data_config_toml_field,This is a provider data-client TOML field-name allowlist entry; the runtime value remains TOML-owned.
651,no,POLICY_TERM_CONFIG_OR_STRUCTURAL,src/bolt_v3_providers/market_data.rs,string,"""ws_timeout_secs""","""ws_timeout_secs"",",provider_data_config_toml_field,This is a provider data-client TOML field-name allowlist entry; the runtime value remains TOML-owned.
652,no,NO_POLICY_TERM,src/bolt_v3_providers/market_data.rs,string,"""derivatives_poll_interval_secs""","""derivatives_poll_interval_secs"",",provider_data_config_toml_field,This is a provider data-client TOML field-name allowlist entry; the runtime value remains TOML-owned.
653,no,NO_POLICY_TERM,src/bolt_v3_providers/market_data.rs,string,"""auto_load_missing_instruments""","""auto_load_missing_instruments"",",provider_data_config_toml_field,This is a provider data-client TOML field-name allowlist entry; the runtime value remains TOML-owned.
654,no,NO_POLICY_TERM,src/bolt_v3_providers/market_data.rs,string,"""instrument_types""","""instrument_types"",",provider_data_config_toml_field,This is a provider data-client TOML field-name allowlist entry; the runtime value remains TOML-owned.
655,no,NO_POLICY_TERM,src/bolt_v3_providers/market_data.rs,string,"""contract_types""","""contract_types"",",provider_data_config_toml_field,This is a provider data-client TOML field-name allowlist entry; the runtime value remains TOML-owned.
656,no,NO_POLICY_TERM,src/bolt_v3_providers/market_data.rs,string,"""load_spreads""","""load_spreads"",",provider_data_config_toml_field,This is a provider data-client TOML field-name allowlist entry; the runtime value remains TOML-owned.
657,no,NO_POLICY_TERM,src/bolt_v3_providers/market_data.rs,string,"""instrument_families""","""instrument_families"",",provider_data_config_toml_field,This is a provider data-client TOML field-name allowlist entry; the runtime value remains TOML-owned.
658,no,NO_POLICY_TERM,src/bolt_v3_providers/market_data.rs,string,"""base_url_ws_business""","""base_url_ws_business"",",provider_data_config_toml_field,This is a provider data-client TOML field-name allowlist entry; the runtime value remains TOML-owned.
659,no,NO_POLICY_TERM,src/bolt_v3_providers/market_data.rs,string,"""vip_level""","""vip_level"",",provider_data_config_toml_field,This is a provider data-client TOML field-name allowlist entry; the runtime value remains TOML-owned.
660,no,NO_POLICY_TERM,src/bolt_v3_providers/market_data.rs,string,"""product_type""","""product_type"",",provider_data_config_toml_field,This is a provider data-client TOML field-name allowlist entry; the runtime value remains TOML-owned.
661,no,NO_POLICY_TERM,src/bolt_v3_providers/market_data.rs,string,"""base_url""","""base_url"",",provider_data_config_toml_field,This is a provider data-client TOML field-name allowlist entry; the runtime value remains TOML-owned.
662,no,NO_POLICY_TERM,src/bolt_v3_providers/market_data.rs,string,"""ws_public_url""","""ws_public_url"",",provider_data_config_toml_field,This is a provider data-client TOML field-name allowlist entry; the runtime value remains TOML-owned.
663,no,NO_POLICY_TERM,src/bolt_v3_providers/market_data.rs,string,"""ws_private_url""","""ws_private_url"",",provider_data_config_toml_field,This is a provider data-client TOML field-name allowlist entry; the runtime value remains TOML-owned.
664,no,NO_POLICY_TERM,src/bolt_v3_providers/market_data.rs,string,"""ws_l3_url""","""ws_l3_url"",",provider_data_config_toml_field,This is a provider data-client TOML field-name allowlist entry; the runtime value remains TOML-owned.
665,no,NO_POLICY_TERM,src/bolt_v3_providers/market_data.rs,string,"""validate_l3_checksum""","""validate_l3_checksum"",",provider_data_config_toml_field,This is a provider data-client TOML field-name allowlist entry; the runtime value remains TOML-owned.
666,no,POLICY_TERM_CONFIG_OR_STRUCTURAL,src/bolt_v3_providers/market_data.rs,string,"""ws_idle_timeout_ms""","""ws_idle_timeout_ms"",",provider_data_config_toml_field,This is a provider data-client TOML field-name allowlist entry; the runtime value remains TOML-owned.
667,no,POLICY_TERM_CONFIG_OR_STRUCTURAL,src/bolt_v3_providers/market_data.rs,string,"""timeout_secs""","""timeout_secs"",",provider_data_config_toml_field,This is a provider data-client TOML field-name allowlist entry; the runtime value remains TOML-owned.
668,no,NO_POLICY_TERM,src/bolt_v3_providers/market_data.rs,string,""", ""","unknown_fields.join("", "")",diagnostic_separator,This separator formats validation diagnostics only and is not an operator runtime value.
669,yes,NO_POLICY_TERM,src/bolt_v3_validate.rs,string,"""clients.{key}.readiness_probe.book_type is only valid when market_data_kind = \""book\""""","""clients.{key}.readiness_probe.book_type is only valid when market_data_kind = \""book\""""",readiness_probe_validation_diagnostic,"This is a TOML validation diagnostic for readiness_probe configuration, not a runtime value."
670,no,POLICY_TERM_CONFIG_OR_STRUCTURAL,src/bolt_v3_validate.rs,string,"""clients.{key}.readiness_probe.max_metadata_quote_targets is only valid when quote_target_source = \""metadata_response\""""","""clients.{key}.readiness_probe.max_metadata_quote_targets is only valid when quote_target_source = \""metadata_response\""""",readiness_probe_validation_diagnostic,"This is a TOML validation diagnostic for readiness_probe configuration, not a runtime value."
671,no,POLICY_TERM_CONFIG_OR_STRUCTURAL,src/bolt_v3_validate.rs,string,"""clients.{key}.readiness_probe.allow_metadata_target_sampling is only valid when quote_target_source = \""metadata_response\""""","""clients.{key}.readiness_probe.allow_metadata_target_sampling is only valid when quote_target_source = \""metadata_response\""""",readiness_probe_validation_diagnostic,"This is a TOML validation diagnostic for readiness_probe configuration, not a runtime value."
672,no,POLICY_TERM_CONFIG_OR_STRUCTURAL,src/bolt_v3_validate.rs,string,"""clients.{key}.readiness_probe cannot combine quote_target_source = \""metadata_response\"" with readiness_probe.quote_targets""","""clients.{key}.readiness_probe cannot combine quote_target_source = \""metadata_response\"" with readiness_probe.quote_targets""",readiness_probe_validation_diagnostic,"This is a TOML validation diagnostic for readiness_probe configuration, not a runtime value."
673,yes,POLICY_TERM_CONFIG_OR_STRUCTURAL,src/bolt_v3_providers/polymarket/venue_account_state_source.rs,number,100,const POLYMARKET_DATA_API_PAGE_SIZE: u32 = 100;,polymarket_data_api_pagination_size,"Fixed Polymarket Data API positions page size for the readiness read window, not an operator-configured value."
674,no,NO_POLICY_TERM,src/bolt_v3_providers/polymarket/venue_account_state_source.rs,string,"""Content-Type""","const POLYMARKET_DATA_API_CONTENT_TYPE_HEADER: &str = ""Content-Type"";",http_protocol_header_name,"Standard HTTP header name for the Data API request, fixed by protocol, not config."
675,no,NO_POLICY_TERM,src/bolt_v3_providers/polymarket/venue_account_state_source.rs,string,"""application/json""","const POLYMARKET_DATA_API_CONTENT_TYPE_JSON: &str = ""application/json"";",http_protocol_media_type,"Standard JSON media type for the Data API request, fixed by protocol, not config."
676,yes,POLICY_TERM_CONFIG_OR_STRUCTURAL,src/bolt_v3_providers/polymarket/venue_account_state_source.rs,string,"""0""","const POLYMARKET_DATA_API_POSITIONS_SIZE_THRESHOLD: &str = ""0"";",polymarket_data_api_query_value,"Fixed Data API positions size-threshold query value pinning the read window, not an operator-configured value."
677,no,POLICY_TERM_CONFIG_OR_STRUCTURAL,src/bolt_v3_providers/polymarket/venue_account_state_source.rs,string,"""false""","const POLYMARKET_DATA_API_POSITIONS_REDEEMABLE: &str = ""false"";",polymarket_data_api_query_value,"Fixed Data API positions redeemable query value pinning the read window, not an operator-configured value."
678,no,NO_POLICY_TERM,src/bolt_v3_providers/polymarket/venue_account_state_source.rs,string,"""TOKENS""","const POLYMARKET_DATA_API_POSITIONS_SORT_BY: &str = ""TOKENS"";",polymarket_data_api_query_value,"Fixed Data API positions sort-by enum value defined by the vendor, not an operator-configured value."
679,no,NO_POLICY_TERM,src/bolt_v3_providers/polymarket/venue_account_state_source.rs,string,"""DESC""","const POLYMARKET_DATA_API_POSITIONS_SORT_DIRECTION: &str = ""DESC"";",polymarket_data_api_query_value,"Fixed Data API positions sort-direction enum value defined by the vendor, not an operator-configured value."
680,yes,NO_POLICY_TERM,src/bolt_v3_providers/polymarket/venue_account_state_source.rs,number,0_u32,let mut offset = 0_u32;,polymarket_data_api_pagination_offset_initial,"Initial pagination offset for the Data API positions walk; algorithmic starting value, not config."
681,yes,NO_POLICY_TERM,src/bolt_v3_providers/polymarket/venue_account_state_source.rs,string,"""user""","(""user"".to_string(), user_address.to_string()),",polymarket_data_api_query_param_name,"Fixed Data API query parameter name defined by the vendor, not an operator-configured value."
682,no,POLICY_TERM_CONFIG_OR_STRUCTURAL,src/bolt_v3_providers/polymarket/venue_account_state_source.rs,string,"""limit""","(""limit"".to_string(), limit.to_string()),",polymarket_data_api_query_param_name,"Fixed Data API query parameter name defined by the vendor, not an operator-configured value."
683,no,NO_POLICY_TERM,src/bolt_v3_providers/polymarket/venue_account_state_source.rs,string,"""offset""","(""offset"".to_string(), offset.to_string()),",polymarket_data_api_query_param_name,"Fixed Data API query parameter name defined by the vendor, not an operator-configured value."
684,no,POLICY_TERM_CONFIG_OR_STRUCTURAL,src/bolt_v3_providers/polymarket/venue_account_state_source.rs,string,"""sizeThreshold""","""sizeThreshold"".to_string(),",polymarket_data_api_query_param_name,"Fixed Data API query parameter name defined by the vendor, not an operator-configured value."
685,no,NO_POLICY_TERM,src/bolt_v3_providers/polymarket/venue_account_state_source.rs,string,"""redeemable""","""redeemable"".to_string(),",polymarket_data_api_query_param_name,"Fixed Data API query parameter name defined by the vendor, not an operator-configured value."
686,no,NO_POLICY_TERM,src/bolt_v3_providers/polymarket/venue_account_state_source.rs,string,"""sortBy""","""sortBy"".to_string(),",polymarket_data_api_query_param_name,"Fixed Data API query parameter name defined by the vendor, not an operator-configured value."
687,no,NO_POLICY_TERM,src/bolt_v3_providers/polymarket/venue_account_state_source.rs,string,"""sortDirection""","""sortDirection"".to_string(),",polymarket_data_api_query_param_name,"Fixed Data API query parameter name defined by the vendor, not an operator-configured value."
688,no,POLICY_TERM_CONFIG_OR_STRUCTURAL,src/bolt_v3_validate.rs,string,"""clients.{key}.readiness_probe.chunk_size is only valid when market_data_kind = \""trade\"" and quote_target_source = \""metadata_response\""""","""clients.{key}.readiness_probe.chunk_size is only valid when market_data_kind = \""trade\"" and quote_target_source = \""metadata_response\""""",readiness_probe_validation_diagnostic,"TOML validation diagnostic for readiness_probe.chunk_size configuration, not a runtime value."
689,no,POLICY_TERM_CONFIG_OR_STRUCTURAL,src/bolt_v3_validate.rs,string,"""clients.{key}.readiness_probe.chunk_observation_window_seconds is only valid when market_data_kind = \""trade\"" and quote_target_source = \""metadata_response\""""","""clients.{key}.readiness_probe.chunk_observation_window_seconds is only valid when market_data_kind = \""trade\"" and quote_target_source = \""metadata_response\""""",readiness_probe_validation_diagnostic,"TOML validation diagnostic for readiness_probe.chunk_observation_window_seconds configuration, not a runtime value."
690,no,POLICY_TERM_CONFIG_OR_STRUCTURAL,src/bolt_v3_submit_admission.rs,string,"""bolt-v3 submit admission refuses a market-style order without a declared instrument price ceiling""","""bolt-v3 submit admission refuses a market-style order without a declared instrument price ceiling""",diagnostic_template,Error-display template for the MissingPriceCeiling rejection; it carries no operator runtime value.
691,no,NO_POLICY_TERM,src/bolt_v3_market_families/updown.rs,number,2.0,const SIGMA_SQUARED_HALF_DIVISOR: f64 = 2.0;,pricing_formula_constant,"This is the named sigma-squared-over-two divisor in the updown family's fair-probability formula, not an operator runtime value."
692,yes,POLICY_TERM_CONFIG_OR_STRUCTURAL,src/bolt_v3_live_node.rs,number,0,let mut count = 0;,hyperliquid_live_submit_client_counter_initial_value,This initializes a structural count of configured provider live-submit clients; operator approval limits remain TOML/artifact-owned.
693,yes,POLICY_TERM_CONFIG_OR_STRUCTURAL,src/bolt_v3_live_node.rs,number,1,count += 1;,hyperliquid_live_submit_client_counter_increment,This increments a structural count of configured provider live-submit clients; operator approval limits remain TOML/artifact-owned.
694,yes,NO_POLICY_TERM,src/bolt_v3_providers/hyperliquid.rs,number,0,&& cfg.outcome_settlement_poll_secs == 0,hip4_settlement_poll_zero_rejection_sentinel,This rejects a zero HIP-4 settlement poll cadence before adapter mapping; the accepted cadence remains TOML-owned.
695,yes,POLICY_TERM_CONFIG_OR_STRUCTURAL,src/bolt_v3_providers/hyperliquid.rs,string,"""execution""","""execution"",",hyperliquid_live_submit_approval_field_label,This labels parsing for the TOML-owned Hyperliquid execution block before approval loading; the execution values themselves remain TOML-owned.
696,no,POLICY_TERM_CONFIG_OR_STRUCTURAL,src/bolt_v3_providers/hyperliquid.rs,string,"""execution.live_submit""","""execution.live_submit"",",hyperliquid_live_submit_approval_field_label,This labels validation for the TOML-owned Hyperliquid per-surface live-submit table; the approval/proof/order-limit values themselves remain TOML-owned.
697,no,POLICY_TERM_CONFIG_OR_STRUCTURAL,src/bolt_v3_providers/hyperliquid.rs,string,"""execution.live_submit.approval_id""","""execution.live_submit.approval_id"",",hyperliquid_live_submit_approval_field_label,This labels validation for the TOML-owned Hyperliquid per-surface live-submit approval id during approval artifact materialization; the approval id value itself remains TOML-owned.
698,no,POLICY_TERM_CONFIG_OR_STRUCTURAL,src/bolt_v3_providers/hyperliquid.rs,string,"""product_surface""","""product_surface"",",hyperliquid_live_submit_approval_field_label,This labels the explicit operator-selected Hyperliquid product surface for live-submit artifact commands; the selected surface value remains CLI/config-owned and validated against provider surfaces.
699,no,POLICY_TERM_CONFIG_OR_STRUCTURAL,src/bolt_v3_providers/hyperliquid.rs,string,"""product_submit_proof.artifact_path""","""product_submit_proof.artifact_path"",",hyperliquid_live_submit_approval_field_label,This labels runtime validation for the TOML/evidence-owned Hyperliquid product proof artifact path before one-time approval consumption; the path value itself remains TOML/evidence-owned.
700,no,POLICY_TERM_CONFIG_OR_STRUCTURAL,src/bolt_v3_providers/hyperliquid.rs,string,"""product_submit_proof.artifact_sha256""","""product_submit_proof.artifact_sha256"",",hyperliquid_live_submit_approval_field_label,This labels runtime validation for the TOML/evidence-owned Hyperliquid product proof artifact checksum before one-time approval consumption; the checksum value itself remains TOML/evidence-owned.
701,no,POLICY_TERM_CONFIG_OR_STRUCTURAL,src/bolt_v3_providers/hyperliquid.rs,string,"""execution.product_surfaces""","""execution.product_surfaces"",",hyperliquid_live_submit_approval_field_label,This labels validation for the TOML-owned Hyperliquid product surface bound to a consumed live-submit approval; the surface value itself remains TOML-owned.
702,no,NO_POLICY_TERM,src/bolt_v3_providers/hyperliquid.rs,number,0,&& execution.outcome_settlement_poll_secs == 0,hip4_settlement_poll_zero_rejection_sentinel,This rejects a zero HIP-4 settlement poll cadence before adapter mapping; the accepted cadence remains TOML-owned.
703,yes,POLICY_TERM_CONFIG_OR_STRUCTURAL,src/bolt_v3_providers/hyperliquid.rs,number,20,pub const USER_FEES_OFFICIAL_INFO_REQUEST_WEIGHT: u32 = 20;,hyperliquid_protocol_request_weight,"This is Hyperliquid's documented fixed Info API userFees request weight, not an operator-tunable runtime value."
704,yes,POLICY_TERM_CONFIG_OR_STRUCTURAL,src/bolt_v3_providers/hyperliquid.rs,string,"""userCrossRate""","const USER_CROSS_RATE_FIELD: &str = ""userCrossRate"";",hyperliquid_protocol_fee_field,This is the fixed Hyperliquid userFees response field used to read the account taker/cross rate; account selection and endpoints remain TOML/SSM-owned.
705,yes,POLICY_TERM_CONFIG_OR_STRUCTURAL,src/bolt_v3_providers/hyperliquid.rs,number,10_000,const BASIS_POINTS_PER_UNIT_RATE: i64 = 10_000;,basis_point_conversion_factor,This is the fixed conversion from a unit fee rate to basis points; the fee rate itself comes from Hyperliquid userFees.
706,yes,POLICY_TERM_CONFIG_OR_STRUCTURAL,src/bolt_v3_providers/hyperliquid.rs,number,1200,pub const REST_EGRESS_CAP_PER_MINUTE: u32 = 1200;,hyperliquid_protocol_rest_egress_cap,This is Hyperliquid's documented fixed API weight cap per minute used to reconcile Bolt order-rate validation; operator order rates remain TOML-owned.
707,no,NO_POLICY_TERM,src/bolt_v3_providers/hyperliquid.rs,number,40,rest.len() == 40,evm_address_syntax_gate,"This is the required 20-byte EVM address payload length after the 0x prefix, enforced before Hyperliquid credentials are accepted."
708,no,NO_POLICY_TERM,src/bolt_v3_providers/hyperliquid.rs,string,"""0x""",".strip_prefix(""0x"")",evm_address_syntax_gate,This is the required EVM hexadecimal address prefix enforced by Hyperliquid account/vault address validation.
709,yes,NO_POLICY_TERM,src/bolt_v3_providers/hyperliquid.rs,string,"""0x""",".strip_prefix(""0x"")",evm_private_key_normalization_prefix,This normalizes the optional lowercase EVM private-key hex prefix before hashing Hyperliquid signer-owner evidence; the secret value remains SSM-owned and redacted.
710,no,NO_POLICY_TERM,src/bolt_v3_providers/hyperliquid.rs,string,"""0X""",".or_else(|| private_key.strip_prefix(""0X""))",evm_private_key_normalization_prefix,This normalizes the optional uppercase EVM private-key hex prefix before hashing Hyperliquid signer-owner evidence; the secret value remains SSM-owned and redacted.
711,no,POLICY_TERM_CONFIG_OR_STRUCTURAL,src/bolt_v3_providers/hyperliquid.rs,string,"""HYPERLIQUID""","pub const KEY: &str = ""HYPERLIQUID"";",provider_dispatch_key,"This is the accepted NT Venue identifier for the Hyperliquid venue binding, not an operator-tunable runtime value."
712,no,NO_POLICY_TERM,src/bolt_v3_providers/hyperliquid.rs,string,"""HYPERLIQUID_ACCOUNT_ADDRESS""","""HYPERLIQUID_ACCOUNT_ADDRESS"",",forbidden_environment_variable,Runtime contract Section 3 requires rejecting canonical Hyperliquid environment-variable secret fallbacks before NT client construction.
713,no,NO_POLICY_TERM,src/bolt_v3_providers/hyperliquid.rs,string,"""HYPERLIQUID_PK""","""HYPERLIQUID_PK"",",forbidden_environment_variable,Runtime contract Section 3 requires rejecting canonical Hyperliquid environment-variable secret fallbacks before NT client construction.
714,no,NO_POLICY_TERM,src/bolt_v3_providers/hyperliquid.rs,string,"""HYPERLIQUID_TESTNET_PK""","""HYPERLIQUID_TESTNET_PK"",",forbidden_environment_variable,Runtime contract Section 3 requires rejecting canonical Hyperliquid environment-variable secret fallbacks before NT client construction.
715,no,NO_POLICY_TERM,src/bolt_v3_providers/hyperliquid.rs,string,"""HYPERLIQUID_TESTNET_VAULT""","""HYPERLIQUID_TESTNET_VAULT"",",forbidden_environment_variable,Runtime contract Section 3 requires rejecting canonical Hyperliquid environment-variable secret fallbacks before NT client construction.
716,no,NO_POLICY_TERM,src/bolt_v3_providers/hyperliquid.rs,string,"""HYPERLIQUID_VAULT""","""HYPERLIQUID_VAULT"",",forbidden_environment_variable,Runtime contract Section 3 requires rejecting canonical Hyperliquid environment-variable secret fallbacks before NT client construction.
717,yes,POLICY_TERM_CONFIG_OR_STRUCTURAL,src/bolt_v3_providers/hyperliquid.rs,string,"""Hyperliquid Docs: Rate limits and user limits - all other documented info requests weight 20""","""Hyperliquid Docs: Rate limits and user limits - all other documented info requests weight 20"";",hyperliquid_protocol_request_weight_evidence_label,"This labels the vendor documentation source for the fixed userFees request weight in readiness evidence, not a runtime parameter."
718,yes,POLICY_TERM_CONFIG_OR_STRUCTURAL,src/bolt_v3_providers/hyperliquid.rs,string,"""Hyperliquid Info endpoint all perp dex metadata `allPerpMetas`""","&[""Hyperliquid Info endpoint all perp dex metadata `allPerpMetas`""];",hyperliquid_operator_packet_label,"This is a Hyperliquid operator-packet checklist label used to guard live submit, not a trading parameter."
719,no,POLICY_TERM_CONFIG_OR_STRUCTURAL,src/bolt_v3_providers/hyperliquid.rs,string,"""Hyperliquid Info endpoint outcome metadata `outcomeMeta`""","&[""Hyperliquid Info endpoint outcome metadata `outcomeMeta`""];",hyperliquid_operator_packet_label,"This is a Hyperliquid operator-packet checklist label used to guard live submit, not a trading parameter."
720,no,POLICY_TERM_CONFIG_OR_STRUCTURAL,src/bolt_v3_providers/hyperliquid.rs,string,"""Hyperliquid Info endpoint perpetuals metadata `meta`""","&[""Hyperliquid Info endpoint perpetuals metadata `meta`""];",hyperliquid_operator_packet_label,"This is a Hyperliquid operator-packet checklist label used to guard live submit, not a trading parameter."
721,no,POLICY_TERM_CONFIG_OR_STRUCTURAL,src/bolt_v3_providers/hyperliquid.rs,string,"""Hyperliquid Info endpoint spot metadata `spotMeta`""","&[""Hyperliquid Info endpoint spot metadata `spotMeta`""];",hyperliquid_operator_packet_label,"This is a Hyperliquid operator-packet checklist label used to guard live submit, not a trading parameter."
722,no,POLICY_TERM_CONFIG_OR_STRUCTURAL,src/bolt_v3_providers/hyperliquid.rs,string,"""Hyperliquid execution client""","consumer: ""Hyperliquid execution client"",",provider_secret_requirement_label,This label explains the provider-owned credential-consuming block covered by central required-[secrets] validation.
723,yes,POLICY_TERM_CONFIG_OR_STRUCTURAL,src/bolt_v3_providers/hyperliquid.rs,string,"""clients.{key}.execution.live_submit cannot enable Hyperliquid live submit while pinned NautilusTrader {} info request weight is {} but the official documented weight is {}; update the NT pin or the provider rate-limit policy before live submit""","""clients.{key}.execution.live_submit cannot enable Hyperliquid live submit while pinned NautilusTrader {} info request weight is {} but the official documented weight is {}; update the NT pin or the provider rate-limit policy before live submit"",",hyperliquid_fail_closed_rate_limit_diagnostic,"This is the provider validation diagnostic emitted when a TOML live-submit approval is configured while the pinned NT Hyperliquid userFees request weight undercounts the official protocol weight; the request weights themselves are fixed evidence values, not operator-tunable runtime inputs."
724,yes,POLICY_TERM_CONFIG_OR_STRUCTURAL,src/bolt_v3_providers/hyperliquid.rs,string,"""strategy.target""","""strategy.target"",",hyperliquid_static_target_surface_field_label,This names the strategy target block in the provider-owned pre-consumption route validation diagnostic for static Hyperliquid target surface mismatches.
725,yes,NO_POLICY_TERM,src/bolt_v3_providers/hyperliquid.rs,string,"""configured target `{}` uses `{}` market family on client `{}`, but Hyperliquid `{}` targets require execution.product_surfaces `{}`""","""configured target `{}` uses `{}` market family on client `{}`, but Hyperliquid `{}` targets require execution.product_surfaces `{}`"",",hyperliquid_updown_surface_diagnostic,This is the provider fail-closed diagnostic when an updown target is routed to a Hyperliquid execution client that does not include the HIP-4 outcomes surface; the target and surface values remain TOML-owned.
726,yes,NO_POLICY_TERM,src/bolt_v3_providers/hyperliquid.rs,string,""", """,".join("", "");",hyperliquid_surface_selection_diagnostic_separator,This joins TOML-owned active Hyperliquid product surface labels in a fail-closed diagnostic; it is not an operator runtime value.
727,yes,POLICY_TERM_CONFIG_OR_STRUCTURAL,src/bolt_v3_providers/hyperliquid.rs,string,"""Hyperliquid execution client has multiple active product surfaces ({names}); one live node may arm only one Hyperliquid product surface per execution client""","""Hyperliquid execution client has multiple active product surfaces ({names}); one live node may arm only one Hyperliquid product surface per execution client""",hyperliquid_surface_selection_diagnostic,This is the provider fail-closed diagnostic when strategy routing would require one Hyperliquid execution client to arm approvals for multiple active product surfaces.
728,no,POLICY_TERM_CONFIG_OR_STRUCTURAL,src/bolt_v3_providers/hyperliquid.rs,string,"""Hyperliquid live submit surface `{}` is selected but no matching execution.live_submit block is configured""","""Hyperliquid live submit surface `{}` is selected but no matching execution.live_submit block is configured"",",hyperliquid_surface_selection_diagnostic,This is the provider fail-closed diagnostic when an explicit or inferred Hyperliquid product surface lacks its TOML-owned live-submit gate block.
729,yes,NO_POLICY_TERM,src/bolt_v3_providers/hyperliquid.rs,string,"""account_address""","const RAW_SECRET_FIELD_NAMES: &[&str] = &[""private_key"", ""account_address"", ""vault_address""];",hyperliquid_secret_payload_field_name,This names an expected non-logged Hyperliquid SSM secret payload field; the secret value remains SSM-owned.
730,no,NO_POLICY_TERM,src/bolt_v3_providers/hyperliquid.rs,string,"""hip3_builder_perps""","HyperliquidProductSurface::Hip3BuilderPerps => ""hip3_builder_perps"",",hyperliquid_product_surface_label,This is the stable Hyperliquid product-surface label used for exact approval and evidence matching; the selected surface remains TOML-owned.
731,no,NO_POLICY_TERM,src/bolt_v3_providers/hyperliquid.rs,string,"""hip4_outcomes""","HyperliquidProductSurface::Hip4Outcomes => ""hip4_outcomes"",",hyperliquid_product_surface_label,This is the stable Hyperliquid product-surface label used for exact approval and evidence matching; the selected surface remains TOML-owned.
732,no,NO_POLICY_TERM,src/bolt_v3_providers/hyperliquid.rs,string,"""http://""","|| !(latency_profile.local_info_node_url.starts_with(""http://"")",url_scheme_validation_literal,This is an accepted HTTP URL scheme prefix used to fail closed on malformed TOML/artifact-owned Hyperliquid info-node URLs.
733,no,POLICY_TERM_CONFIG_OR_STRUCTURAL,src/bolt_v3_providers/hyperliquid.rs,string,"""http_timeout_secs""","(""http_timeout_secs"", execution.http_timeout_secs),",validation_field_label,This label names a Hyperliquid execution config field being validated; the value itself is TOML-owned.
734,no,NO_POLICY_TERM,src/bolt_v3_providers/hyperliquid.rs,string,"""https://""","|| latency_profile.local_info_node_url.starts_with(""https://""))",url_scheme_validation_literal,This is an accepted HTTPS URL scheme prefix used to fail closed on malformed TOML/artifact-owned Hyperliquid info-node URLs.
735,no,POLICY_TERM_CONFIG_OR_STRUCTURAL,src/bolt_v3_providers/hyperliquid.rs,string,"""max_retries""","(""max_retries"", execution.max_retries),",validation_field_label,This label names a Hyperliquid execution config field being validated; the value itself is TOML-owned.
736,no,NO_POLICY_TERM,src/bolt_v3_providers/hyperliquid.rs,string,"""nautilus_hyperliquid::common::credential""","pub const CREDENTIAL_LOG_MODULES: &[&str] = &[""nautilus_hyperliquid::common::credential""];",provider_credential_log_module,The Hyperliquid provider binding owns the NT credential-log module path that Bolt-v3 forces to WARN before LiveNode construction.
737,yes,POLICY_TERM_CONFIG_OR_STRUCTURAL,src/bolt_v3_providers/hyperliquid.rs,string,"""nautilus_hyperliquid::http::client::HyperliquidHttpClient::info_user_fees""","""nautilus_hyperliquid::http::client::HyperliquidHttpClient::info_user_fees"",",hyperliquid_nt_api_symbol,"This names an NT Hyperliquid API symbol used in readiness/proof evidence, not an operator runtime value."
738,no,POLICY_TERM_CONFIG_OR_STRUCTURAL,src/bolt_v3_providers/hyperliquid.rs,string,"""nautilus_hyperliquid::http::client::InnerHyperliquidHttpClient::info_user_fees""","""nautilus_hyperliquid::http::client::InnerHyperliquidHttpClient::info_user_fees"",",hyperliquid_nt_api_symbol,"This names an NT Hyperliquid API symbol used in readiness/proof evidence, not an operator runtime value."
739,no,NO_POLICY_TERM,src/bolt_v3_providers/hyperliquid.rs,string,"""nautilus_hyperliquid::http::models::OutcomeMeta""","""nautilus_hyperliquid::http::models::OutcomeMeta"",",hyperliquid_nt_api_symbol,"This names an NT Hyperliquid API symbol used in readiness/proof evidence, not an operator runtime value."
740,no,NO_POLICY_TERM,src/bolt_v3_providers/hyperliquid.rs,string,"""nautilus_hyperliquid::http::models::PerpMeta""","""nautilus_hyperliquid::http::models::PerpMeta"",",hyperliquid_nt_api_symbol,"This names an NT Hyperliquid API symbol used in readiness/proof evidence, not an operator runtime value."
741,no,NO_POLICY_TERM,src/bolt_v3_providers/hyperliquid.rs,string,"""nautilus_hyperliquid::http::models::SpotMeta""","""nautilus_hyperliquid::http::models::SpotMeta"",",hyperliquid_nt_api_symbol,"This names an NT Hyperliquid API symbol used in readiness/proof evidence, not an operator runtime value."
742,no,NO_POLICY_TERM,src/bolt_v3_providers/hyperliquid.rs,string,"""nautilus_hyperliquid::http::parse::parse_outcome_instruments""","""nautilus_hyperliquid::http::parse::parse_outcome_instruments"",",hyperliquid_nt_api_symbol,"This names an NT Hyperliquid API symbol used in readiness/proof evidence, not an operator runtime value."
743,no,NO_POLICY_TERM,src/bolt_v3_providers/hyperliquid.rs,string,"""nautilus_hyperliquid::http::parse::parse_perp_instruments""","""nautilus_hyperliquid::http::parse::parse_perp_instruments"",",hyperliquid_nt_api_symbol,"This names an NT Hyperliquid API symbol used in readiness/proof evidence, not an operator runtime value."
744,no,NO_POLICY_TERM,src/bolt_v3_providers/hyperliquid.rs,string,"""nautilus_hyperliquid::http::parse::parse_spot_instruments""","""nautilus_hyperliquid::http::parse::parse_spot_instruments"",",hyperliquid_nt_api_symbol,"This names an NT Hyperliquid API symbol used in readiness/proof evidence, not an operator runtime value."
745,no,NO_POLICY_TERM,src/bolt_v3_providers/hyperliquid.rs,string,"""nautilus_hyperliquid::http::query::InfoRequest::all_perp_metas""","""nautilus_hyperliquid::http::query::InfoRequest::all_perp_metas"",",hyperliquid_nt_api_symbol,"This names an NT Hyperliquid API symbol used in readiness/proof evidence, not an operator runtime value."
746,no,NO_POLICY_TERM,src/bolt_v3_providers/hyperliquid.rs,string,"""nautilus_hyperliquid::http::query::InfoRequest::meta""","""nautilus_hyperliquid::http::query::InfoRequest::meta"",",hyperliquid_nt_api_symbol,"This names an NT Hyperliquid API symbol used in readiness/proof evidence, not an operator runtime value."
747,no,NO_POLICY_TERM,src/bolt_v3_providers/hyperliquid.rs,string,"""nautilus_hyperliquid::http::query::InfoRequest::outcome_meta""","""nautilus_hyperliquid::http::query::InfoRequest::outcome_meta"",",hyperliquid_nt_api_symbol,"This names an NT Hyperliquid API symbol used in readiness/proof evidence, not an operator runtime value."
748,no,NO_POLICY_TERM,src/bolt_v3_providers/hyperliquid.rs,string,"""nautilus_hyperliquid::http::query::InfoRequest::spot_meta""","""nautilus_hyperliquid::http::query::InfoRequest::spot_meta"",",hyperliquid_nt_api_symbol,"This names an NT Hyperliquid API symbol used in readiness/proof evidence, not an operator runtime value."
749,no,POLICY_TERM_CONFIG_OR_STRUCTURAL,src/bolt_v3_providers/hyperliquid.rs,string,"""nautilus_hyperliquid::http::query::InfoRequest::user_fees""","""nautilus_hyperliquid::http::query::InfoRequest::user_fees"",",hyperliquid_nt_api_symbol,"This names an NT Hyperliquid API symbol used in readiness/proof evidence, not an operator runtime value."
750,no,POLICY_TERM_CONFIG_OR_STRUCTURAL,src/bolt_v3_providers/hyperliquid.rs,string,"""nautilus_hyperliquid::python::http::HyperliquidHttpClient::py_info_user_fees""","""nautilus_hyperliquid::python::http::HyperliquidHttpClient::py_info_user_fees"",",hyperliquid_nt_api_symbol,"This names an NT Hyperliquid API symbol used in readiness/proof evidence, not an operator runtime value."
751,no,NO_POLICY_TERM,src/bolt_v3_providers/hyperliquid.rs,string,"""private_key""","const RAW_SECRET_FIELD_NAMES: &[&str] = &[""private_key"", ""account_address"", ""vault_address""];",hyperliquid_secret_payload_field_name,This names an expected non-logged Hyperliquid SSM secret payload field; the secret value remains SSM-owned.
752,no,NO_POLICY_TERM,src/bolt_v3_providers/hyperliquid.rs,string,"""retry_delay_initial_ms""","(""retry_delay_initial_ms"", execution.retry_delay_initial_ms),",validation_field_label,This label names a Hyperliquid execution config field being validated; the value itself is TOML-owned.
753,no,POLICY_TERM_CONFIG_OR_STRUCTURAL,src/bolt_v3_providers/hyperliquid.rs,string,"""retry_delay_max_ms""","(""retry_delay_max_ms"", execution.retry_delay_max_ms),",validation_field_label,This label names a Hyperliquid execution config field being validated; the value itself is TOML-owned.
754,no,NO_POLICY_TERM,src/bolt_v3_providers/hyperliquid.rs,string,"""spot""","HyperliquidProductSurface::Spot => ""spot"",",hyperliquid_product_surface_label,This is the stable Hyperliquid product-surface label used for exact approval and evidence matching; the selected surface remains TOML-owned.
755,no,NO_POLICY_TERM,src/bolt_v3_providers/hyperliquid.rs,string,"""standard_perps""","HyperliquidProductSurface::StandardPerps => ""standard_perps"",",hyperliquid_product_surface_label,This is the stable Hyperliquid product-surface label used for exact approval and evidence matching; the selected surface remains TOML-owned.
756,yes,POLICY_TERM_CONFIG_OR_STRUCTURAL,src/bolt_v3_providers/hyperliquid.rs,string,"""userFees""","request_type: ""userFees"",",hyperliquid_protocol_request_type,"This is the Hyperliquid Info API request type for fee evidence, fixed by vendor protocol."
757,no,NO_POLICY_TERM,src/bolt_v3_providers/hyperliquid.rs,string,"""vault_address""","const RAW_SECRET_FIELD_NAMES: &[&str] = &[""private_key"", ""account_address"", ""vault_address""];",hyperliquid_secret_payload_field_name,This names an expected non-logged Hyperliquid SSM secret payload field; the secret value remains SSM-owned.
758,no,POLICY_TERM_CONFIG_OR_STRUCTURAL,src/bolt_v3_providers/hyperliquid.rs,string,"""ws_post_timeout_secs""","(""ws_post_timeout_secs"", execution.ws_post_timeout_secs),",validation_field_label,This label names a Hyperliquid execution config field being validated; the value itself is TOML-owned.
759,yes,NO_POLICY_TERM,src/bolt_v3_providers/hyperliquid.rs,string,"b""bolt-v3-hyperliquid-signer-owner-v1:""","hasher.update(b""bolt-v3-hyperliquid-signer-owner-v1:"");",hyperliquid_signer_owner_hash_domain,"This is the stable domain-separation tag for hashing signer-owner evidence, not an operator runtime value."
760,yes,POLICY_TERM_CONFIG_OR_STRUCTURAL,src/bolt_v3_providers/hyperliquid.rs,string,"b""bolt-v3-hyperliquid-live-submit-signer-v1:""","hasher.update(b""bolt-v3-hyperliquid-live-submit-signer-v1:"");",hyperliquid_live_submit_signer_fingerprint_hash_domain,This is the stable domain-separation tag for hashing the SSM-resolved signer into approval-binding evidence; it does not expose or configure the secret value.
761,yes,POLICY_TERM_CONFIG_OR_STRUCTURAL,src/bolt_v3_providers/hyperliquid.rs,string,"""://""","|| !value[parsed.scheme().len()..].starts_with(""://"")",url_syntax_validation_literal,This validates that a TOML-owned Hyperliquid data endpoint uses a normal absolute URL delimiter before NT data-client construction; the endpoint value remains TOML-owned.
762,yes,NO_POLICY_TERM,src/bolt_v3_providers/hyperliquid.rs,string,"""data.base_url_http""","""data.base_url_http"",",hyperliquid_data_validation_field_label,This labels validation for the Hyperliquid data HTTP endpoint field; the endpoint value itself is TOML-owned and passed to NT.
763,no,NO_POLICY_TERM,src/bolt_v3_providers/hyperliquid.rs,string,"""data.base_url_ws""","""data.base_url_ws"",",hyperliquid_data_validation_field_label,This labels validation for the Hyperliquid data WebSocket endpoint field; the endpoint value itself is TOML-owned and passed to NT.
764,no,NO_POLICY_TERM,src/bolt_v3_providers/hyperliquid.rs,string,"""data.proxy_url""","""data.proxy_url"",",hyperliquid_data_validation_field_label,This labels validation for the optional Hyperliquid data proxy URL field; the proxy value itself is TOML-owned and passed to NT.
765,no,NO_POLICY_TERM,src/bolt_v3_providers/hyperliquid.rs,string,"""http""","&[""http"", ""https""],",url_scheme_validation_literal,This is an accepted HTTP URL scheme for the TOML-owned Hyperliquid data HTTP endpoint.
766,no,NO_POLICY_TERM,src/bolt_v3_providers/hyperliquid.rs,string,"""http""","&[""http"", ""https"", ""socks5"", ""socks5h""],",url_scheme_validation_literal,This is an accepted HTTP proxy URL scheme for the optional TOML-owned Hyperliquid data proxy.
767,no,POLICY_TERM_CONFIG_OR_STRUCTURAL,src/bolt_v3_providers/hyperliquid.rs,string,"""http_timeout_secs""","(""http_timeout_secs"", data.http_timeout_secs),",hyperliquid_data_validation_field_label,This label names a Hyperliquid data config timeout field being validated; the value itself is TOML-owned and passed to NT.
768,no,NO_POLICY_TERM,src/bolt_v3_providers/hyperliquid.rs,string,"""https""","&[""http"", ""https""],",url_scheme_validation_literal,This is an accepted HTTPS URL scheme for the TOML-owned Hyperliquid data HTTP endpoint.
769,no,NO_POLICY_TERM,src/bolt_v3_providers/hyperliquid.rs,string,"""https""","&[""http"", ""https"", ""socks5"", ""socks5h""],",url_scheme_validation_literal,This is an accepted HTTPS proxy URL scheme for the optional TOML-owned Hyperliquid data proxy.
770,no,NO_POLICY_TERM,src/bolt_v3_providers/hyperliquid.rs,string,"""socks5""","&[""http"", ""https"", ""socks5"", ""socks5h""],",url_scheme_validation_literal,This is an accepted SOCKS5 proxy URL scheme for the optional TOML-owned Hyperliquid data proxy.
771,no,NO_POLICY_TERM,src/bolt_v3_providers/hyperliquid.rs,string,"""socks5h""","&[""http"", ""https"", ""socks5"", ""socks5h""],",url_scheme_validation_literal,This is an accepted SOCKS5-hostname proxy URL scheme for the optional TOML-owned Hyperliquid data proxy.
772,no,POLICY_TERM_CONFIG_OR_STRUCTURAL,src/bolt_v3_providers/hyperliquid.rs,string,"""update_instruments_interval_mins""","""update_instruments_interval_mins"",",hyperliquid_data_validation_field_label,This label names the Hyperliquid data instrument-refresh cadence field being validated; the cadence value itself is TOML-owned and passed to NT.
773,no,NO_POLICY_TERM,src/bolt_v3_providers/hyperliquid.rs,string,"""ws""","&[""ws"", ""wss""],",url_scheme_validation_literal,This is an accepted WebSocket URL scheme for the TOML-owned Hyperliquid data WebSocket endpoint.
774,no,POLICY_TERM_CONFIG_OR_STRUCTURAL,src/bolt_v3_providers/hyperliquid.rs,string,"""ws_timeout_secs""","(""ws_timeout_secs"", data.ws_timeout_secs),",hyperliquid_data_validation_field_label,This label names a Hyperliquid data WebSocket timeout field being validated; the value itself is TOML-owned and passed to NT.
775,no,NO_POLICY_TERM,src/bolt_v3_providers/hyperliquid.rs,string,"""wss""","&[""ws"", ""wss""],",url_scheme_validation_literal,This is an accepted secure WebSocket URL scheme for the TOML-owned Hyperliquid data WebSocket endpoint.
776,yes,POLICY_TERM_CONFIG_OR_STRUCTURAL,src/bolt_v3_submit_admission.rs,number,0,"submit: 0,",strategy_free_mutation_count_none_invariant,"This initializes the source-owned no-exchange-mutation proof counter for submit requests; observed counts come from captured exchange traffic, not operator config."
777,no,POLICY_TERM_CONFIG_OR_STRUCTURAL,src/bolt_v3_submit_admission.rs,number,0,"cancel: 0,",strategy_free_mutation_count_none_invariant,"This initializes the source-owned no-exchange-mutation proof counter for cancel requests; observed counts come from captured exchange traffic, not operator config."
778,no,POLICY_TERM_CONFIG_OR_STRUCTURAL,src/bolt_v3_submit_admission.rs,number,0,"modify: 0,",strategy_free_mutation_count_none_invariant,"This initializes the source-owned no-exchange-mutation proof counter for modify requests; observed counts come from captured exchange traffic, not operator config."
779,no,POLICY_TERM_CONFIG_OR_STRUCTURAL,src/bolt_v3_submit_admission.rs,number,0,"transfer: 0,",strategy_free_mutation_count_none_invariant,"This initializes the source-owned no-exchange-mutation proof counter for transfer requests; observed counts come from captured exchange traffic, not operator config."
780,no,POLICY_TERM_CONFIG_OR_STRUCTURAL,src/bolt_v3_submit_admission.rs,number,0,"account: 0,",strategy_free_mutation_count_none_invariant,"This initializes the source-owned no-exchange-mutation proof counter for account requests; observed counts come from captured exchange traffic, not operator config."
781,yes,NO_POLICY_TERM,src/bolt_v3_providers/hyperliquid_artifacts.rs,number,1,const LATENCY_PROFILE_SCHEMA_VERSION: u32 = 1;,operator_artifact_schema_version,This is the stable provider-side Hyperliquid operator-artifact schema version marker; it is not an operator runtime value.
782,no,POLICY_TERM_CONFIG_OR_STRUCTURAL,src/bolt_v3_providers/hyperliquid_artifacts.rs,number,1,const LIVE_SUBMIT_APPROVAL_SCHEMA_VERSION: u32 = 1;,operator_artifact_schema_version,This is the stable provider-side Hyperliquid operator-artifact schema version marker; it is not an operator runtime value.
783,no,NO_POLICY_TERM,src/bolt_v3_providers/hyperliquid_artifacts.rs,number,1,const PRODUCT_MATRIX_SCHEMA_VERSION: u32 = 1;,operator_artifact_schema_version,This is the stable provider-side Hyperliquid operator-artifact schema version marker; it is not an operator runtime value.
784,no,POLICY_TERM_CONFIG_OR_STRUCTURAL,src/bolt_v3_providers/hyperliquid_artifacts.rs,number,1,const PRODUCT_SUBMIT_PROOF_SCHEMA_VERSION: u32 = 1;,operator_artifact_schema_version,This is the stable provider-side Hyperliquid product-submit proof artifact schema version marker; it is not an operator runtime value.
785,yes,NO_POLICY_TERM,src/bolt_v3_providers/hyperliquid_artifacts.rs,number,40,if value.len() == 40,git_sha_or_sha256_width_validation,This is the fixed lowercase-hex digest width used to validate evidence hashes and git SHAs; the checked value remains artifact-owned.
786,yes,NO_POLICY_TERM,src/bolt_v3_providers/hyperliquid_artifacts.rs,string,"""approval_artifact""","""approval_artifact"",",provider_artifact_validation_field,This labels a provider-side Hyperliquid operator-artifact validation field; the artifact value remains TOML/evidence-owned.
787,no,POLICY_TERM_CONFIG_OR_STRUCTURAL,src/bolt_v3_providers/hyperliquid_artifacts.rs,string,"""approval_artifact""","|| provider_artifact_invalid(LIVE_SUBMIT_APPROVAL_ARTIFACT, ""approval_artifact"");",provider_artifact_validation_field,This labels a provider-side Hyperliquid operator-artifact read/parse validation field; the artifact value remains TOML/evidence-owned.
788,no,NO_POLICY_TERM,src/bolt_v3_providers/hyperliquid_artifacts.rs,string,"""approval_artifact""","""approval_artifact""",provider_artifact_validation_field,This labels a provider-side Hyperliquid approval-spend mismatch validation field when the locked on-disk artifact no longer matches the consumed artifact being persisted.
789,no,NO_POLICY_TERM,src/bolt_v3_providers/hyperliquid_artifacts.rs,string,"""approval_id""","""approval_id"",",provider_artifact_validation_field,This labels a provider-side Hyperliquid operator-artifact validation field; the artifact value remains TOML/evidence-owned.
790,no,POLICY_TERM_CONFIG_OR_STRUCTURAL,src/bolt_v3_providers/hyperliquid_artifacts.rs,string,"""approval_id""","validate_hyperliquid_live_submit_non_empty_field(""approval_id"", &artifact.approval_id)?;",provider_artifact_validation_field,This labels a provider-side Hyperliquid operator-artifact validation field; the artifact value remains TOML/evidence-owned.
791,no,POLICY_TERM_CONFIG_OR_STRUCTURAL,src/bolt_v3_providers/hyperliquid_artifacts.rs,string,"""approval_id""","validate_hyperliquid_live_submit_non_empty_field(""approval_id"", &input.approval_id)?;",provider_artifact_validation_field,This labels a provider-side Hyperliquid operator-artifact validation field; the artifact value remains TOML/evidence-owned.
792,no,NO_POLICY_TERM,src/bolt_v3_providers/hyperliquid_artifacts.rs,string,"""base_sha""","""base_sha"",",provider_artifact_validation_field,This labels a provider-side Hyperliquid operator-artifact validation field; the artifact value remains TOML/evidence-owned.
793,no,NO_POLICY_TERM,src/bolt_v3_providers/hyperliquid_artifacts.rs,string,"""bolt_v3.hyperliquid_latency_profile.v1""","const LATENCY_PROFILE_RECORD_KIND: &str = ""bolt_v3.hyperliquid_latency_profile.v1"";",operator_artifact_record_kind,"This is the stable provider-side Hyperliquid operator-artifact record-kind marker used for evidence validation, not a runtime trading value."
794,no,POLICY_TERM_CONFIG_OR_STRUCTURAL,src/bolt_v3_providers/hyperliquid_artifacts.rs,string,"""bolt_v3.hyperliquid_live_submit_approval.v1""","const LIVE_SUBMIT_APPROVAL_RECORD_KIND: &str = ""bolt_v3.hyperliquid_live_submit_approval.v1"";",operator_artifact_record_kind,"This is the stable provider-side Hyperliquid operator-artifact record-kind marker used for evidence validation, not a runtime trading value."
795,no,POLICY_TERM_CONFIG_OR_STRUCTURAL,src/bolt_v3_providers/hyperliquid_artifacts.rs,string,"""bolt_v3.hyperliquid_product_submit_proof.v1""","const PRODUCT_SUBMIT_PROOF_RECORD_KIND: &str = ""bolt_v3.hyperliquid_product_submit_proof.v1"";",operator_artifact_record_kind,"This is the stable provider-side Hyperliquid product-submit proof artifact record-kind marker used for evidence validation, not a runtime trading value."
796,no,NO_POLICY_TERM,src/bolt_v3_providers/hyperliquid_artifacts.rs,string,"""bolt_v3.hyperliquid_product_matrix.v1""","const PRODUCT_MATRIX_RECORD_KIND: &str = ""bolt_v3.hyperliquid_product_matrix.v1"";",operator_artifact_record_kind,"This is the stable provider-side Hyperliquid operator-artifact record-kind marker used for evidence validation, not a runtime trading value."
797,no,NO_POLICY_TERM,src/bolt_v3_providers/hyperliquid_artifacts.rs,string,"""expires_at""","""expires_at"",",provider_artifact_validation_field,This labels a provider-side Hyperliquid operator-artifact validation field; the artifact value remains TOML/evidence-owned.
798,no,NO_POLICY_TERM,src/bolt_v3_providers/hyperliquid_artifacts.rs,string,"""http://""","|| !(latency_profile.local_info_node_url.starts_with(""http://"")",url_scheme_validation_literal,This is an accepted HTTP URL scheme prefix used to fail closed on malformed TOML/artifact-owned Hyperliquid info-node URLs.
799,no,NO_POLICY_TERM,src/bolt_v3_providers/hyperliquid_artifacts.rs,string,"""https://""","|| latency_profile.local_info_node_url.starts_with(""https://""))",url_scheme_validation_literal,This is an accepted HTTP URL scheme prefix used to fail closed on malformed TOML/artifact-owned Hyperliquid info-node URLs.
800,yes,NO_POLICY_TERM,src/bolt_v3_providers/hyperliquid_artifacts.rs,string,"""hyperliquid_latency_profile""","const LATENCY_PROFILE_ARTIFACT: &str = ""hyperliquid_latency_profile"";",provider_artifact_validation_label,"This is a provider-side artifact label used in validation diagnostics, not a runtime trading value."
801,no,POLICY_TERM_CONFIG_OR_STRUCTURAL,src/bolt_v3_providers/hyperliquid_artifacts.rs,string,"""hyperliquid_live_submit_approval""","const LIVE_SUBMIT_APPROVAL_ARTIFACT: &str = ""hyperliquid_live_submit_approval"";",provider_artifact_validation_label,"This is a provider-side artifact label used in validation diagnostics, not a runtime trading value."
802,no,POLICY_TERM_CONFIG_OR_STRUCTURAL,src/bolt_v3_providers/hyperliquid_artifacts.rs,string,"""hyperliquid_product_submit_proof""","const PRODUCT_SUBMIT_PROOF_ARTIFACT: &str = ""hyperliquid_product_submit_proof"";",provider_artifact_validation_label,"This is a provider-side product-submit proof artifact label used in validation diagnostics, not a runtime trading value."
803,no,NO_POLICY_TERM,src/bolt_v3_providers/hyperliquid_artifacts.rs,string,"""latency_profile.local_info_node_url""","""latency_profile.local_info_node_url"",",provider_artifact_validation_field,This labels a provider-side latency-profile evidence field; the field value remains TOML/artifact-owned.
804,no,NO_POLICY_TERM,src/bolt_v3_providers/hyperliquid_artifacts.rs,string,"""latency_profile.measurement_artifact_path""","""latency_profile.measurement_artifact_path"",",provider_artifact_validation_field,This labels a provider-side latency-profile evidence field; the field value remains TOML/artifact-owned.
805,no,NO_POLICY_TERM,src/bolt_v3_providers/hyperliquid_artifacts.rs,string,"""latency_profile.placement_profile""","""latency_profile.placement_profile"",",provider_artifact_validation_field,This labels a provider-side latency-profile evidence field; the field value remains TOML/artifact-owned.
806,no,POLICY_TERM_CONFIG_OR_STRUCTURAL,src/bolt_v3_providers/hyperliquid_artifacts.rs,string,"""order_limits""","""order_limits"",",provider_artifact_validation_field,This labels a provider-side live-submit approval order-limit field; the limit value remains operator-artifact-owned.
807,no,POLICY_TERM_CONFIG_OR_STRUCTURAL,src/bolt_v3_providers/hyperliquid_artifacts.rs,string,"""order_limits.max_order_count""","""order_limits.max_order_count"",",provider_artifact_validation_field,This labels a provider-side live-submit approval order-limit field; the limit value remains operator-artifact-owned.
808,no,POLICY_TERM_CONFIG_OR_STRUCTURAL,src/bolt_v3_providers/hyperliquid_artifacts.rs,string,"""order_limits.max_order_notional""","""order_limits.max_order_notional"",",provider_artifact_validation_field,This labels a provider-side live-submit approval order-limit field; the limit value remains operator-artifact-owned.
809,no,NO_POLICY_TERM,src/bolt_v3_providers/hyperliquid_artifacts.rs,string,"""product_surface""","""product_surface"",",provider_artifact_validation_field,This labels a provider-side Hyperliquid operator-artifact validation field; the artifact value remains TOML/evidence-owned.
810,no,POLICY_TERM_CONFIG_OR_STRUCTURAL,src/bolt_v3_providers/hyperliquid_artifacts.rs,string,"""product_submit_proof""","""product_submit_proof"",",provider_artifact_validation_field,This labels a provider-side Hyperliquid live-submit product proof binding field; the bound proof value remains TOML/evidence-owned.
811,no,POLICY_TERM_CONFIG_OR_STRUCTURAL,src/bolt_v3_providers/hyperliquid_artifacts.rs,string,"""product_submit_proof""","provider_artifact_invalid(PRODUCT_SUBMIT_PROOF_ARTIFACT, ""product_submit_proof"")",provider_artifact_validation_field,This labels a provider-side Hyperliquid product-submit proof parse/schema failure; the proof artifact value remains TOML/evidence-owned.
812,no,POLICY_TERM_CONFIG_OR_STRUCTURAL,src/bolt_v3_providers/hyperliquid_artifacts.rs,string,"""product_submit_proof.artifact_path""","""product_submit_proof.artifact_path"",",provider_artifact_validation_field,This labels a provider-side Hyperliquid live-submit product proof artifact path field; the path value remains TOML/evidence-owned.
813,no,POLICY_TERM_CONFIG_OR_STRUCTURAL,src/bolt_v3_providers/hyperliquid_artifacts.rs,string,"""product_submit_proof.artifact_sha256""","""product_submit_proof.artifact_sha256"",",provider_artifact_validation_field,This labels a provider-side Hyperliquid live-submit product proof artifact checksum field; the checksum value remains TOML/evidence-owned.
814,no,POLICY_TERM_CONFIG_OR_STRUCTURAL,src/bolt_v3_providers/hyperliquid_artifacts.rs,string,"""order_proof""","validate_hyperliquid_product_submit_proof_evidence_ref(""order_proof"", &artifact.order_proof)?;",provider_artifact_validation_field,This labels the order-proof reference required inside a Hyperliquid product-submit proof artifact; the referenced proof remains evidence-owned.
815,no,POLICY_TERM_CONFIG_OR_STRUCTURAL,src/bolt_v3_providers/hyperliquid_artifacts.rs,string,"""order_proof""","""order_proof"" => ""order_proof.artifact_path"",",provider_artifact_validation_field,This maps the order-proof reference to its artifact-path validation field; the path value remains evidence-owned.
816,no,POLICY_TERM_CONFIG_OR_STRUCTURAL,src/bolt_v3_providers/hyperliquid_artifacts.rs,string,"""order_proof.artifact_path""","""order_proof"" => ""order_proof.artifact_path"",",provider_artifact_validation_field,This labels the order-proof artifact path inside a Hyperliquid product-submit proof artifact; the path value remains evidence-owned.
817,no,POLICY_TERM_CONFIG_OR_STRUCTURAL,src/bolt_v3_providers/hyperliquid_artifacts.rs,string,"""order_proof""","""order_proof"" => ""order_proof.artifact_sha256"",",provider_artifact_validation_field,This maps the order-proof reference to its artifact-sha256 validation field; the checksum value remains evidence-owned.
818,no,POLICY_TERM_CONFIG_OR_STRUCTURAL,src/bolt_v3_providers/hyperliquid_artifacts.rs,string,"""order_proof.artifact_sha256""","""order_proof"" => ""order_proof.artifact_sha256"",",provider_artifact_validation_field,This labels the order-proof artifact checksum inside a Hyperliquid product-submit proof artifact; the checksum value remains evidence-owned.
819,no,POLICY_TERM_CONFIG_OR_STRUCTURAL,src/bolt_v3_providers/hyperliquid_artifacts.rs,string,"""fill_proof""","validate_hyperliquid_product_submit_proof_evidence_ref(""fill_proof"", &artifact.fill_proof)?;",provider_artifact_validation_field,This labels the fill-proof reference required inside a Hyperliquid product-submit proof artifact; the referenced proof remains evidence-owned.
820,no,NO_POLICY_TERM,src/bolt_v3_providers/hyperliquid_artifacts.rs,string,"""fill_proof""","""fill_proof"" => ""fill_proof.artifact_path"",",provider_artifact_validation_field,This maps the fill-proof reference to its artifact-path validation field; the path value remains evidence-owned.
821,no,POLICY_TERM_CONFIG_OR_STRUCTURAL,src/bolt_v3_providers/hyperliquid_artifacts.rs,string,"""fill_proof.artifact_path""","""fill_proof"" => ""fill_proof.artifact_path"",",provider_artifact_validation_field,This labels the fill-proof artifact path inside a Hyperliquid product-submit proof artifact; the path value remains evidence-owned.
822,no,NO_POLICY_TERM,src/bolt_v3_providers/hyperliquid_artifacts.rs,string,"""fill_proof""","""fill_proof"" => ""fill_proof.artifact_sha256"",",provider_artifact_validation_field,This maps the fill-proof reference to its artifact-sha256 validation field; the checksum value remains evidence-owned.
823,no,POLICY_TERM_CONFIG_OR_STRUCTURAL,src/bolt_v3_providers/hyperliquid_artifacts.rs,string,"""fill_proof.artifact_sha256""","""fill_proof"" => ""fill_proof.artifact_sha256"",",provider_artifact_validation_field,This labels the fill-proof artifact checksum inside a Hyperliquid product-submit proof artifact; the checksum value remains evidence-owned.
824,no,POLICY_TERM_CONFIG_OR_STRUCTURAL,src/bolt_v3_providers/hyperliquid_artifacts.rs,string,"""rounding_proof""","""rounding_proof"",",provider_artifact_validation_field,This labels the rounding-proof reference required inside a Hyperliquid product-submit proof artifact; the referenced proof remains evidence-owned.
825,no,NO_POLICY_TERM,src/bolt_v3_providers/hyperliquid_artifacts.rs,string,"""rounding_proof""","""rounding_proof"" => ""rounding_proof.artifact_path"",",provider_artifact_validation_field,This maps the rounding-proof reference to its artifact-path validation field; the path value remains evidence-owned.
826,no,POLICY_TERM_CONFIG_OR_STRUCTURAL,src/bolt_v3_providers/hyperliquid_artifacts.rs,string,"""rounding_proof.artifact_path""","""rounding_proof"" => ""rounding_proof.artifact_path"",",provider_artifact_validation_field,This labels the rounding-proof artifact path inside a Hyperliquid product-submit proof artifact; the path value remains evidence-owned.
827,no,NO_POLICY_TERM,src/bolt_v3_providers/hyperliquid_artifacts.rs,string,"""rounding_proof""","""rounding_proof"" => ""rounding_proof.artifact_sha256"",",provider_artifact_validation_field,This maps the rounding-proof reference to its artifact-sha256 validation field; the checksum value remains evidence-owned.
828,no,POLICY_TERM_CONFIG_OR_STRUCTURAL,src/bolt_v3_providers/hyperliquid_artifacts.rs,string,"""rounding_proof.artifact_sha256""","""rounding_proof"" => ""rounding_proof.artifact_sha256"",",provider_artifact_validation_field,This labels the rounding-proof artifact checksum inside a Hyperliquid product-submit proof artifact; the checksum value remains evidence-owned.
829,no,POLICY_TERM_CONFIG_OR_STRUCTURAL,src/bolt_v3_providers/hyperliquid_artifacts.rs,string,"""fee_proof""","validate_hyperliquid_product_submit_proof_evidence_ref(""fee_proof"", &artifact.fee_proof)?;",provider_artifact_validation_field,This labels the fee-proof reference required inside a Hyperliquid product-submit proof artifact; the referenced proof remains evidence-owned.
830,no,POLICY_TERM_CONFIG_OR_STRUCTURAL,src/bolt_v3_providers/hyperliquid_artifacts.rs,string,"""fee_proof""","""fee_proof"" => ""fee_proof.artifact_path"",",provider_artifact_validation_field,This maps the fee-proof reference to its artifact-path validation field; the path value remains evidence-owned.
831,no,POLICY_TERM_CONFIG_OR_STRUCTURAL,src/bolt_v3_providers/hyperliquid_artifacts.rs,string,"""fee_proof.artifact_path""","""fee_proof"" => ""fee_proof.artifact_path"",",provider_artifact_validation_field,This labels the fee-proof artifact path inside a Hyperliquid product-submit proof artifact; the path value remains evidence-owned.
832,no,POLICY_TERM_CONFIG_OR_STRUCTURAL,src/bolt_v3_providers/hyperliquid_artifacts.rs,string,"""fee_proof""","""fee_proof"" => ""fee_proof.artifact_sha256"",",provider_artifact_validation_field,This maps the fee-proof reference to its artifact-sha256 validation field; the checksum value remains evidence-owned.
833,no,POLICY_TERM_CONFIG_OR_STRUCTURAL,src/bolt_v3_providers/hyperliquid_artifacts.rs,string,"""fee_proof.artifact_sha256""","""fee_proof"" => ""fee_proof.artifact_sha256"",",provider_artifact_validation_field,This labels the fee-proof artifact checksum inside a Hyperliquid product-submit proof artifact; the checksum value remains evidence-owned.
834,no,POLICY_TERM_CONFIG_OR_STRUCTURAL,src/bolt_v3_providers/hyperliquid_artifacts.rs,string,"""settlement_proof""","""settlement_proof"",",provider_artifact_validation_field,This labels the HIP-4 settlement-proof reference required inside a Hyperliquid outcome product-submit proof artifact; the referenced proof remains evidence-owned.
835,no,NO_POLICY_TERM,src/bolt_v3_providers/hyperliquid_artifacts.rs,string,"""settlement_proof""","""settlement_proof"" => ""settlement_proof.artifact_path"",",provider_artifact_validation_field,This maps the HIP-4 settlement-proof reference to its artifact-path validation field; the path value remains evidence-owned.
836,no,POLICY_TERM_CONFIG_OR_STRUCTURAL,src/bolt_v3_providers/hyperliquid_artifacts.rs,string,"""settlement_proof.artifact_path""","""settlement_proof"" => ""settlement_proof.artifact_path"",",provider_artifact_validation_field,This labels the HIP-4 settlement-proof artifact path inside a Hyperliquid product-submit proof artifact; the path value remains evidence-owned.
837,no,NO_POLICY_TERM,src/bolt_v3_providers/hyperliquid_artifacts.rs,string,"""settlement_proof""","""settlement_proof"" => ""settlement_proof.artifact_sha256"",",provider_artifact_validation_field,This maps the HIP-4 settlement-proof reference to its artifact-sha256 validation field; the checksum value remains evidence-owned.
838,no,POLICY_TERM_CONFIG_OR_STRUCTURAL,src/bolt_v3_providers/hyperliquid_artifacts.rs,string,"""settlement_proof.artifact_sha256""","""settlement_proof"" => ""settlement_proof.artifact_sha256"",",provider_artifact_validation_field,This labels the HIP-4 settlement-proof artifact checksum inside a Hyperliquid product-submit proof artifact; the checksum value remains evidence-owned.
839,no,NO_POLICY_TERM,src/bolt_v3_providers/hyperliquid_artifacts.rs,string,"""provider_id""","""provider_id"",",provider_artifact_validation_field,This labels a provider-side Hyperliquid operator-artifact validation field; the artifact value remains TOML/evidence-owned.
840,no,POLICY_TERM_CONFIG_OR_STRUCTURAL,src/bolt_v3_providers/hyperliquid_artifacts.rs,string,"""provider_id""","validate_hyperliquid_live_submit_non_empty_field(""provider_id"", &artifact.provider_id)?;",provider_artifact_validation_field,This labels a provider-side Hyperliquid operator-artifact validation field; the artifact value remains TOML/evidence-owned.
841,no,POLICY_TERM_CONFIG_OR_STRUCTURAL,src/bolt_v3_providers/hyperliquid_artifacts.rs,string,"""provider_id""","validate_hyperliquid_live_submit_non_empty_field(""provider_id"", &binding.provider_id)?;",provider_artifact_validation_field,This labels a provider-side Hyperliquid operator-artifact validation field; the artifact value remains TOML/evidence-owned.
842,no,POLICY_TERM_CONFIG_OR_STRUCTURAL,src/bolt_v3_providers/hyperliquid_artifacts.rs,string,"""provider_id""","validate_hyperliquid_live_submit_non_empty_field(""provider_id"", &input.provider_id)?;",provider_artifact_validation_field,This labels a provider-side Hyperliquid operator-artifact validation field; the artifact value remains TOML/evidence-owned.
843,no,NO_POLICY_TERM,src/bolt_v3_providers/hyperliquid_artifacts.rs,string,"""provider_key""","""provider_key"",",provider_artifact_validation_field,This labels a provider-side Hyperliquid operator-artifact validation field; the artifact value remains TOML/evidence-owned.
844,no,NO_POLICY_TERM,src/bolt_v3_providers/hyperliquid_artifacts.rs,string,"""record_kind""","""record_kind"",",provider_artifact_validation_field,This labels a provider-side Hyperliquid operator-artifact validation field; the artifact value remains TOML/evidence-owned.
845,no,NO_POLICY_TERM,src/bolt_v3_providers/hyperliquid_artifacts.rs,string,"""schema_version""","""schema_version"",",provider_artifact_validation_field,This labels a provider-side Hyperliquid operator-artifact validation field; the artifact value remains TOML/evidence-owned.
846,no,NO_POLICY_TERM,src/bolt_v3_providers/hyperliquid_artifacts.rs,string,"""signer_fingerprint""","""signer_fingerprint"",",provider_artifact_validation_field,This labels a provider-side Hyperliquid operator-artifact validation field; the artifact value remains TOML/evidence-owned.
847,no,POLICY_TERM_CONFIG_OR_STRUCTURAL,src/bolt_v3_providers/hyperliquid_artifacts.rs,string,"""signer_fingerprint""","validate_hyperliquid_live_submit_sha256_field(""signer_fingerprint"", &input.signer_fingerprint)?;",provider_artifact_validation_field,This labels a provider-side Hyperliquid operator-artifact validation field; the artifact value remains TOML/evidence-owned.
848,no,NO_POLICY_TERM,src/bolt_v3_providers/hyperliquid_artifacts.rs,string,"""toml_checksum""","""toml_checksum"",",provider_artifact_validation_field,This labels a provider-side Hyperliquid operator-artifact validation field; the artifact value remains TOML/evidence-owned.
849,no,POLICY_TERM_CONFIG_OR_STRUCTURAL,src/bolt_v3_providers/hyperliquid_artifacts.rs,string,"""toml_checksum""","validate_hyperliquid_live_submit_sha256_field(""toml_checksum"", &artifact.toml_checksum)?;",provider_artifact_validation_field,This labels a provider-side Hyperliquid operator-artifact validation field; the artifact value remains TOML/evidence-owned.
850,no,POLICY_TERM_CONFIG_OR_STRUCTURAL,src/bolt_v3_providers/hyperliquid_artifacts.rs,string,"""toml_checksum""","validate_hyperliquid_live_submit_sha256_field(""toml_checksum"", &binding.toml_checksum)?;",provider_artifact_validation_field,This labels a provider-side Hyperliquid operator-artifact validation field; the artifact value remains TOML/evidence-owned.
851,no,POLICY_TERM_CONFIG_OR_STRUCTURAL,src/bolt_v3_providers/hyperliquid_artifacts.rs,string,"""toml_checksum""","validate_hyperliquid_live_submit_sha256_field(""toml_checksum"", &input.toml_checksum)?;",provider_artifact_validation_field,This labels a provider-side Hyperliquid operator-artifact validation field; the artifact value remains TOML/evidence-owned.
852,no,POLICY_TERM_CONFIG_OR_STRUCTURAL,src/bolt_v3_providers/hyperliquid_artifacts.rs,string,"""provider_id""","validate_hyperliquid_product_submit_proof_non_empty_field(""provider_id"", &input.provider_id)?;",provider_artifact_validation_field,This labels the provider id inside a generated Hyperliquid product-submit proof artifact; the provider id value remains operator/config-owned.
853,no,POLICY_TERM_CONFIG_OR_STRUCTURAL,src/bolt_v3_providers/hyperliquid_artifacts.rs,string,"""toml_checksum""","validate_hyperliquid_product_submit_proof_sha256_field(""toml_checksum"", &input.toml_checksum)?;",provider_artifact_validation_field,This labels the TOML checksum inside a generated Hyperliquid product-submit proof artifact; the checksum value remains config/evidence-owned.
854,no,POLICY_TERM_CONFIG_OR_STRUCTURAL,src/bolt_v3_providers/hyperliquid_artifacts.rs,string,"""order_proof""","validate_hyperliquid_product_submit_proof_evidence_ref(""order_proof"", &input.order_proof)?;",provider_artifact_validation_field,This labels the order-proof reference supplied to the Hyperliquid product-submit proof artifact writer; the referenced proof remains evidence-owned.
855,no,POLICY_TERM_CONFIG_OR_STRUCTURAL,src/bolt_v3_providers/hyperliquid_artifacts.rs,string,"""fill_proof""","validate_hyperliquid_product_submit_proof_evidence_ref(""fill_proof"", &input.fill_proof)?;",provider_artifact_validation_field,This labels the fill-proof reference supplied to the Hyperliquid product-submit proof artifact writer; the referenced proof remains evidence-owned.
856,no,POLICY_TERM_CONFIG_OR_STRUCTURAL,src/bolt_v3_providers/hyperliquid_artifacts.rs,string,"""fee_proof""","validate_hyperliquid_product_submit_proof_evidence_ref(""fee_proof"", &input.fee_proof)?;",provider_artifact_validation_field,This labels the fee-proof reference supplied to the Hyperliquid product-submit proof artifact writer; the referenced proof remains evidence-owned.
857,no,NO_POLICY_TERM,src/bolt_v3_providers/hyperliquid_artifacts.rs,string,"""used_at""","""used_at"",",provider_artifact_validation_field,This labels a provider-side Hyperliquid operator-artifact validation field; the artifact value remains TOML/evidence-owned.
858,no,NO_POLICY_TERM,src/bolt_v3_providers/hyperliquid_artifacts.rs,string,"""used_at""","""used_at""",provider_artifact_validation_field,This labels the fail-closed one-time approval spend state when persistence is asked to write an unconsumed artifact or the locked on-disk artifact is already consumed.
859,yes,POLICY_TERM_CONFIG_OR_STRUCTURAL,src/bolt_v3_providers/hyperliquid_artifacts.rs,number,0,file.seek(SeekFrom::Start(0))?;,approval_spend_in_place_file_start_offset,"This rewinds the locked Hyperliquid live-submit approval artifact file descriptor to the beginning before writing the consumed artifact in place; it is a structural filesystem offset, not an operator runtime value."
860,yes,POLICY_TERM_CONFIG_OR_STRUCTURAL,src/bolt_v3_providers/hyperliquid_artifacts.rs,number,0,file.set_len(0)?;,approval_spend_in_place_truncate_length,"This truncates the locked Hyperliquid live-submit approval artifact file before writing the consumed artifact in place; crash interruption leaves the artifact invalid and fail-closed, and the value is not operator-configurable runtime behavior."
861,yes,POLICY_TERM_CONFIG_OR_STRUCTURAL,src/bolt_v3_providers/hyperliquid_artifacts.rs,number,1,.take(max_bytes.saturating_add(1)),bounded_artifact_read_overflow_probe,This reads one byte beyond the configured artifact byte cap to detect oversized Hyperliquid approval artifacts without unbounded memory growth.
862,yes,NO_POLICY_TERM,src/bolt_v3_kill_switch.rs,number,0,hasher.update([0]);,kill_switch_halt_id_hash_absent_sequence_sentinel,Stable hash-format sentinel for an absent source sequence when deriving a halt id; not an operator runtime value.
863,yes,NO_POLICY_TERM,src/bolt_v3_kill_switch.rs,number,64,if evidence_sha256.len() != 64,sha256_hex_digest_length_guard,Fixed SHA-256 hex digest length used to validate operator reset evidence hashes; not an operator runtime value.
864,yes,POLICY_TERM_CONFIG_OR_STRUCTURAL,src/bolt_v3_kill_switch.rs,string,"b""bolt_v3.kill_switch.halt_id.v1""","const HALT_ID_DOMAIN: &[u8] = b""bolt_v3.kill_switch.halt_id.v1"";",kill_switch_halt_id_domain_separator,"Stable domain separator for the kill-switch halt-id hash format; not a venue, size, timeout, or operator runtime value."
865,yes,NO_POLICY_TERM,src/bolt_v3_kill_switch.rs,string,"b""loss_governor_breach""","KillSwitchHaltTriggerKind::LossGovernorBreach => b""loss_governor_breach"".as_slice(),",kill_switch_trigger_kind_hash_label,Stable trigger-kind label included in halt-id derivation for loss-governor breaches; not an operator runtime value.
866,no,POLICY_TERM_CONFIG_OR_STRUCTURAL,src/bolt_v3_numeric.rs,number,64,pub(crate) const SHA256_HEX_DIGEST_LEN: usize = 64;,sha256_hex_digest_length_guard,Shared SHA-256 hex digest length constant; single source for the digest-shape guards across the kill-switch action-router/cancel/flatten modules and loss-governor recovery validation. Not an operator runtime value.
867,yes,NO_POLICY_TERM,src/bolt_v3_kill_switch_store.rs,number,2,pub const KILL_SWITCH_STORE_SCHEMA_VERSION: u32 = 2;,kill_switch_store_schema_version,Durable state-file schema version for currency-aware loss snapshot recovery; not an operator runtime value.
868,yes,POLICY_TERM_CONFIG_OR_STRUCTURAL,src/bolt_v3_kill_switch_store.rs,number,1,let read_limit = self.max_state_file_bytes.saturating_add(1);,kill_switch_store_oversize_read_sentinel,One-byte oversize sentinel used to distinguish exactly-at-limit reads from oversized durable state files; the limit itself is TOML-owned.
869,yes,POLICY_TERM_CONFIG_OR_STRUCTURAL,src/bolt_v3_kill_switch_store.rs,string,"""kill-switch state file {} is {bytes} bytes, exceeding the {max_bytes} byte limit""","""kill-switch state file {} is {bytes} bytes, exceeding the {max_bytes} byte limit"",",kill_switch_store_oversize_error_template,Operator-facing error template for the TOML-owned max_state_file_bytes guard; not a runtime value.
870,yes,NO_POLICY_TERM,src/bolt_v3_kill_switch_store.rs,string,"b""!""","write_private_atomic_file(&self.path, b""!"")?;",kill_switch_store_invalid_sentinel,Single-byte invalid durable-state marker used to force fail-closed recovery after write failure; not operator configurable.
871,yes,NO_POLICY_TERM,src/bolt_v3_loss_protection.rs,number,1_000_000,const NANOS_PER_MILLISECOND: u64 = 1_000_000;,kill_switch_loss_protection_time_unit_conversion,Fixed nanoseconds-per-millisecond unit conversion used with TOML-owned retry intervals; not an operator runtime value.
872,yes,POLICY_TERM_CONFIG_OR_STRUCTURAL,src/bolt_v3_loss_protection.rs,number,86_400_000_000_000,const NANOS_PER_UTC_DAY: u64 = 86_400_000_000_000;,kill_switch_loss_protection_utc_day_unit,Fixed UTC day nanosecond unit used to bucket realized PnL; the loss threshold is TOML-owned.
873,yes,NO_POLICY_TERM,src/bolt_v3_loss_protection.rs,string,"""corrupt_evidence""","KillSwitchRecoveryReason::CorruptEvidence => ""corrupt_evidence"",",kill_switch_recovery_reason_label,Stable durable-recovery reason label persisted in kill-switch state; not an operator runtime value.
874,yes,POLICY_TERM_CONFIG_OR_STRUCTURAL,src/bolt_v3_loss_protection.rs,string,"""daily realized loss halt action retry timeout""","return Err(anyhow!(""daily realized loss halt action retry timeout""));",kill_switch_halt_retry_timeout_error,Operator-facing error message for the TOML-owned halt action retry timeout; not a runtime value.
875,yes,NO_POLICY_TERM,src/bolt_v3_loss_protection.rs,string,"""flatten-positions""","const FLATTEN_ACTION_ID: &str = ""flatten-positions"";",kill_switch_flatten_action_kind_label,Stable internal action-kind label for the only shared loss-protection action sink; enablement and targets remain TOML-owned.
876,yes,POLICY_TERM_CONFIG_OR_STRUCTURAL,src/bolt_v3_loss_protection.rs,string,"""halt_action_retry_timeout""","const HALT_ACTION_RETRY_TIMEOUT_REASON: &str = ""halt_action_retry_timeout"";",kill_switch_halt_retry_timeout_reason_label,Stable state-machine reason label emitted when TOML-owned retry timeout expires; not an operator runtime value.
877,yes,NO_POLICY_TERM,src/bolt_v3_loss_protection.rs,string,"""kill-switch-recovery-fail-closed""","const FAIL_CLOSED_RECOVERY_HALT_ID: &str = ""kill-switch-recovery-fail-closed"";",kill_switch_fail_closed_recovery_synthetic_halt_id,Stable synthetic halt identifier used only when corrupted or missing durable evidence lacks an existing halt id.
878,yes,POLICY_TERM_CONFIG_OR_STRUCTURAL,src/bolt_v3_loss_protection.rs,string,"""kill_switch_recovery""","const RECOVERY_LOSS_TRIGGER_SOURCE: &str = ""kill_switch_recovery"";",kill_switch_recovery_trigger_source_label,Stable synthetic source label for re-evaluating restored daily realized loss against the current TOML-owned threshold at restart.
879,yes,NO_POLICY_TERM,src/bolt_v3_loss_protection.rs,string,"""loss_protection_snapshot_persistence_failed""","const SNAPSHOT_PERSISTENCE_FAILED_REASON: &str = ""loss_protection_snapshot_persistence_failed"";",kill_switch_snapshot_persistence_failure_reason_label,Stable state-machine reason label for durable loss snapshot write failure; not operator configurable.
880,yes,POLICY_TERM_CONFIG_OR_STRUCTURAL,src/bolt_v3_loss_protection.rs,string,"""max_utc_daily_realized_loss""","const LOSS_TRIGGER_REASON: &str = ""max_utc_daily_realized_loss"";",kill_switch_loss_trigger_reason_label,Stable reason label for the TOML-owned max_utc_daily_realized_loss breach trigger.
881,yes,NO_POLICY_TERM,src/bolt_v3_loss_protection.rs,string,"""mixed_settlement_currency""","const MIXED_SETTLEMENT_CURRENCY_REASON: &str = ""mixed_settlement_currency"";",kill_switch_mixed_settlement_currency_reason_label,Stable state-machine reason label emitted when realized-PnL observations span multiple settlement currencies and the accumulator fails closed; not an operator runtime value.
882,no,NO_POLICY_TERM,src/bolt_v3_loss_protection.rs,string,"""missing_evidence""","KillSwitchRecoveryReason::MissingEvidence => ""missing_evidence"",",kill_switch_recovery_reason_label,Stable durable-recovery reason label persisted in kill-switch state; not an operator runtime value.
883,no,NO_POLICY_TERM,src/bolt_v3_loss_protection.rs,string,"""missing_loss_protection_snapshot""","""missing_loss_protection_snapshot""",kill_switch_recovery_reason_label,Stable fail-closed recovery label for armed durable state missing its loss-protection snapshot.
884,yes,NO_POLICY_TERM,src/bolt_v3_loss_protection.rs,string,"""nt_position_adjusted""","source: ""nt_position_adjusted"",",kill_switch_loss_observation_source_label,Stable source label for NT PositionAdjusted realized-PnL observations; not operator configurable.
885,no,NO_POLICY_TERM,src/bolt_v3_loss_protection.rs,string,"""nt_position_changed""","source: ""nt_position_changed"",",kill_switch_loss_observation_source_label,Stable source label for NT PositionChanged realized-PnL observations; not operator configurable.
886,no,NO_POLICY_TERM,src/bolt_v3_loss_protection.rs,string,"""nt_position_closed""","source: ""nt_position_closed"",",kill_switch_loss_observation_source_label,Stable source label for NT PositionClosed realized-PnL observations; not operator configurable.
887,no,POLICY_TERM_CONFIG_OR_STRUCTURAL,src/bolt_v3_loss_protection.rs,string,"""oversized_evidence""","KillSwitchRecoveryReason::OversizedEvidence => ""oversized_evidence"",",kill_switch_recovery_reason_label,Stable durable-recovery reason label persisted in kill-switch state; not an operator runtime value.
888,no,NO_POLICY_TERM,src/bolt_v3_loss_protection.rs,string,"""unresolved_halt""","KillSwitchRecoveryReason::UnresolvedHalt => ""unresolved_halt"",",kill_switch_recovery_reason_label,Stable durable-recovery reason label persisted in kill-switch state; not an operator runtime value.
889,no,NO_POLICY_TERM,src/bolt_v3_loss_protection.rs,string,"""unsupported_schema_version""","KillSwitchRecoveryReason::UnsupportedSchemaVersion => ""unsupported_schema_version"",",kill_switch_recovery_reason_label,Stable durable-recovery reason label persisted in kill-switch state; not an operator runtime value.
890,yes,NO_POLICY_TERM,src/bolt_v3_atomic_io.rs,number,0,static PRIVATE_ATOMIC_TEMP_COUNTER: AtomicU64 = AtomicU64::new(0);,shared_atomic_io_temp_counter_identity,Internal same-directory temporary file uniqueness counter starts empty; durable paths remain TOML-owned by callers.
891,yes,POLICY_TERM_CONFIG_OR_STRUCTURAL,src/bolt_v3_atomic_io.rs,number,1,"let counter = PRIVATE_ATOMIC_TEMP_COUNTER.fetch_add(1, Ordering::Relaxed);",shared_atomic_io_temp_counter_increment,Internal same-directory temporary file uniqueness counter increments by one per atomic write attempt; durable paths remain TOML-owned by callers.
892,yes,NO_POLICY_TERM,src/bolt_v3_atomic_io.rs,number,0,.unwrap_or(0);,shared_atomic_io_temp_timestamp_fallback,Internal temporary file uniqueness falls back to zero only when system time is before the Unix epoch; durable paths remain TOML-owned by callers.
893,yes,NO_POLICY_TERM,src/bolt_v3_atomic_io.rs,string,"""tmp""","private_atomic_temp_path_with_suffix(path, ""tmp"")",shared_atomic_io_temp_suffix,Internal same-directory temporary file suffix appended before atomic rename; durable paths remain TOML-owned by callers.
894,no,NO_POLICY_TERM,src/bolt_v3_atomic_io.rs,string,""".""","temp_path.push(""."");",shared_atomic_io_temp_suffix,Internal same-directory temporary path separator inserted before the unique temporary suffix; durable paths remain TOML-owned by callers.
895,yes,POLICY_TERM_CONFIG_OR_STRUCTURAL,src/bolt_v3_validate.rs,number,0,&& block.action_retry_timeout_ms > 0,kill_switch_config_positive_duration_guard,TOML validation guard requiring a positive retry timeout before accepting enabled kill-switch config; the value remains TOML-owned.
896,yes,POLICY_TERM_CONFIG_OR_STRUCTURAL,src/bolt_v3_submit_admission.rs,number,0,"live_kill_switch_forced_reduction_order_count: 0,",kill_switch_forced_reduction_counter_identity,Initial identity value for the in-memory forced-reduction live-order counter; the runtime order-count limit remains TOML-owned.
897,yes,POLICY_TERM_CONFIG_OR_STRUCTURAL,src/bolt_v3_submit_admission.rs,number,1,.saturating_sub(1);,kill_switch_forced_reduction_counter_decrement,Unit decrement when NT lifecycle integration reports a forced-reduction order terminal; the maximum live order count remains TOML-owned.
898,no,POLICY_TERM_CONFIG_OR_STRUCTURAL,src/bolt_v3_submit_admission.rs,number,64,if policy_sha256.len() != 64 || !policy_sha256.bytes().all(|byte| byte.is_ascii_hexdigit()),sha256_hex_digest_length_guard,Fixed SHA-256 hex digest length used to validate forced-reduction policy proof hashes; not an operator runtime value.
899,no,POLICY_TERM_CONFIG_OR_STRUCTURAL,src/bolt_v3_submit_admission.rs,string,"""bolt-v3 submit admission is blocked by kill-switch state {state:?}""","""bolt-v3 submit admission is blocked by kill-switch state {state:?}""",diagnostic_template,Error-display template for the kill-switch-latched admission rejection; it carries no operator runtime value.
900,no,POLICY_TERM_CONFIG_OR_STRUCTURAL,src/bolt_v3_submit_admission.rs,string,"""kill-switch forced reduction is evaluated before normal admission""","unreachable!(""kill-switch forced reduction is evaluated before normal admission"")",diagnostic_template,Internal invariant diagnostic for a typed submit-admission branch that is evaluated before the normal admission path; it carries no operator runtime value.
901,no,POLICY_TERM_CONFIG_OR_STRUCTURAL,src/bolt_v3_validate.rs,string,"""rest_base_url""","pub(crate) const CHAINLINK_DATA_STREAMS_REST_BASE_URL_FIELD: &str = ""rest_base_url"";",chainlink_data_streams_toml_field,This names the TOML-owned Chainlink REST base URL field validated at startup; the runtime URL value remains config-owned.
902,no,POLICY_TERM_CONFIG_OR_STRUCTURAL,src/bolt_v3_validate.rs,string,"""report_endpoint_path""","pub(crate) const CHAINLINK_DATA_STREAMS_REPORT_ENDPOINT_PATH_FIELD: &str = ""report_endpoint_path"";",chainlink_data_streams_toml_field,This names the TOML-owned Chainlink report endpoint path field validated at startup; the endpoint path value remains config-owned.
903,no,POLICY_TERM_CONFIG_OR_STRUCTURAL,src/bolt_v3_validate.rs,string,"""http_timeout_secs""","pub(crate) const CHAINLINK_DATA_STREAMS_HTTP_TIMEOUT_SECS_FIELD: &str = ""http_timeout_secs"";",chainlink_data_streams_toml_field,This names the TOML-owned Chainlink HTTP timeout field validated at startup; the timeout value remains config-owned.
904,yes,POLICY_TERM_CONFIG_OR_STRUCTURAL,src/bolt_v3_providers/chainlink/report.rs,string,"""0x""","const CHAINLINK_FEED_ID_PREFIX: &str = ""0x"";",entry_decision_source_input_feed_id_shape,"This is Chainlink feed-id hex syntax validation for the TOML-owned price-to-beat feed binding, not a runtime value."
905,no,POLICY_TERM_CONFIG_OR_STRUCTURAL,src/bolt_v3_providers/chainlink/report.rs,number,64,const CHAINLINK_FEED_ID_HEX_LENGTH: usize = 64;,entry_decision_source_input_feed_id_shape,This is the fixed byte32 Chainlink feed-id hex length after the 0x prefix; the configured feed id remains TOML-owned.
906,yes,POLICY_TERM_CONFIG_OR_STRUCTURAL,src/bolt_v3_providers/chainlink/report.rs,number,3,const CHAINLINK_PRICE_REPORT_SCHEMA_VERSION_V3: u64 = 3;,chainlink_report_protocol_decoder,This is the Chainlink Data Streams ReportDataV3 protocol schema identifier supported by the decoder; the strategy TOML still selects the expected report schema and non-V3 configs fail closed.
907,no,POLICY_TERM_CONFIG_OR_STRUCTURAL,src/bolt_v3_providers/chainlink/report.rs,number,32,const CHAINLINK_REPORT_ABI_WORD_BYTES: usize = 32;,chainlink_report_protocol_decoder,"This is the fixed Ethereum ABI word width used to decode a Chainlink Data Streams report, not an operator runtime value."
908,no,POLICY_TERM_CONFIG_OR_STRUCTURAL,src/bolt_v3_providers/chainlink/report.rs,number,3,const CHAINLINK_REPORT_BLOB_OFFSET_WORD_INDEX: usize = 3;,chainlink_report_protocol_decoder,This is the ABI word position of reportBlob in the Chainlink report callback payload.
909,no,POLICY_TERM_CONFIG_OR_STRUCTURAL,src/bolt_v3_providers/chainlink/report.rs,number,4,const CHAINLINK_REPORT_CALLBACK_MIN_BYTES: usize = 4 * CHAINLINK_REPORT_ABI_WORD_BYTES;,chainlink_report_protocol_decoder,This is the minimum ABI header word count for three reportContext words plus the reportBlob offset word.
910,no,POLICY_TERM_CONFIG_OR_STRUCTURAL,src/bolt_v3_providers/chainlink/report.rs,number,9,const CHAINLINK_REPORT_V3_WORD_COUNT: usize = 9;,chainlink_report_protocol_decoder,"This is the fixed ReportDataV3 ABI word count for feed id, timestamps, fees, expiry, benchmark, bid, and ask."
911,no,POLICY_TERM_CONFIG_OR_STRUCTURAL,src/bolt_v3_providers/chainlink/report.rs,number,0,const CHAINLINK_REPORT_V3_FEED_ID_WORD_INDEX: usize = 0;,chainlink_report_protocol_decoder,This is the ReportDataV3 ABI word index for feedId.
912,no,POLICY_TERM_CONFIG_OR_STRUCTURAL,src/bolt_v3_providers/chainlink/report.rs,number,1,const CHAINLINK_REPORT_V3_VALID_FROM_WORD_INDEX: usize = 1;,chainlink_report_protocol_decoder,This is the ReportDataV3 ABI word index for validFromTimestamp.
913,no,POLICY_TERM_CONFIG_OR_STRUCTURAL,src/bolt_v3_providers/chainlink/report.rs,number,2,const CHAINLINK_REPORT_V3_OBSERVATIONS_WORD_INDEX: usize = 2;,chainlink_report_protocol_decoder,This is the ReportDataV3 ABI word index for observationsTimestamp.
914,no,POLICY_TERM_CONFIG_OR_STRUCTURAL,src/bolt_v3_providers/chainlink/report.rs,number,6,const CHAINLINK_REPORT_V3_BENCHMARK_PRICE_WORD_INDEX: usize = 6;,chainlink_report_protocol_decoder,This is the ReportDataV3 ABI word index for benchmarkPrice.
915,no,NO_POLICY_TERM,src/bolt_v3_providers/chainlink/report.rs,number,0x80,const CHAINLINK_REPORT_SIGN_BIT_MASK: u8 = 0x80;,chainlink_report_protocol_decoder,This is the two's-complement sign-bit mask used when decoding the ReportDataV3 int192 benchmarkPrice word.
916,no,NO_POLICY_TERM,src/bolt_v3_providers/chainlink/report.rs,number,256.0,const CHAINLINK_REPORT_BASE256_RADIX: f64 = 256.0;,chainlink_report_protocol_decoder,This is the byte-radix used to decode a Chainlink ReportDataV3 int192 two's-complement benchmarkPrice word.
917,no,NO_POLICY_TERM,src/bolt_v3_providers/chainlink/report.rs,number,10.0,const CHAINLINK_REPORT_DECIMAL_RADIX: f64 = 10.0;,chainlink_report_protocol_decoder,This is the decimal scale radix used by Chainlink Data Streams report price bindings; the scale value remains TOML-owned.
918,no,POLICY_TERM_CONFIG_OR_STRUCTURAL,src/bolt_v3_validate.rs,string,"""api_key_ssm_parameter""","pub(crate) const CHAINLINK_DATA_STREAMS_API_KEY_SSM_PARAMETER_FIELD: &str = ""api_key_ssm_parameter"";",chainlink_data_streams_toml_field,This names the TOML-owned Chainlink API-key SSM parameter field validated at startup; the parameter path value remains config-owned.
919,no,NO_POLICY_TERM,src/bolt_v3_validate.rs,string,"""api_secret_ssm_parameter""","""api_secret_ssm_parameter"";",chainlink_data_streams_toml_field,This names the TOML-owned Chainlink API-secret SSM parameter field validated at startup; the parameter path value remains config-owned.
920,yes,POLICY_TERM_CONFIG_OR_STRUCTURAL,src/bolt_v3_providers/chainlink/auth.rs,string,"""feedID""","const CHAINLINK_DATA_STREAMS_REPORT_FEED_ID_QUERY_FIELD: &str = ""feedID"";",chainlink_data_streams_rest_protocol,This is the Chainlink Data Streams REST query parameter name from the provider API; the feed id value remains TOML-owned.
921,no,NO_POLICY_TERM,src/bolt_v3_providers/chainlink/auth.rs,string,"""timestamp""","const CHAINLINK_DATA_STREAMS_REPORT_TIMESTAMP_QUERY_FIELD: &str = ""timestamp"";",chainlink_data_streams_rest_protocol,This is the Chainlink Data Streams REST query parameter name for report lookup; the timestamp value is operator command input.
922,yes,NO_POLICY_TERM,src/bolt_v3_providers/chainlink/auth.rs,string,"""Authorization""","const CHAINLINK_DATA_STREAMS_AUTHORIZATION_HEADER: &str = ""Authorization"";",chainlink_data_streams_auth_protocol,"This is the Chainlink Data Streams authentication header name required by the provider API, not a credential value."
923,no,NO_POLICY_TERM,src/bolt_v3_providers/chainlink/auth.rs,string,"""X-Authorization-Timestamp""","const CHAINLINK_DATA_STREAMS_AUTHORIZATION_TIMESTAMP_HEADER: &str = ""X-Authorization-Timestamp"";",chainlink_data_streams_auth_protocol,This is the Chainlink Data Streams authentication timestamp header name required by the provider API.
924,no,NO_POLICY_TERM,src/bolt_v3_providers/chainlink/auth.rs,string,"""X-Authorization-Signature-SHA256""","""X-Authorization-Signature-SHA256"";",chainlink_data_streams_auth_protocol,This is the Chainlink Data Streams authentication signature header name required by the provider API.
925,no,POLICY_TERM_CONFIG_OR_STRUCTURAL,src/bolt_v3_providers/chainlink/auth.rs,string,"""GET""","const CHAINLINK_DATA_STREAMS_GET_METHOD: &str = ""GET"";",chainlink_data_streams_rest_protocol,This is the HTTP method used by the provider report endpoint; endpoint location and timeout remain TOML-owned.
926,yes,POLICY_TERM_CONFIG_OR_STRUCTURAL,src/bolt_v3_providers/chainlink/auth.rs,number,64,const CHAINLINK_DATA_STREAMS_HMAC_BLOCK_BYTES: usize = 64;,chainlink_data_streams_hmac_protocol,"This is the SHA-256 HMAC block size required by the authentication algorithm, not an operator runtime value."
927,no,NO_POLICY_TERM,src/bolt_v3_providers/chainlink/auth.rs,number,0x36,const CHAINLINK_DATA_STREAMS_HMAC_IPAD: u8 = 0x36;,chainlink_data_streams_hmac_protocol,This is the standard HMAC inner-pad byte required by RFC 2104 HMAC-SHA256.
928,no,NO_POLICY_TERM,src/bolt_v3_providers/chainlink/auth.rs,number,0x5c,const CHAINLINK_DATA_STREAMS_HMAC_OPAD: u8 = 0x5c;,chainlink_data_streams_hmac_protocol,This is the standard HMAC outer-pad byte required by RFC 2104 HMAC-SHA256.
929,yes,NO_POLICY_TERM,src/bolt_v3_providers/chainlink/auth.rs,string,"""api_key""","api_key: chainlink_credential_field(api_key.to_string(), ""api_key"")?,",chainlink_data_streams_credential_field_label,This is the fail-closed local label used when validating the SSM-resolved Chainlink API key; the credential value remains SSM-owned.
930,no,NO_POLICY_TERM,src/bolt_v3_providers/chainlink/auth.rs,string,"""api_secret""","api_secret: chainlink_credential_field(api_secret.to_string(), ""api_secret"")?,",chainlink_data_streams_credential_field_label,This is the fail-closed local label used when validating the SSM-resolved Chainlink API secret; the credential value remains SSM-owned.
931,no,NO_POLICY_TERM,src/bolt_v3_providers/chainlink/auth.rs,string,"b""""","let body_hash = hex::encode(Sha256::digest(b""""));",chainlink_data_streams_auth_protocol,This is the empty GET request body used in the Chainlink HMAC signing string.
932,no,NO_POLICY_TERM,src/bolt_v3_providers/chainlink/auth.rs,string,"""{} {} {} {} {}""","""{} {} {} {} {}"",",chainlink_data_streams_auth_protocol,"This is the Chainlink HMAC signing-string field separator template; signed values come from config, SSM, and command input."
933,no,POLICY_TERM_CONFIG_OR_STRUCTURAL,src/bolt_v3_providers/chainlink/auth.rs,number,0,"key_block.resize(CHAINLINK_DATA_STREAMS_HMAC_BLOCK_BYTES, 0);",chainlink_data_streams_hmac_protocol,This is the standard zero padding byte for HMAC keys shorter than the SHA-256 block size.
934,yes,POLICY_TERM_CONFIG_OR_STRUCTURAL,src/bolt_v3_archetypes/binary_oracle_edge_taker.rs,string,"""instrument_id""",".and_then(|binding| binding.get(""instrument_id""))",strategy_archetype_resolution_schema_field,"Binary-oracle resolution-data binding schema/config field name read from the configured bolt-v3 TOML target, not an operator runtime value."
935,no,POLICY_TERM_CONFIG_OR_STRUCTURAL,src/bolt_v3_archetypes/binary_oracle_edge_taker.rs,string,"""resolution_client_id""","""resolution_client_id"",",strategy_archetype_resolution_schema_field,"Binary-oracle resolution-data binding schema/config field name read from the configured bolt-v3 TOML target, not an operator runtime value."
936,no,POLICY_TERM_CONFIG_OR_STRUCTURAL,src/bolt_v3_archetypes/binary_oracle_edge_taker.rs,string,"""resolution_instrument_id""","""resolution_instrument_id"",",strategy_archetype_resolution_schema_field,"Binary-oracle resolution-data binding schema/config field name read from the configured bolt-v3 TOML target, not an operator runtime value."
937,yes,NO_POLICY_TERM,src/bolt_v3_providers/chainlink.rs,number,0,"let (gate_provider_id, gate_table_value) = chainlink_gate_providers[0];",collection_index,Index into the single-element gate-provider list already length-checked to exactly one entry above.
938,yes,NO_POLICY_TERM,src/bolt_v3_providers/chainlink.rs,string,"""CHAINLINK_DATA_STREAMS""","pub const KEY: &str = ""CHAINLINK_DATA_STREAMS"";",chainlink_provider_venue_key,"Stable NT venue identifier for the Chainlink Data Streams strike provider; the provider key, not an operator runtime value."
939,yes,POLICY_TERM_CONFIG_OR_STRUCTURAL,src/bolt_v3_providers/chainlink.rs,string,"""Chainlink Data Streams strike source""","consumer: ""Chainlink Data Streams strike source"",",chainlink_provider_label,Static provider label naming the Chainlink strike-source secret consumer in the provider secret-requirement contract; not an operator runtime value.
940,yes,NO_POLICY_TERM,src/bolt_v3_providers/chainlink.rs,string,"""api_key_ssm_parameter""","""api_key_ssm_parameter"",",chainlink_provider_secret_field,"Chainlink credential SSM-parameter config field name (the SSM path it points to is the secret, not this field name); parsed from the configured bolt-v3 TOML."
941,no,NO_POLICY_TERM,src/bolt_v3_providers/chainlink.rs,string,"""api_key_ssm_parameter""","(""api_key_ssm_parameter"", &secrets.api_key_ssm_parameter),",chainlink_provider_secret_field,"Chainlink credential SSM-parameter config field name (the SSM path it points to is the secret, not this field name); parsed from the configured bolt-v3 TOML."
942,no,NO_POLICY_TERM,src/bolt_v3_providers/chainlink.rs,string,"""api_key_ssm_parameter""","field_name: ""api_key_ssm_parameter"",",chainlink_provider_secret_field,"Chainlink credential SSM-parameter config field name (the SSM path it points to is the secret, not this field name); parsed from the configured bolt-v3 TOML."
943,no,NO_POLICY_TERM,src/bolt_v3_providers/chainlink.rs,string,"""api_key_ssm_parameter""","pub const SECRET_FIELD_NAMES: &[&str] = &[""api_key_ssm_parameter"", ""api_secret_ssm_parameter""];",chainlink_provider_secret_field,"Chainlink credential SSM-parameter config field name (the SSM path it points to is the secret, not this field name); parsed from the configured bolt-v3 TOML."
944,no,NO_POLICY_TERM,src/bolt_v3_providers/chainlink.rs,string,"""api_secret_ssm_parameter""","""api_secret_ssm_parameter"",",chainlink_provider_secret_field,"Chainlink credential SSM-parameter config field name (the SSM path it points to is the secret, not this field name); parsed from the configured bolt-v3 TOML."
945,no,NO_POLICY_TERM,src/bolt_v3_providers/chainlink.rs,string,"""api_secret_ssm_parameter""","field_name: ""api_secret_ssm_parameter"",",chainlink_provider_secret_field,"Chainlink credential SSM-parameter config field name (the SSM path it points to is the secret, not this field name); parsed from the configured bolt-v3 TOML."
946,no,NO_POLICY_TERM,src/bolt_v3_providers/chainlink.rs,string,"""api_secret_ssm_parameter""","pub const SECRET_FIELD_NAMES: &[&str] = &[""api_key_ssm_parameter"", ""api_secret_ssm_parameter""];",chainlink_provider_secret_field,"Chainlink credential SSM-parameter config field name (the SSM path it points to is the secret, not this field name); parsed from the configured bolt-v3 TOML."
947,yes,POLICY_TERM_CONFIG_OR_STRUCTURAL,src/bolt_v3_providers/chainlink.rs,string,"""chainlink_data_streams""","pub const PROVIDER_KIND: &str = ""chainlink_data_streams"";",chainlink_provider_kind_key,"Stable gate_providers provider_kind discriminator for the Chainlink resolution oracle; the provider-kind key, not an operator runtime value."
948,yes,POLICY_TERM_CONFIG_OR_STRUCTURAL,src/bolt_v3_providers/chainlink/report.rs,number,1_000,pub(crate) const CHAINLINK_REPORT_MILLISECONDS_PER_SECOND: u64 = 1_000;,chainlink_protocol_constant,"Chainlink Data Streams V3 report encoding/unit constant fixed by the vendor wire format, not operator-configurable."
949,no,NO_POLICY_TERM,src/bolt_v3_providers/chainlink/strike_source.rs,number,0,.filter(|seconds| *seconds != 0);,chainlink_protocol_constant,"Strike timestamp unit-conversion / zero-guard constant fixed by NT UnixNanos and the Chainlink report format, not operator-configurable."
950,no,NO_POLICY_TERM,src/bolt_v3_providers/chainlink/strike_source.rs,number,0,.filter(|value| *value != 0),chainlink_protocol_constant,"Strike timestamp unit-conversion / zero-guard constant fixed by NT UnixNanos and the Chainlink report format, not operator-configurable."
951,no,NO_POLICY_TERM,src/bolt_v3_providers/chainlink/strike_source.rs,number,1_000_000,let ts_init = UnixNanos::from(current_unix_timestamp_ms()? * 1_000_000);,chainlink_protocol_constant,"Strike timestamp unit-conversion / zero-guard constant fixed by NT UnixNanos and the Chainlink report format, not operator-configurable."
952,no,NO_POLICY_TERM,src/bolt_v3_providers/chainlink/strike_source.rs,number,1_000_000_000,.checked_mul(1_000_000_000),chainlink_protocol_constant,"Strike timestamp unit-conversion / zero-guard constant fixed by NT UnixNanos and the Chainlink report format, not operator-configurable."
953,yes,NO_POLICY_TERM,src/bolt_v3_providers/chainlink/strike_source.rs,string,"""BoltV3ChainlinkStrikeFetchRequest""","const STRIKE_FETCH_REQUEST_DATA_TYPE: &str = ""BoltV3ChainlinkStrikeFetchRequest"";",chainlink_provider_type_tag,Stable NT custom-data type tag for provider-owned one-shot Chainlink strike fetch commands; not an operator runtime value.
954,no,NO_POLICY_TERM,src/bolt_v3_providers/chainlink/strike_source.rs,string,"""CHAINLINK_DATA_STREAMS""","const CHAINLINK_STRIKE_SOURCE_FACTORY_NAME: &str = ""CHAINLINK_DATA_STREAMS"";",chainlink_provider_type_tag,Stable NT factory/config type tag for the Chainlink strike DataClient; not an operator runtime value.
955,yes,NO_POLICY_TERM,src/bolt_v3_providers/chainlink/strike_source.rs,string,"""Chainlink {} timestamp exceeds milliseconds range""","""Chainlink {} timestamp exceeds milliseconds range"",",chainlink_provider_diagnostic,Fail-closed timestamp overflow diagnostic for Chainlink open/close boundary report mapping; the boundary label is selected from provider-owned enum variants.
956,no,NO_POLICY_TERM,src/bolt_v3_providers/chainlink/strike_source.rs,string,"""Chainlink {} timestamp exceeds nanos range""","""Chainlink {} timestamp exceeds nanos range"",",chainlink_provider_diagnostic,Fail-closed timestamp overflow diagnostic for Chainlink open/close boundary report mapping; the boundary label is selected from provider-owned enum variants.
957,no,POLICY_TERM_CONFIG_OR_STRUCTURAL,src/bolt_v3_providers/chainlink/strike_source.rs,string,"""Chainlink strike source has no feed binding for resolution instrument {}""","""Chainlink strike source has no feed binding for resolution instrument {}"",",chainlink_provider_diagnostic,Subscribe/fetch-time fail-closed diagnostic for the Chainlink strike source; interpolated values come from the configured binding.
958,no,NO_POLICY_TERM,src/bolt_v3_providers/chainlink/strike_source.rs,string,"""ChainlinkStrikeSourceConfig""","const CHAINLINK_STRIKE_SOURCE_CONFIG_TYPE: &str = ""ChainlinkStrikeSourceConfig"";",chainlink_provider_type_tag,Stable NT factory/config type tag for the Chainlink strike DataClient; not an operator runtime value.
959,yes,POLICY_TERM_CONFIG_OR_STRUCTURAL,src/bolt_v3_providers/chainlink/strike_source.rs,string,"""feed_id""","let feed_id = required_str(client_key, index, table, ""feed_id"")?;",chainlink_provider_config_field,Chainlink feed-binding config field name parsed from the configured bolt-v3 TOML; not an operator runtime value.
960,yes,POLICY_TERM_CONFIG_OR_STRUCTURAL,src/bolt_v3_providers/chainlink/strike_source.rs,string,"""instrument_id""","pub(crate) const STRIKE_FETCH_INSTRUMENT_ID_PARAM: &str = ""instrument_id"";",chainlink_provider_custom_data_field,Provider-owned custom strike-fetch command metadata/params field identifying the configured resolution instrument; not an operator runtime value.
961,no,POLICY_TERM_CONFIG_OR_STRUCTURAL,src/bolt_v3_providers/chainlink/strike_source.rs,string,"""instrument_id""","let instrument_id_raw = required_str(client_key, index, table, ""instrument_id"")?;",chainlink_provider_config_field,Chainlink feed-binding config field name parsed from the configured bolt-v3 TOML; not an operator runtime value.
962,no,POLICY_TERM_CONFIG_OR_STRUCTURAL,src/bolt_v3_providers/chainlink/strike_source.rs,string,"""price_precision""","let price_precision = required_u8(client_key, index, table, ""price_precision"")?;",chainlink_provider_config_field,Chainlink feed-binding config field name parsed from the configured bolt-v3 TOML; not an operator runtime value.
963,no,NO_POLICY_TERM,src/bolt_v3_providers/chainlink/strike_source.rs,string,"""request_sequence""","const STRIKE_FETCH_REQUEST_SEQUENCE_PARAM: &str = ""request_sequence"";",chainlink_provider_custom_data_field,Provider-owned custom strike-fetch command metadata field used only to make NT custom DataType keys unique per retry; not an operator runtime value.
964,no,POLICY_TERM_CONFIG_OR_STRUCTURAL,src/bolt_v3_providers/chainlink/strike_source.rs,string,"""report_decimal_scale""","required_positive_u64(client_key, index, table, ""report_decimal_scale"")?;",chainlink_provider_config_field,Chainlink feed-binding config field name parsed from the configured bolt-v3 TOML; not an operator runtime value.
965,no,POLICY_TERM_CONFIG_OR_STRUCTURAL,src/bolt_v3_providers/chainlink/strike_source.rs,string,"""report_schema_version""","required_positive_u64(client_key, index, table, ""report_schema_version"")?;",chainlink_provider_config_field,Chainlink feed-binding config field name parsed from the configured bolt-v3 TOML; not an operator runtime value.
966,no,POLICY_TERM_CONFIG_OR_STRUCTURAL,src/bolt_v3_providers/chainlink/strike_source.rs,string,"""window-close boundary""","Self::WindowCloseSettlement => ""window-close boundary"",",chainlink_provider_diagnostic,Provider-owned diagnostic label for the Chainlink window-close settlement boundary; not an operator runtime value.
967,no,POLICY_TERM_CONFIG_OR_STRUCTURAL,src/bolt_v3_providers/chainlink/strike_source.rs,string,"""window-close settlement""","Self::WindowCloseSettlement => ""window-close settlement"",",chainlink_provider_diagnostic,Provider-owned diagnostic label for the Chainlink window-close settlement fetch; not an operator runtime value.
968,no,POLICY_TERM_CONFIG_OR_STRUCTURAL,src/bolt_v3_providers/chainlink/strike_source.rs,string,"""window-open boundary""","Self::WindowOpenStrike => ""window-open boundary"",",chainlink_provider_diagnostic,Provider-owned diagnostic label for the Chainlink window-open strike boundary; not an operator runtime value.
969,no,POLICY_TERM_CONFIG_OR_STRUCTURAL,src/bolt_v3_providers/chainlink/strike_source.rs,string,"""window-open strike""","Self::WindowOpenStrike => ""window-open strike"",",chainlink_provider_diagnostic,Provider-owned diagnostic label for the Chainlink window-open strike fetch; not an operator runtime value.
970,yes,POLICY_TERM_CONFIG_OR_STRUCTURAL,src/bolt_v3_providers/chainlink/strike_source.rs,string,"""window_close_unix_seconds""","pub const SETTLEMENT_WINDOW_CLOSE_UNIX_SECONDS_PARAM: &str = ""window_close_unix_seconds"";",chainlink_subscribe_param_key,Stable NT subscribe-command params key carrying the window-close Unix seconds; a fixed contract between the maker settlement path and the Chainlink strike DataClient.
971,no,POLICY_TERM_CONFIG_OR_STRUCTURAL,src/bolt_v3_providers/chainlink/strike_source.rs,string,"""window_open_unix_seconds""","pub const STRIKE_WINDOW_OPEN_UNIX_SECONDS_PARAM: &str = ""window_open_unix_seconds"";",chainlink_subscribe_param_key,Stable NT subscribe-command params key carrying the window-open Unix seconds; a fixed contract between the binary-oracle strategy and the strike DataClient.
972,yes,POLICY_TERM_CONFIG_OR_STRUCTURAL,src/bolt_v3_validate.rs,string,"""{strategy_context}: target.{TARGET_GATE_SUBSCRIPTIONS_FIELD}.{role}.{TARGET_MARKET_MAPPINGS_FIELD}[{index}]: chainlink_data_streams mapping resolution_identity `{resolution_identity}` value_kind `{value_kind}` cannot resolve provider_id from mapping provider_id, provider_preference, or a single allowed_provider_ids entry""","""{strategy_context}: target.{TARGET_GATE_SUBSCRIPTIONS_FIELD}.{role}.{TARGET_MARKET_MAPPINGS_FIELD}[{index}]: chainlink_data_streams mapping resolution_identity `{resolution_identity}` value_kind `{value_kind}` cannot resolve provider_id from mapping provider_id, provider_preference, or a single allowed_provider_ids entry""",resolution_oracle_validation_diagnostic,"Config-load validation diagnostic for resolution-oracle feed-binding coverage; every interpolated value is read from the loaded bolt-v3 config, not an operator runtime input."
973,no,POLICY_TERM_CONFIG_OR_STRUCTURAL,src/bolt_v3_validate.rs,string,"""{}: chainlink_data_streams mapping provider_id `{}` resolution_identity `{}` value_kind `{}` has no matching gate_providers.{}.chainlink_data_streams.feed_bindings entry""","""{}: chainlink_data_streams mapping provider_id `{}` resolution_identity `{}` value_kind `{}` has no matching gate_providers.{}.chainlink_data_streams.feed_bindings entry"",",resolution_oracle_validation_diagnostic,"Config-load validation diagnostic for resolution-oracle feed-binding coverage; every interpolated value is read from the loaded bolt-v3 config, not an operator runtime input."
974,no,POLICY_TERM_CONFIG_OR_STRUCTURAL,src/strategies/binary_oracle_edge_taker/config.rs,string,"""signal_venue""","Self::validate_optional_string_field(table, field_prefix, ""signal_venue"", errors);",strategy_runtime_schema_field,This validates the taker StrategyConfig field name for the configured signal data client id.
975,no,POLICY_TERM_CONFIG_OR_STRUCTURAL,src/strategies/binary_oracle_edge_taker/config.rs,string,"""signal_venue""","table.contains_key(""signal_venue""),",strategy_runtime_schema_field,This enforces paired configured signal data fields in the taker config schema.
976,no,POLICY_TERM_CONFIG_OR_STRUCTURAL,src/strategies/binary_oracle_edge_taker/config.rs,string,"""signal_venue""","| ""signal_venue""",strategy_runtime_schema_field,This whitelists the taker StrategyConfig signal data client field name while rejecting unknown runtime config fields.
977,no,POLICY_TERM_CONFIG_OR_STRUCTURAL,src/strategies/binary_oracle_edge_taker/config.rs,string,"""signal_instrument_id""","Self::validate_optional_string_field(table, field_prefix, ""signal_instrument_id"", errors);",strategy_runtime_schema_field,This validates the taker StrategyConfig field name for the configured signal instrument id.
978,no,POLICY_TERM_CONFIG_OR_STRUCTURAL,src/strategies/binary_oracle_edge_taker/config.rs,string,"""signal_instrument_id""","table.contains_key(""signal_instrument_id""),",strategy_runtime_schema_field,This enforces paired configured signal data fields in the taker config schema.
979,no,POLICY_TERM_CONFIG_OR_STRUCTURAL,src/strategies/binary_oracle_edge_taker/config.rs,string,"""signal_instrument_id""","| ""signal_instrument_id""",strategy_runtime_schema_field,This whitelists the taker StrategyConfig signal instrument field name while rejecting unknown runtime config fields.
980,yes,POLICY_TERM_CONFIG_OR_STRUCTURAL,src/strategies/binary_oracle_edge_taker/config.rs,string,"""missing_signal_data_pair""","""missing_signal_data_pair"",",strategy_runtime_validation_code,This validation code labels a missing paired signal data field; it is not a runtime value.
981,yes,POLICY_TERM_CONFIG_OR_STRUCTURAL,src/strategies/binary_oracle_edge_taker/mod.rs,number,0,const INITIAL_COUNTER_U64: u64 = 0;,strategy_state_invariant,"This is a named initial counter invariant for strategy state, not an operator runtime value."
982,no,POLICY_TERM_CONFIG_OR_STRUCTURAL,src/strategies/binary_oracle_edge_taker/mod.rs,number,1,const COUNTER_INCREMENT_U64: u64 = 1;,strategy_state_invariant,"This is a named counter increment invariant for strategy state, not an operator runtime value."
983,no,POLICY_TERM_CONFIG_OR_STRUCTURAL,src/strategies/binary_oracle_edge_taker/mod.rs,number,1_000_000,const NANOS_PER_MILLI_U64: u64 = 1_000_000;,time_unit_conversion,"This is a named SI time-unit conversion constant, not an operator runtime value."
984,no,POLICY_TERM_CONFIG_OR_STRUCTURAL,src/strategies/binary_oracle_edge_taker/mod.rs,number,1_000_000_000,const NANOS_PER_SECOND_U64: u64 = 1_000_000_000;,time_unit_conversion,"This is a named SI time-unit conversion constant, not an operator runtime value."
985,yes,POLICY_TERM_CONFIG_OR_STRUCTURAL,src/strategies/binary_oracle_edge_taker/mod.rs,string,"""captured_from_strategy_entry_state""","""captured_from_strategy_entry_state"";",strategy_evidence_reason_code,This is a stable evidence reason code for fee provenance captured at entry.
986,no,POLICY_TERM_CONFIG_OR_STRUCTURAL,src/strategies/binary_oracle_edge_taker/mod.rs,string,"""derived_from_lead_gap_jitter_time_and_fee""","""derived_from_lead_gap_jitter_time_and_fee"";",strategy_evidence_reason_code,"This is a stable evidence reason code describing computed uncertainty-band provenance, not an operator runtime value."
987,yes,POLICY_TERM_CONFIG_OR_STRUCTURAL,src/strategies/binary_oracle_edge_taker/mod.rs,string,"""entry""","const ORDER_CONFIGURATION_PREFIX_ENTRY: &str = ""entry"";",strategy_order_configuration_prefix,"This labels the TOML-owned entry order section for NT order construction, not a code-owned runtime policy."
988,yes,POLICY_TERM_CONFIG_OR_STRUCTURAL,src/strategies/binary_oracle_edge_taker/mod.rs,string,"""entry_gate_blocked""","const ENTRY_BLOCK_REASON_ENTRY_GATE_BLOCKED: &str = ""entry_gate_blocked"";",strategy_entry_block_reason_code,"This is a stable decision-evidence reason code, not an operator runtime value."
989,yes,POLICY_TERM_CONFIG_OR_STRUCTURAL,src/strategies/binary_oracle_edge_taker/mod.rs,string,"""entry_order_position_side""","const CONFIG_FIELD_ENTRY_ORDER_POSITION_SIDE: &str = ""entry_order_position_side"";",strategy_config_field_name,"This is the stable config field label used in validation diagnostics, not an operator runtime value."
990,no,POLICY_TERM_CONFIG_OR_STRUCTURAL,src/strategies/binary_oracle_edge_taker/mod.rs,string,"""entry_order_side""","const CONFIG_FIELD_ENTRY_ORDER_SIDE: &str = ""entry_order_side"";",strategy_config_field_name,"This is the stable config field label used in validation diagnostics, not an operator runtime value."
991,no,POLICY_TERM_CONFIG_OR_STRUCTURAL,src/strategies/binary_oracle_edge_taker/mod.rs,string,"""entry_position_contract_unsupported""","""entry_position_contract_unsupported"";",strategy_entry_block_reason_code,This is a stable decision-evidence reason code for unsupported configured position contract.
992,no,POLICY_TERM_CONFIG_OR_STRUCTURAL,src/strategies/binary_oracle_edge_taker/mod.rs,string,"""entry_price_missing""","const ENTRY_BLOCK_REASON_ENTRY_PRICE_MISSING: &str = ""entry_price_missing"";",strategy_entry_block_reason_code,"This is a stable decision-evidence reason code, not an operator runtime value."
993,no,POLICY_TERM_CONFIG_OR_STRUCTURAL,src/strategies/binary_oracle_edge_taker/mod.rs,string,"""entry_pricing_blocked""","const ENTRY_BLOCK_REASON_ENTRY_PRICING_BLOCKED: &str = ""entry_pricing_blocked"";",strategy_entry_block_reason_code,"This is a stable decision-evidence reason code, not an operator runtime value."
994,no,POLICY_TERM_CONFIG_OR_STRUCTURAL,src/strategies/binary_oracle_edge_taker/mod.rs,string,"""exit""","const ORDER_CONFIGURATION_PREFIX_EXIT: &str = ""exit"";",strategy_order_configuration_prefix,"This labels the TOML-owned exit order section for NT order construction, not a code-owned runtime policy."
995,yes,POLICY_TERM_CONFIG_OR_STRUCTURAL,src/strategies/binary_oracle_edge_taker/mod.rs,string,"""exit_already_pending""","const EXIT_BLOCK_REASON_EXIT_ALREADY_PENDING: &str = ""exit_already_pending"";",strategy_exit_block_reason_code,"This is a stable decision-evidence reason code, not an operator runtime value."
996,no,POLICY_TERM_CONFIG_OR_STRUCTURAL,src/strategies/binary_oracle_edge_taker/mod.rs,string,"""entry_order_still_working""","const EXIT_BLOCK_REASON_ENTRY_ORDER_STILL_WORKING: &str = ""entry_order_still_working"";",strategy_exit_block_reason_code,This is a stable decision-evidence reason code for suppressing exits while a resting entry can still fill.
997,no,POLICY_TERM_CONFIG_OR_STRUCTURAL,src/strategies/binary_oracle_edge_taker/mod.rs,string,"""exit_decision_unavailable""","const EXIT_BLOCK_REASON_EXIT_DECISION_UNAVAILABLE: &str = ""exit_decision_unavailable"";",strategy_exit_block_reason_code,"This is a stable decision-evidence reason code, not an operator runtime value."
998,no,POLICY_TERM_CONFIG_OR_STRUCTURAL,src/strategies/binary_oracle_edge_taker/mod.rs,string,"""exit_order_config_invalid""","const EXIT_BLOCK_REASON_EXIT_ORDER_CONFIG_INVALID: &str = ""exit_order_config_invalid"";",strategy_exit_block_reason_code,This is a stable decision-evidence reason code for invalid TOML-owned exit order configuration.
999,no,POLICY_TERM_CONFIG_OR_STRUCTURAL,src/strategies/binary_oracle_edge_taker/mod.rs,string,"""exit_quote_quantity_unsupported""","const EXIT_BLOCK_REASON_EXIT_QUOTE_QUANTITY_UNSUPPORTED: &str = ""exit_quote_quantity_unsupported"";",strategy_exit_block_reason_code,This is a stable decision-evidence reason code for rejecting exit quote quantity until exit sizing owns quote-to-base conversion.
1000,no,POLICY_TERM_CONFIG_OR_STRUCTURAL,src/strategies/binary_oracle_edge_taker/mod.rs,string,"""exit_hold""","const EXIT_BLOCK_REASON_EXIT_HOLD: &str = ""exit_hold"";",strategy_exit_block_reason_code,"This is a stable decision-evidence reason code, not an operator runtime value."
1001,no,POLICY_TERM_CONFIG_OR_STRUCTURAL,src/strategies/binary_oracle_edge_taker/mod.rs,string,"""exit_order_position_side""","const CONFIG_FIELD_EXIT_ORDER_POSITION_SIDE: &str = ""exit_order_position_side"";",strategy_config_field_name,"This is the stable config field label used in validation diagnostics, not an operator runtime value."
1002,no,POLICY_TERM_CONFIG_OR_STRUCTURAL,src/strategies/binary_oracle_edge_taker/mod.rs,string,"""exit_order_side""","const CONFIG_FIELD_EXIT_ORDER_SIDE: &str = ""exit_order_side"";",strategy_config_field_name,"This is the stable config field label used in validation diagnostics, not an operator runtime value."
1003,no,POLICY_TERM_CONFIG_OR_STRUCTURAL,src/strategies/binary_oracle_edge_taker/mod.rs,string,"""exit_price_missing""","const EXIT_BLOCK_REASON_EXIT_PRICE_MISSING: &str = ""exit_price_missing"";",strategy_exit_block_reason_code,"This is a stable decision-evidence reason code, not an operator runtime value."
1004,no,POLICY_TERM_CONFIG_OR_STRUCTURAL,src/strategies/binary_oracle_edge_taker/mod.rs,string,"""exit_quantity_not_positive""","const EXIT_BLOCK_REASON_EXIT_QUANTITY_NOT_POSITIVE: &str = ""exit_quantity_not_positive"";",strategy_exit_block_reason_code,"This is a stable decision-evidence reason code, not an operator runtime value."
1005,no,POLICY_TERM_CONFIG_OR_STRUCTURAL,src/strategies/binary_oracle_edge_taker/mod.rs,string,"""final_fee_requires_side_price_and_size_selection""","""final_fee_requires_side_price_and_size_selection"";",strategy_evidence_reason_code,This is a stable evidence reason code for final-fee unavailability before entry selection is complete.
1006,no,POLICY_TERM_CONFIG_OR_STRUCTURAL,src/strategies/binary_oracle_edge_taker/mod.rs,string,"""final_fee_requires_side_price_size_and_actual_fill""","""final_fee_requires_side_price_size_and_actual_fill"";",strategy_evidence_reason_code,This is a stable evidence reason code for final-fee unavailability before fill evidence exists.
1007,no,POLICY_TERM_CONFIG_OR_STRUCTURAL,src/strategies/binary_oracle_edge_taker/mod.rs,string,"""instrument_id_missing""","const ENTRY_BLOCK_REASON_INSTRUMENT_ID_MISSING: &str = ""instrument_id_missing"";",strategy_entry_block_reason_code,"This is a stable decision-evidence reason code, not an operator runtime value."
1008,no,POLICY_TERM_CONFIG_OR_STRUCTURAL,src/strategies/binary_oracle_edge_taker/mod.rs,string,"""instrument_missing_from_cache""","const ENTRY_BLOCK_REASON_INSTRUMENT_MISSING_FROM_CACHE: &str = ""instrument_missing_from_cache"";",strategy_entry_block_reason_code,This is a stable decision-evidence reason code for missing NT cache state.
1009,no,POLICY_TERM_CONFIG_OR_STRUCTURAL,src/strategies/binary_oracle_edge_taker/mod.rs,string,"""limit_notional_exceeds_sized_notional""","""limit_notional_exceeds_sized_notional"";",strategy_entry_block_reason_code,This is a stable decision-evidence reason code for fail-closing entry submission when limit-price liability exceeds the TOML-sized notional cap.
1010,no,POLICY_TERM_CONFIG_OR_STRUCTURAL,src/strategies/binary_oracle_edge_taker/mod.rs,string,"""lead_quality_thresholds_applied_to_live_fast_spot_selection""","""lead_quality_thresholds_applied_to_live_fast_spot_selection"";",strategy_evidence_reason_code,This is a stable evidence reason code stating that TOML-owned lead-quality thresholds were applied.
1011,no,POLICY_TERM_CONFIG_OR_STRUCTURAL,src/strategies/binary_oracle_edge_taker/mod.rs,string,"""forced_exit_order_side""","const CONFIG_FIELD_FORCED_EXIT_ORDER_SIDE: &str = ""forced_exit_order_side"";",strategy_config_field_name,This is the stable forced-exit order side field label used in validation diagnostics; the runtime value remains TOML-owned.
1012,no,POLICY_TERM_CONFIG_OR_STRUCTURAL,src/strategies/binary_oracle_edge_taker/mod.rs,string,"""forced_exit_order_position_side""","const CONFIG_FIELD_FORCED_EXIT_ORDER_POSITION_SIDE: &str = ""forced_exit_order_position_side"";",strategy_config_field_name,This is the stable forced-exit position side field label used in validation diagnostics; the runtime value remains TOML-owned.
1013,no,POLICY_TERM_CONFIG_OR_STRUCTURAL,src/strategies/binary_oracle_edge_taker/mod.rs,string,"""no_fast_venue_cleared_lead_quality_thresholds""","""no_fast_venue_cleared_lead_quality_thresholds"";",strategy_evidence_reason_code,This is a stable evidence reason code; the lead-quality thresholds come from TOML.
1014,no,POLICY_TERM_CONFIG_OR_STRUCTURAL,src/strategies/binary_oracle_edge_taker/mod.rs,string,"""no_managed_position""","const EVIDENCE_REASON_NO_MANAGED_POSITION: &str = ""no_managed_position"";",strategy_evidence_reason_code,"This is a stable evidence reason code for absent managed position state, not an operator runtime value."
1015,no,POLICY_TERM_CONFIG_OR_STRUCTURAL,src/strategies/binary_oracle_edge_taker/mod.rs,string,"""no_open_position""","const EXIT_BLOCK_REASON_NO_OPEN_POSITION: &str = ""no_open_position"";",strategy_exit_block_reason_code,"This is a stable decision-evidence reason code, not an operator runtime value."
1016,no,POLICY_TERM_CONFIG_OR_STRUCTURAL,src/strategies/binary_oracle_edge_taker/mod.rs,string,"""no_side_selected""","const ENTRY_BLOCK_REASON_NO_SIDE_SELECTED: &str = ""no_side_selected"";",strategy_entry_block_reason_code,"This is a stable decision-evidence reason code, not an operator runtime value."
1017,no,POLICY_TERM_CONFIG_OR_STRUCTURAL,src/strategies/binary_oracle_edge_taker/mod.rs,string,"""oms_type""","const CONFIG_FIELD_OMS_TYPE: &str = ""oms_type"";",strategy_config_field_name,"This is the stable config field label used in validation diagnostics, not an operator runtime value."
1018,no,POLICY_TERM_CONFIG_OR_STRUCTURAL,src/strategies/binary_oracle_edge_taker/config.rs,string,"""expire_time_unix_nanos""","const ORDER_EXPIRE_TIME_UNIX_NANOS_FIELD: &str = ""expire_time_unix_nanos"";",strategy_config_field_name,This is the stable NT order expiry field label used in validation diagnostics; the timestamp value is TOML-owned.
1019,no,POLICY_TERM_CONFIG_OR_STRUCTURAL,src/strategies/binary_oracle_edge_taker/config.rs,string,"""trigger_price""","const ORDER_TRIGGER_PRICE_FIELD: &str = ""trigger_price"";",strategy_config_field_name,This is the stable NT stop-order trigger price field label used in validation diagnostics; the price value is TOML-owned.
1020,no,POLICY_TERM_CONFIG_OR_STRUCTURAL,src/strategies/binary_oracle_edge_taker/config.rs,string,"""activation_price""","const ORDER_ACTIVATION_PRICE_FIELD: &str = ""activation_price"";",strategy_config_field_name,This is the stable NT trailing-stop activation price field label used in validation diagnostics; the price value is TOML-owned.
1021,no,POLICY_TERM_CONFIG_OR_STRUCTURAL,src/strategies/binary_oracle_edge_taker/config.rs,string,"""trigger_type""","const ORDER_TRIGGER_TYPE_FIELD: &str = ""trigger_type"";",strategy_config_field_name,This is the stable NT triggered-order trigger type field label used in validation diagnostics; the trigger type value is TOML-owned.
1022,no,POLICY_TERM_CONFIG_OR_STRUCTURAL,src/strategies/binary_oracle_edge_taker/config.rs,string,"""trigger_instrument_id""","const ORDER_TRIGGER_INSTRUMENT_ID_FIELD: &str = ""trigger_instrument_id"";",strategy_config_field_name,This is the stable NT triggered-order trigger instrument field label used in validation diagnostics; the instrument id value is TOML-owned.
1023,no,POLICY_TERM_CONFIG_OR_STRUCTURAL,src/strategies/binary_oracle_edge_taker/config.rs,string,"""trailing_offset""","const ORDER_TRAILING_OFFSET_FIELD: &str = ""trailing_offset"";",strategy_config_field_name,This is the stable NT trailing-stop offset field label used in validation diagnostics; the offset value is TOML-owned.
1024,no,POLICY_TERM_CONFIG_OR_STRUCTURAL,src/strategies/binary_oracle_edge_taker/config.rs,string,"""trailing_offset_type""","const ORDER_TRAILING_OFFSET_TYPE_FIELD: &str = ""trailing_offset_type"";",strategy_config_field_name,This is the stable NT trailing-stop offset type field label used in validation diagnostics; the offset type value is TOML-owned.
1025,no,POLICY_TERM_CONFIG_OR_STRUCTURAL,src/strategies/binary_oracle_edge_taker/mod.rs,string,"""trigger_price""","price_from_config(prefix, ""trigger_price"", trigger_price, price_precision)",strategy_config_field_name,This labels the NT trigger-price field in shared price validation; the price value is TOML-owned.
1026,no,POLICY_TERM_CONFIG_OR_STRUCTURAL,src/strategies/binary_oracle_edge_taker/mod.rs,string,"""activation_price""","""activation_price"",",strategy_config_field_name,This labels the NT trailing-stop activation-price field in shared price validation; the price value is TOML-owned.
1027,no,POLICY_TERM_CONFIG_OR_STRUCTURAL,src/strategies/binary_oracle_edge_taker/mod.rs,string,"""open_position_missing""","const EXIT_BLOCK_REASON_OPEN_POSITION_MISSING: &str = ""open_position_missing"";",strategy_exit_block_reason_code,"This is a stable decision-evidence reason code, not an operator runtime value."
1028,no,POLICY_TERM_CONFIG_OR_STRUCTURAL,src/strategies/binary_oracle_edge_taker/mod.rs,string,"""position_contract_invalid""","const ENTRY_BLOCK_REASON_POSITION_CONTRACT_INVALID: &str = ""position_contract_invalid"";",strategy_entry_block_reason_code,This is a stable decision-evidence reason code for invalid TOML-owned position contract parsing.
1029,no,POLICY_TERM_CONFIG_OR_STRUCTURAL,src/strategies/binary_oracle_edge_taker/mod.rs,string,"""position_state_missing_original_fee_rate""","""position_state_missing_original_fee_rate"";",strategy_evidence_reason_code,This is a stable evidence reason code for missing in-memory position fee-rate state.
1030,no,POLICY_TERM_CONFIG_OR_STRUCTURAL,src/strategies/binary_oracle_edge_taker/mod.rs,string,"""quantity_not_positive""","const ENTRY_BLOCK_REASON_QUANTITY_NOT_POSITIVE: &str = ""quantity_not_positive"";",strategy_entry_block_reason_code,"This is a stable decision-evidence reason code, not an operator runtime value."
1031,no,POLICY_TERM_CONFIG_OR_STRUCTURAL,src/strategies/binary_oracle_edge_taker/mod.rs,string,"""quantity_rounding_failed""","const ENTRY_BLOCK_REASON_QUANTITY_ROUNDING_FAILED: &str = ""quantity_rounding_failed"";",strategy_entry_block_reason_code,This is a stable decision-evidence reason code for NT instrument quantity construction failure.
1032,no,POLICY_TERM_CONFIG_OR_STRUCTURAL,src/strategies/binary_oracle_edge_taker/mod.rs,string,"""recovery_bootstrap_position_missing_original_fee_rate""","""recovery_bootstrap_position_missing_original_fee_rate"";",strategy_evidence_reason_code,This is a stable evidence reason code for missing recovered fee-rate state.
1033,no,POLICY_TERM_CONFIG_OR_STRUCTURAL,src/strategies/binary_oracle_edge_taker/mod.rs,string,"""sized_notional_not_positive""","const ENTRY_BLOCK_REASON_SIZED_NOTIONAL_NOT_POSITIVE: &str = ""sized_notional_not_positive"";",strategy_entry_block_reason_code,This is a stable decision-evidence reason code; sizing inputs come from TOML and live book data.
1034,no,POLICY_TERM_CONFIG_OR_STRUCTURAL,src/strategies/binary_oracle_edge_taker/mod.rs,string,"""strategy_core_not_registered""","const ENTRY_BLOCK_REASON_STRATEGY_CORE_NOT_REGISTERED: &str = ""strategy_core_not_registered"";",strategy_entry_block_reason_code,"This is a stable decision-evidence reason code, not an operator runtime value."
1035,no,POLICY_TERM_CONFIG_OR_STRUCTURAL,src/strategies/binary_oracle_edge_taker/mod.rs,string,"""target_selection_blocked""","const SELECTION_BLOCK_REASON_TARGET_SELECTION_BLOCKED: &str = ""target_selection_blocked"";",strategy_evidence_reason_code,This is a stable evidence reason code for blocked target selection; the policy threshold comes from TOML.
1036,no,POLICY_TERM_CONFIG_OR_STRUCTURAL,src/strategies/binary_oracle_edge_taker/mod.rs,string,"""uncertainty_band_unavailable""","const EVIDENCE_REASON_UNCERTAINTY_BAND_UNAVAILABLE: &str = ""uncertainty_band_unavailable"";",strategy_evidence_reason_code,"This is a stable evidence reason code for missing uncertainty-band inputs, not an operator runtime value."
1037,no,POLICY_TERM_CONFIG_OR_STRUCTURAL,src/bolt_v3_submit_admission.rs,string,"""bolt-v3 submit admission cannot value a quote-quantity order on an inverse instrument from the raw quote quantity (client_order_id={})""","""bolt-v3 submit admission cannot value a quote-quantity order on an inverse instrument from the raw quote quantity (client_order_id={})"",",diagnostic_template,"Fail-closed diagnostic for an inverse quote-quantity order; the interpolated client_order_id is computed from the typed order, not an operator runtime value."
1038,no,POLICY_TERM_CONFIG_OR_STRUCTURAL,src/bolt_v3_submit_admission.rs,string,"""bolt-v3 submit admission refuses a market-style order without a structural price ceiling for client_order_id={}""","""bolt-v3 submit admission refuses a market-style order without a structural price ceiling for client_order_id={}"",",diagnostic_template,"Fail-closed diagnostic for a market-style order (entry or risk-reducing exit) lacking a structural price ceiling; the interpolated client_order_id is computed from the typed order, not an operator runtime value."
1039,yes,POLICY_TERM_CONFIG_OR_STRUCTURAL,src/bolt_v3_source_integrity.rs,number,1024,const TEXT_ACCESSOR_MAX_BYTES: u64 = 8 * 1024 * 1024;,source_integrity_text_accessor_bound_constant,"Fixed 8 MiB in-process ceiling for the source-text accessors (no operator cap on that path); a structural safety bound, not a runtime-tunable value."
1040,no,POLICY_TERM_CONFIG_OR_STRUCTURAL,src/bolt_v3_source_integrity.rs,number,8,const TEXT_ACCESSOR_MAX_BYTES: u64 = 8 * 1024 * 1024;,source_integrity_text_accessor_bound_constant,"Fixed 8 MiB in-process ceiling for the source-text accessors (no operator cap on that path); a structural safety bound, not a runtime-tunable value."
1041,yes,POLICY_TERM_CONFIG_OR_STRUCTURAL,src/bolt_v3_source_integrity.rs,string,"""CARGO_MANIFEST_DIR""","Path::new(env!(""CARGO_MANIFEST_DIR"")).join(registry_relative_root(key))",source_integrity_manifest_dir_env_name,"Compile-time Cargo env var naming the crate manifest dir; used to root registry-relative source paths, not an operator runtime value."
1042,no,POLICY_TERM_CONFIG_OR_STRUCTURAL,src/bolt_v3_source_integrity.rs,string,"""CARGO_MANIFEST_DIR""",".map(|relative| Path::new(env!(""CARGO_MANIFEST_DIR"")).join(relative))",source_integrity_manifest_dir_env_name,"Compile-time Cargo env var naming the crate manifest dir; used to root every registry-relative source-set path, not an operator runtime value."
1043,no,POLICY_TERM_CONFIG_OR_STRUCTURAL,src/bolt_v3_source_integrity.rs,string,"""CARGO_MANIFEST_DIR""","Path::new(env!(""CARGO_MANIFEST_DIR"")),",source_integrity_manifest_dir_env_name,"Compile-time Cargo env var naming the crate manifest dir; passed to the registry source-set canonicalizer, not an operator runtime value."
1044,yes,POLICY_TERM_CONFIG_OR_STRUCTURAL,src/source_canonicalization.rs,number,0,"out.sort_by(|a, b| a.0.cmp(&b.0));",source_canonicalization_sort_tuple_index,"Tuple-field index selecting the relative-path key when the canonical source walk sorts files into deterministic order; a structural constant, not an operator runtime value."
1045,yes,NO_POLICY_TERM,src/source_canonicalization.rs,number,0,source_set_relative_root_bytes(relative_roots[0])?;,source_canonicalization_single_root_index,"Fixed first-element index used only after a registry source set is proven to contain exactly one root, validating the historical single-root fast path; not an operator runtime value."
1046,no,NO_POLICY_TERM,src/source_canonicalization.rs,number,0,return Ok(Some(manifest_dir.join(relative_roots[0])));,source_canonicalization_single_root_index,"Fixed first-element index used only after a registry source set is proven to contain exactly one root, preserving historical single-root bytes/text by returning the one validated root; not an operator runtime value."
1047,yes,POLICY_TERM_CONFIG_OR_STRUCTURAL,src/source_canonicalization.rs,number,1,file.take(max_bytes.saturating_add(1)),source_canonicalization_read_bound_increment,"Read-bound increment: the walk reads one byte past `max_bytes` so an over-cap source file is detected and rejected; a structural constant, not an operator runtime value."
1048,yes,POLICY_TERM_CONFIG_OR_STRUCTURAL,src/source_canonicalization.rs,string,"""/""","Ok(parts.join(""/"").into_bytes())",source_canonicalization_path_separator,"Canonical forward-slash path separator normalizing relative paths for OS-independent ordering; a fixed structural constant, not an operator runtime value."
1049,no,POLICY_TERM_CONFIG_OR_STRUCTURAL,src/source_canonicalization.rs,string,"""/""","Ok(components.join(""/"").into_bytes())",source_canonicalization_path_separator,"Canonical forward-slash path separator normalizing directory-root relative paths for OS-independent ordering; a fixed structural constant, not an operator runtime value."
1050,yes,NO_POLICY_TERM,src/source_canonicalization.rs,string,"""\n#[cfg(test)]\nmod tests""","pub const TEST_MODULE_SPLIT_MARKER: &str = ""\n#[cfg(test)]\nmod tests"";",source_canonicalization_test_module_marker,The single canonical 3-line marker separating production code from the bottom test module; defined once so the production/test boundary matches the historical split byte-for-byte.
1051,no,NO_POLICY_TERM,src/source_canonicalization.rs,string,"""#![cfg(test)]\n""","pub const TEST_ONLY_INNER_CFG_MARKER: &str = ""#![cfg(test)]\n"";",source_canonicalization_test_module_marker,The canonical marker for split test-only modules; production source text treats files beginning with this marker as empty.
1052,yes,NO_POLICY_TERM,src/source_canonicalization.rs,string,"""\r\n""","const CRLF_LINE_ENDING: &str = ""\r\n"";",source_canonicalization_line_ending_marker,Structural CRLF line-ending marker used only to normalize source text before splitting production code from the test module; not an operator runtime value.
1053,no,NO_POLICY_TERM,src/source_canonicalization.rs,string,"""\n""","const LF_LINE_ENDING: &str = ""\n"";",source_canonicalization_line_ending_marker,Structural LF line-ending marker used only to normalize source text before splitting production code from the test module; not an operator runtime value.
1054,yes,NO_POLICY_TERM,src/source_canonicalization.rs,string,"""rs""","} else if file_type.is_file() && path.extension().and_then(|ext| ext.to_str()) == Some(""rs"")",source_canonicalization_rs_extension,"Rust source file extension selecting which files the canonical source walk includes; a fixed language constant, not an operator runtime value."
1055,yes,NO_POLICY_TERM,src/source_canonicalization.rs,string,"""source root is neither a regular file nor a directory: {}""","""source root is neither a regular file nor a directory: {}"",",source_canonicalization_diagnostic_template,"Fail-closed diagnostic for a source root that is neither a file nor a directory; the interpolated value is the offending path, not an operator runtime value."
1056,yes,POLICY_TERM_CONFIG_OR_STRUCTURAL,src/source_canonicalization.rs,string,"""strategy""","pub const STRATEGY_KEY: &str = ""strategy"";",gated_source_registry_key,"Stable registry key for the binary-oracle strategy source root; an internal registry identifier owned here, not an operator runtime value."
1057,no,POLICY_TERM_CONFIG_OR_STRUCTURAL,src/source_canonicalization.rs,string,"""submit_admission""","pub const SUBMIT_ADMISSION_KEY: &str = ""submit_admission"";",gated_source_registry_key,"Stable registry key for the submit-admission source root; an internal registry identifier owned here, not an operator runtime value."
1058,no,POLICY_TERM_CONFIG_OR_STRUCTURAL,src/source_canonicalization.rs,string,"""outcome_group""","pub const OUTCOME_GROUP_KEY: &str = ""outcome_group"";",gated_source_registry_key,"Stable registry key for the shared outcome-group substrate source set; an internal registry identifier owned here, not an operator runtime value."
1059,no,POLICY_TERM_CONFIG_OR_STRUCTURAL,src/source_canonicalization.rs,string,"""maker""","pub const MAKER_KEY: &str = ""maker"";",gated_source_registry_key,"Stable registry key for the binary-oracle maker strategy source root; an internal registry identifier owned here, not an operator runtime value."
1060,no,POLICY_TERM_CONFIG_OR_STRUCTURAL,src/strategies/binary_oracle_edge_taker/config.rs,string,"""resolution_client_id""","Self::validate_optional_string_field(table, field_prefix, ""resolution_client_id"", errors);",strategy_runtime_schema_field,"Resolution-data binding schema field name parsed from the configured bolt-v3 TOML target, not an operator runtime value."
1061,no,POLICY_TERM_CONFIG_OR_STRUCTURAL,src/strategies/binary_oracle_edge_taker/config.rs,string,"""resolution_instrument_id""","""resolution_instrument_id"",",strategy_runtime_schema_field,"Resolution-data binding schema field name parsed from the configured bolt-v3 TOML target, not an operator runtime value."
1062,no,POLICY_TERM_CONFIG_OR_STRUCTURAL,src/strategies/binary_oracle_edge_taker/config.rs,string,"""resolution_client_id""","if table.contains_key(""resolution_client_id"")",strategy_runtime_schema_field,"Resolution-data binding schema field name parsed from the configured bolt-v3 TOML target, not an operator runtime value."
1063,no,POLICY_TERM_CONFIG_OR_STRUCTURAL,src/strategies/binary_oracle_edge_taker/config.rs,string,"""resolution_instrument_id""","!= table.contains_key(""resolution_instrument_id"")",strategy_runtime_schema_field,"Resolution-data binding schema field name parsed from the configured bolt-v3 TOML target, not an operator runtime value."
1064,no,POLICY_TERM_CONFIG_OR_STRUCTURAL,src/strategies/binary_oracle_edge_taker/config.rs,string,"""resolution_client_id""","let missing = if table.contains_key(""resolution_client_id"") {",strategy_runtime_schema_field,"Resolution-data binding schema field name parsed from the configured bolt-v3 TOML target, not an operator runtime value."
1065,no,POLICY_TERM_CONFIG_OR_STRUCTURAL,src/strategies/binary_oracle_edge_taker/config.rs,string,"""resolution_instrument_id""","""resolution_instrument_id""",strategy_runtime_schema_field,"Resolution-data binding schema field name parsed from the configured bolt-v3 TOML target, not an operator runtime value."
1066,no,POLICY_TERM_CONFIG_OR_STRUCTURAL,src/strategies/binary_oracle_edge_taker/config.rs,string,"""resolution_client_id""","""resolution_client_id""",strategy_runtime_schema_field,"Resolution-data binding schema field name parsed from the configured bolt-v3 TOML target, not an operator runtime value."
1067,yes,POLICY_TERM_CONFIG_OR_STRUCTURAL,src/strategies/binary_oracle_edge_taker/config.rs,string,"""missing_resolution_data_pair""","""missing_resolution_data_pair"",",strategy_runtime_diagnostic,Diagnostic tag for an incomplete resolution-data (client_id/instrument_id) pair surfaced at config validation.
1068,yes,POLICY_TERM_CONFIG_OR_STRUCTURAL,src/strategies/binary_oracle_edge_taker/mod.rs,number,1,.saturating_add(1);,strategy_loop_constant,Increment-by-one step in a saturating counter; not an operator runtime value.
1069,no,POLICY_TERM_CONFIG_OR_STRUCTURAL,src/strategies/binary_oracle_edge_taker/config.rs,string,"""resolution_client_id""","| ""resolution_client_id""",strategy_runtime_schema_field,This whitelists the taker StrategyConfig resolution-strike client field name while rejecting unknown runtime config fields.
1070,no,POLICY_TERM_CONFIG_OR_STRUCTURAL,src/strategies/binary_oracle_edge_taker/config.rs,string,"""resolution_instrument_id""","| ""resolution_instrument_id""",strategy_runtime_schema_field,This whitelists the taker StrategyConfig resolution-strike instrument field name while rejecting unknown runtime config fields.
1071,yes,NO_POLICY_TERM,src/bolt_v3_providers/polyresearch.rs,string,"""api_key""","validate_secret_field(""api_key"", &config.api_key)?;",provider_secret_schema_field,Internal PolyResearch auth config field name used for secret validation errors; the value is resolved from SSM and never hardcoded.
1072,yes,NO_POLICY_TERM,src/bolt_v3_providers/polyresearch.rs,string,"""wss""","if url.scheme() != ""wss"" || !url.has_host() || !value[url.scheme().len()..].starts_with(""://"") {",provider_transport_scheme,Required secure WebSocket URL scheme for credential-bearing PolyResearch reference-price connections; not an operator runtime value.
1073,yes,NO_POLICY_TERM,src/bolt_v3_providers/polyresearch.rs,string,"""://""","if url.scheme() != ""wss"" || !url.has_host() || !value[url.scheme().len()..].starts_with(""://"") {",url_syntax_guard,"URL syntax guard ensuring the PolyResearch endpoint is an absolute WebSocket URL, not a configured runtime value."
1074,no,POLICY_TERM_CONFIG_OR_STRUCTURAL,src/strategies/binary_oracle_edge_taker/config.rs,string,"""signal_instrument_id""","""signal_instrument_id"",",strategy_runtime_schema_field,"Signal-data binding schema field name parsed from configured bolt-v3 TOML target data, not an operator runtime value."
1075,yes,NO_POLICY_TERM,src/bolt_v3_operator_artifacts.rs,number,40,value.len() == 40,git_head_sha_shape_bound,This validates lowercase git commit SHA shape for build/head binding.
1076,yes,NO_POLICY_TERM,src/bolt_v3_operator_artifacts.rs,string,"""BOLT_V3_BUILD_HEAD_SHA""","option_env!(""BOLT_V3_BUILD_HEAD_SHA"").filter(|value| is_lowercase_git_sha(value))",build_head_env_name,This is a compile-time Cargo environment variable emitted by build.rs to bind the binary to the built source head.
1077,yes,NO_POLICY_TERM,src/bolt_v3_live_node.rs,string,"""source params""","insert_toml_params(&mut params, source_params, ""source params"")?;",iv_nt_binding_diagnostic_label,The live IV NT binding adapter labels TOML param conversion errors; the source params themselves remain profile-owned TOML values.
1078,no,NO_POLICY_TERM,src/bolt_v3_live_node.rs,string,"""selector nt_params""","insert_toml_params(&mut params, selector_nt_params, ""selector nt_params"")?;",iv_nt_binding_diagnostic_label,The live IV NT binding adapter labels selector NT-param conversion errors; the NT params themselves remain selector-owned TOML values.
1079,yes,NO_POLICY_TERM,src/bolt_v3_live_node.rs,string,"""snapshot_interval_ms""",".and_then(|params| params.get_u64(""snapshot_interval_ms""));",iv_nt_command_param_key,This is the NT option-chain command parameter key read from profile-owned TOML params before constructing the NT subscribe command.
1080,yes,POLICY_TERM_CONFIG_OR_STRUCTURAL,src/bolt_v3_live_node.rs,string,"""atm_percent:""","if let Some(pct) = strike_range_policy.strip_prefix(""atm_percent:"") {",iv_nt_strike_range_policy_token,This is a typed parser token for converting profile-owned strike_range_policy TOML into NT StrikeRange::AtmPercent; the percentage remains TOML-owned.
1081,no,POLICY_TERM_CONFIG_OR_STRUCTURAL,src/bolt_v3_live_node.rs,string,"""atm_relative:""","if let Some(relative) = strike_range_policy.strip_prefix(""atm_relative:"") {",iv_nt_strike_range_policy_token,This is a typed parser token for converting profile-owned strike_range_policy TOML into NT StrikeRange::AtmRelative; the strike counts remain TOML-owned.
1082,no,POLICY_TERM_CONFIG_OR_STRUCTURAL,src/bolt_v3_live_node.rs,string,"""fixed:""","if let Some(fixed) = strike_range_policy.strip_prefix(""fixed:"") {",iv_nt_strike_range_policy_token,This is a typed parser token for converting profile-owned strike_range_policy TOML into NT StrikeRange::Fixed; the strike values remain TOML-owned.
1083,no,POLICY_TERM_CONFIG_OR_STRUCTURAL,src/bolt_v3_live_node.rs,string,"""bolt-v3 strategy-free controlled-start timeout sum overflowed \
                 config-owned nautilus timeout fields""","""bolt-v3 strategy-free controlled-start timeout sum overflowed \",live_node_fail_closed_diagnostic_template,This is fail-closed diagnostic text emitted when config-owned strategy-free start timeout fields overflow during checked addition.
1084,no,POLICY_TERM_CONFIG_OR_STRUCTURAL,src/bolt_v3_live_node.rs,string,"""bolt-v3 strategy-free controlled-stop timeout sum overflowed \
                 config-owned nautilus timeout fields""","""bolt-v3 strategy-free controlled-stop timeout sum overflowed \",live_node_fail_closed_diagnostic_template,This is fail-closed diagnostic text emitted when config-owned strategy-free stop timeout fields overflow during checked addition.
1085,yes,NO_POLICY_TERM,src/bolt_v3_operator_artifacts.rs,number,0,pub const ENTRY_DECISION_ZERO_TIMESTAMP_MS: u64 = 0;,entry_decision_sentinel_constant,Named zero-timestamp sentinel used to reject zero or absent report timestamps; not an operator runtime value.
1086,yes,POLICY_TERM_CONFIG_OR_STRUCTURAL,src/bolt_v3_operator_artifacts.rs,string,"""artifact exceeds configured byte limit""","""artifact exceeds configured byte limit"",",operator_artifact_byte_limit_diagnostic_template,This is fail-closed diagnostic text; the byte limit is supplied by TOML and validated separately.
1087,yes,POLICY_TERM_CONFIG_OR_STRUCTURAL,src/bolt_v3_providers/hyperliquid_artifacts.rs,string,"""provider artifact exceeds max_artifact_file_bytes={max_bytes} bytes (length={length})""","""provider artifact exceeds max_artifact_file_bytes={max_bytes} bytes (length={length})""",provider_artifact_byte_limit_diagnostic_template,This is fail-closed diagnostic text; the artifact byte limit is supplied by TOML and validated separately.
1088,yes,POLICY_TERM_CONFIG_OR_STRUCTURAL,src/bolt_v3_submit_admission.rs,string,"""bolt-v3 strategy-free exchange mutation counter overflowed""","""bolt-v3 strategy-free exchange mutation counter overflowed""",strategy_free_mutation_guard_diagnostic_template,"This is fail-closed diagnostic text for overflow while summing captured exchange mutation counts; the counts are observed, not configured."
1089,no,POLICY_TERM_CONFIG_OR_STRUCTURAL,src/bolt_v3_submit_admission.rs,string,"""bolt-v3 strategy-free exchange mutation guard observed {mutation_count} mutating request(s)""","""bolt-v3 strategy-free exchange mutation guard observed {mutation_count} mutating request(s)""",strategy_free_mutation_guard_diagnostic_template,This fail-closed diagnostic reports observed mutating exchange requests during the strategy-free guard; the count is computed from captured requests.
1090,yes,NO_POLICY_TERM,src/main.rs,string,"""{}""","println!(""{}"", serde_json::to_string_pretty(&artifact_json(written))?);",operator_artifact_cli_output_template,This prints the redacted operator artifact JSON object assembled from fixed output-field names and non-secret derived metadata.
1091,yes,POLICY_TERM_CONFIG_OR_STRUCTURAL,src/bolt_v3_iv/bounds.rs,number,0.0,if self.positive_required && value <= 0.0 {,iv_numeric_bound_literal,IV numeric bounds compare against mathematical zero when positive values are required; bounds policy is typed and config-owned.
1092,yes,POLICY_TERM_CONFIG_OR_STRUCTURAL,src/bolt_v3_iv/capability.rs,number,18,pub const REQUIRED_CANDIDATE_SWEEP_TERMS: [&str; 18] = [,iv_capability_discovery_literal,"IV capability inventory scans the Cargo-pinned NT checkout using Rust path syntax, public-symbol prefixes, and IV/options vocabulary; this literal is scan metadata, not an operator runtime value."
1093,no,POLICY_TERM_CONFIG_OR_STRUCTURAL,src/bolt_v3_iv/capability.rs,string,"""option""","""option"",",iv_capability_discovery_literal,"IV capability inventory scans the Cargo-pinned NT checkout using Rust path syntax, public-symbol prefixes, and IV/options vocabulary; this literal is scan metadata, not an operator runtime value."
1094,no,POLICY_TERM_CONFIG_OR_STRUCTURAL,src/bolt_v3_iv/capability.rs,string,"""options""","""options"",",iv_capability_discovery_literal,"IV capability inventory scans the Cargo-pinned NT checkout using Rust path syntax, public-symbol prefixes, and IV/options vocabulary; this literal is scan metadata, not an operator runtime value."
1095,no,POLICY_TERM_CONFIG_OR_STRUCTURAL,src/bolt_v3_iv/capability.rs,string,"""greeks""","""greeks"",",iv_capability_discovery_literal,"IV capability inventory scans the Cargo-pinned NT checkout using Rust path syntax, public-symbol prefixes, and IV/options vocabulary; this literal is scan metadata, not an operator runtime value."
1096,no,POLICY_TERM_CONFIG_OR_STRUCTURAL,src/bolt_v3_iv/capability.rs,string,"""implied""","""implied"",",iv_capability_discovery_literal,"IV capability inventory scans the Cargo-pinned NT checkout using Rust path syntax, public-symbol prefixes, and IV/options vocabulary; this literal is scan metadata, not an operator runtime value."
1097,no,POLICY_TERM_CONFIG_OR_STRUCTURAL,src/bolt_v3_iv/capability.rs,string,"""iv""","""iv"",",iv_capability_discovery_literal,"IV capability inventory scans the Cargo-pinned NT checkout using Rust path syntax, public-symbol prefixes, and IV/options vocabulary; this literal is scan metadata, not an operator runtime value."
1098,no,POLICY_TERM_CONFIG_OR_STRUCTURAL,src/bolt_v3_iv/capability.rs,string,"""volatility""","""volatility"",",iv_capability_discovery_literal,"IV capability inventory scans the Cargo-pinned NT checkout using Rust path syntax, public-symbol prefixes, and IV/options vocabulary; this literal is scan metadata, not an operator runtime value."
1099,no,POLICY_TERM_CONFIG_OR_STRUCTURAL,src/bolt_v3_iv/capability.rs,string,"""smile""","""smile"",",iv_capability_discovery_literal,"IV capability inventory scans the Cargo-pinned NT checkout using Rust path syntax, public-symbol prefixes, and IV/options vocabulary; this literal is scan metadata, not an operator runtime value."
1100,no,POLICY_TERM_CONFIG_OR_STRUCTURAL,src/bolt_v3_iv/capability.rs,string,"""surface""","""surface"",",iv_capability_discovery_literal,"IV capability inventory scans the Cargo-pinned NT checkout using Rust path syntax, public-symbol prefixes, and IV/options vocabulary; this literal is scan metadata, not an operator runtime value."
1101,no,POLICY_TERM_CONFIG_OR_STRUCTURAL,src/bolt_v3_iv/capability.rs,string,"""chain""","""chain"",",iv_capability_discovery_literal,"IV capability inventory scans the Cargo-pinned NT checkout using Rust path syntax, public-symbol prefixes, and IV/options vocabulary; this literal is scan metadata, not an operator runtime value."
1102,no,POLICY_TERM_CONFIG_OR_STRUCTURAL,src/bolt_v3_iv/capability.rs,string,"""custom data""","""custom data"",",iv_capability_discovery_literal,"IV capability inventory scans the Cargo-pinned NT checkout using Rust path syntax, public-symbol prefixes, and IV/options vocabulary; this literal is scan metadata, not an operator runtime value."
1103,no,POLICY_TERM_CONFIG_OR_STRUCTURAL,src/bolt_v3_iv/capability.rs,string,"""strike""","""strike"",",iv_capability_discovery_literal,"IV capability inventory scans the Cargo-pinned NT checkout using Rust path syntax, public-symbol prefixes, and IV/options vocabulary; this literal is scan metadata, not an operator runtime value."
1104,no,POLICY_TERM_CONFIG_OR_STRUCTURAL,src/bolt_v3_iv/capability.rs,string,"""expiry""","""expiry"",",iv_capability_discovery_literal,"IV capability inventory scans the Cargo-pinned NT checkout using Rust path syntax, public-symbol prefixes, and IV/options vocabulary; this literal is scan metadata, not an operator runtime value."
1105,no,POLICY_TERM_CONFIG_OR_STRUCTURAL,src/bolt_v3_iv/capability.rs,string,"""expiration""","""expiration"",",iv_capability_discovery_literal,"IV capability inventory scans the Cargo-pinned NT checkout using Rust path syntax, public-symbol prefixes, and IV/options vocabulary; this literal is scan metadata, not an operator runtime value."
1106,no,POLICY_TERM_CONFIG_OR_STRUCTURAL,src/bolt_v3_iv/capability.rs,string,"""tenor""","""tenor"",",iv_capability_discovery_literal,"IV capability inventory scans the Cargo-pinned NT checkout using Rust path syntax, public-symbol prefixes, and IV/options vocabulary; this literal is scan metadata, not an operator runtime value."
1107,no,POLICY_TERM_CONFIG_OR_STRUCTURAL,src/bolt_v3_iv/capability.rs,string,"""moneyness""","""moneyness"",",iv_capability_discovery_literal,"IV capability inventory scans the Cargo-pinned NT checkout using Rust path syntax, public-symbol prefixes, and IV/options vocabulary; this literal is scan metadata, not an operator runtime value."
1108,no,POLICY_TERM_CONFIG_OR_STRUCTURAL,src/bolt_v3_iv/capability.rs,string,"""skew""","""skew"",",iv_capability_discovery_literal,"IV capability inventory scans the Cargo-pinned NT checkout using Rust path syntax, public-symbol prefixes, and IV/options vocabulary; this literal is scan metadata, not an operator runtime value."
1109,no,POLICY_TERM_CONFIG_OR_STRUCTURAL,src/bolt_v3_iv/capability.rs,string,"""premium""","""premium"",",iv_capability_discovery_literal,"IV capability inventory scans the Cargo-pinned NT checkout using Rust path syntax, public-symbol prefixes, and IV/options vocabulary; this literal is scan metadata, not an operator runtime value."
1110,no,POLICY_TERM_CONFIG_OR_STRUCTURAL,src/bolt_v3_iv/capability.rs,string,"""vol""","""vol"",",iv_capability_discovery_literal,"IV capability inventory scans the Cargo-pinned NT checkout using Rust path syntax, public-symbol prefixes, and IV/options vocabulary; this literal is scan metadata, not an operator runtime value."
1111,no,POLICY_TERM_CONFIG_OR_STRUCTURAL,src/bolt_v3_iv/capability.rs,number,8,const REQUIRED_SEED_FAMILIES: [SeedFamily; 8] = [,iv_capability_discovery_literal,"IV capability inventory scans the Cargo-pinned NT checkout using Rust path syntax, public-symbol prefixes, and IV/options vocabulary; this literal is scan metadata, not an operator runtime value."
1112,no,POLICY_TERM_CONFIG_OR_STRUCTURAL,src/bolt_v3_iv/capability.rs,string,"""nautilus_trader""","if !source.contains(""nautilus_trader"") {",iv_capability_discovery_literal,"IV capability inventory scans the Cargo-pinned NT checkout using Rust path syntax, public-symbol prefixes, and IV/options vocabulary; this literal is scan metadata, not an operator runtime value."
1113,no,POLICY_TERM_CONFIG_OR_STRUCTURAL,src/bolt_v3_iv/capability.rs,string,"""crates/model/src/data/option_chain""","} else if relative_path.contains(""crates/model/src/data/option_chain"") {",iv_capability_discovery_literal,"IV capability inventory classifies the Cargo-pinned NT checkout by stable NT source path families; this path fragment is scan metadata, not an operator runtime value."
1114,no,POLICY_TERM_CONFIG_OR_STRUCTURAL,src/bolt_v3_iv/capability.rs,string,"""rev=""","source.find(""rev="").and_then(|start| {",iv_capability_discovery_literal,"IV capability inventory scans the Cargo-pinned NT checkout using Rust path syntax, public-symbol prefixes, and IV/options vocabulary; this literal is scan metadata, not an operator runtime value."
1115,no,POLICY_TERM_CONFIG_OR_STRUCTURAL,src/bolt_v3_iv/capability.rs,string,"""rev=""","let revision_start = start + ""rev="".len();",iv_capability_discovery_literal,"IV capability inventory scans the Cargo-pinned NT checkout using Rust path syntax, public-symbol prefixes, and IV/options vocabulary; this literal is scan metadata, not an operator runtime value."
1116,no,POLICY_TERM_CONFIG_OR_STRUCTURAL,src/bolt_v3_iv/capability.rs,string,"""crates""","if path.file_name().and_then(|name| name.to_str()) == Some(""crates"") {",iv_capability_discovery_literal,"IV capability inventory scans the Cargo-pinned NT checkout using Rust path syntax, public-symbol prefixes, and IV/options vocabulary; this literal is scan metadata, not an operator runtime value."
1117,no,POLICY_TERM_CONFIG_OR_STRUCTURAL,src/bolt_v3_iv/capability.rs,string,"""package""",".get(""package"")",iv_capability_discovery_literal,"IV capability inventory scans the Cargo-pinned NT checkout using Rust path syntax, public-symbol prefixes, and IV/options vocabulary; this literal is scan metadata, not an operator runtime value."
1118,no,POLICY_TERM_CONFIG_OR_STRUCTURAL,src/bolt_v3_iv/capability.rs,string,"""name""","let Some(name) = package.get(""name"").and_then(toml::Value::as_str) else {",iv_capability_discovery_literal,"IV capability inventory scans the Cargo-pinned NT checkout using Rust path syntax, public-symbol prefixes, and IV/options vocabulary; this literal is scan metadata, not an operator runtime value."
1119,no,POLICY_TERM_CONFIG_OR_STRUCTURAL,src/bolt_v3_iv/capability.rs,string,"""source""","let Some(source) = package.get(""source"").and_then(toml::Value::as_str) else {",iv_capability_discovery_literal,"IV capability inventory scans the Cargo-pinned NT checkout using Rust path syntax, public-symbol prefixes, and IV/options vocabulary; this literal is scan metadata, not an operator runtime value."
1120,no,POLICY_TERM_CONFIG_OR_STRUCTURAL,src/bolt_v3_iv/capability.rs,string,"""rs""","} else if path.extension().and_then(|extension| extension.to_str()) == Some(""rs"") {",iv_capability_discovery_literal,"IV capability inventory scans the Cargo-pinned NT checkout using Rust path syntax, public-symbol prefixes, and IV/options vocabulary; this literal is scan metadata, not an operator runtime value."
1121,no,POLICY_TERM_CONFIG_OR_STRUCTURAL,src/bolt_v3_iv/capability.rs,string,"""/""",".join(""/"")",iv_capability_discovery_literal,"IV capability inventory scans the Cargo-pinned NT checkout using Rust path syntax, public-symbol prefixes, and IV/options vocabulary; this literal is scan metadata, not an operator runtime value."
1122,no,POLICY_TERM_CONFIG_OR_STRUCTURAL,src/bolt_v3_iv/capability.rs,string,"""custom data""","if term == ""custom data"" {",iv_capability_discovery_literal,"IV capability inventory scans the Cargo-pinned NT checkout using Rust path syntax, public-symbol prefixes, and IV/options vocabulary; this literal is scan metadata, not an operator runtime value."
1123,no,POLICY_TERM_CONFIG_OR_STRUCTURAL,src/bolt_v3_iv/capability.rs,string,"""custom data""","return haystack.contains(""custom data"")",iv_capability_discovery_literal,"IV capability inventory scans the Cargo-pinned NT checkout using Rust path syntax, public-symbol prefixes, and IV/options vocabulary; this literal is scan metadata, not an operator runtime value."
1124,no,POLICY_TERM_CONFIG_OR_STRUCTURAL,src/bolt_v3_iv/capability.rs,string,"""custom_data""","|| haystack.contains(""custom_data"")",iv_capability_discovery_literal,"IV capability inventory scans the Cargo-pinned NT checkout using Rust path syntax, public-symbol prefixes, and IV/options vocabulary; this literal is scan metadata, not an operator runtime value."
1125,no,POLICY_TERM_CONFIG_OR_STRUCTURAL,src/bolt_v3_iv/capability.rs,string,"""custom-data""","|| haystack.contains(""custom-data"");",iv_capability_discovery_literal,"IV capability inventory scans the Cargo-pinned NT checkout using Rust path syntax, public-symbol prefixes, and IV/options vocabulary; this literal is scan metadata, not an operator runtime value."
1126,no,POLICY_TERM_CONFIG_OR_STRUCTURAL,src/bolt_v3_iv/capability.rs,string,"""custom data""","if combined.contains(""custom data"") || combined.contains(""custom_data"") {",iv_capability_discovery_literal,"IV capability inventory scans the Cargo-pinned NT checkout using Rust path syntax, public-symbol prefixes, and IV/options vocabulary; this literal is scan metadata, not an operator runtime value."
1127,no,POLICY_TERM_CONFIG_OR_STRUCTURAL,src/bolt_v3_iv/capability.rs,string,"""custom_data""","if combined.contains(""custom data"") || combined.contains(""custom_data"") {",iv_capability_discovery_literal,"IV capability inventory scans the Cargo-pinned NT checkout using Rust path syntax, public-symbol prefixes, and IV/options vocabulary; this literal is scan metadata, not an operator runtime value."
1128,no,POLICY_TERM_CONFIG_OR_STRUCTURAL,src/bolt_v3_iv/capability.rs,string,"""crates/adapters""","} else if relative_path.contains(""crates/adapters"") {",iv_capability_discovery_literal,"IV capability inventory scans the Cargo-pinned NT checkout using Rust path syntax, public-symbol prefixes, and IV/options vocabulary; this literal is scan metadata, not an operator runtime value."
1129,no,POLICY_TERM_CONFIG_OR_STRUCTURAL,src/bolt_v3_iv/capability.rs,string,"""msgbus""","} else if relative_path.contains(""msgbus"")",iv_capability_discovery_literal,"IV capability inventory scans the Cargo-pinned NT checkout using Rust path syntax, public-symbol prefixes, and IV/options vocabulary; this literal is scan metadata, not an operator runtime value."
1130,no,POLICY_TERM_CONFIG_OR_STRUCTURAL,src/bolt_v3_iv/capability.rs,string,"""topic""","|| relative_path.contains(""topic"")",iv_capability_discovery_literal,"IV capability inventory scans the Cargo-pinned NT checkout using Rust path syntax, public-symbol prefixes, and IV/options vocabulary; this literal is scan metadata, not an operator runtime value."
1131,no,POLICY_TERM_CONFIG_OR_STRUCTURAL,src/bolt_v3_iv/capability.rs,string,"""topic""","|| text.contains(""topic"")",iv_capability_discovery_literal,"IV capability inventory scans the Cargo-pinned NT checkout using Rust path syntax, public-symbol prefixes, and IV/options vocabulary; this literal is scan metadata, not an operator runtime value."
1132,no,POLICY_TERM_CONFIG_OR_STRUCTURAL,src/bolt_v3_iv/capability.rs,string,"""option_chains""","} else if relative_path.contains(""option_chains"")",iv_capability_discovery_literal,"IV capability inventory scans the Cargo-pinned NT checkout using Rust path syntax, public-symbol prefixes, and IV/options vocabulary; this literal is scan metadata, not an operator runtime value."
1133,no,POLICY_TERM_CONFIG_OR_STRUCTURAL,src/bolt_v3_iv/capability.rs,string,"""option_chain_manager""","|| relative_path.contains(""option_chain_manager"")",iv_capability_discovery_literal,"IV capability inventory scans the Cargo-pinned NT checkout using Rust path syntax, public-symbol prefixes, and IV/options vocabulary; this literal is scan metadata, not an operator runtime value."
1134,no,POLICY_TERM_CONFIG_OR_STRUCTURAL,src/bolt_v3_iv/capability.rs,string,"""optionchainaggregator""","|| text.contains(""optionchainaggregator"")",iv_capability_discovery_literal,"IV capability inventory scans the Cargo-pinned NT checkout using Rust path syntax, public-symbol prefixes, and IV/options vocabulary; this literal is scan metadata, not an operator runtime value."
1135,no,POLICY_TERM_CONFIG_OR_STRUCTURAL,src/bolt_v3_iv/capability.rs,string,"""greeks""","} else if relative_path.contains(""greeks"") || text.contains(""blackscholes"") {",iv_capability_discovery_literal,"IV capability inventory scans the Cargo-pinned NT checkout using Rust path syntax, public-symbol prefixes, and IV/options vocabulary; this literal is scan metadata, not an operator runtime value."
1136,no,POLICY_TERM_CONFIG_OR_STRUCTURAL,src/bolt_v3_iv/capability.rs,string,"""blackscholes""","} else if relative_path.contains(""greeks"") || text.contains(""blackscholes"") {",iv_capability_discovery_literal,"IV capability inventory scans the Cargo-pinned NT checkout using Rust path syntax, public-symbol prefixes, and IV/options vocabulary; this literal is scan metadata, not an operator runtime value."
1137,no,POLICY_TERM_CONFIG_OR_STRUCTURAL,src/bolt_v3_iv/capability.rs,string,"""crates/data/src/client""","} else if relative_path.contains(""crates/data/src/client"") || text.contains(""subscribe_option"")",iv_capability_discovery_literal,"IV capability inventory scans the Cargo-pinned NT checkout using Rust path syntax, public-symbol prefixes, and IV/options vocabulary; this literal is scan metadata, not an operator runtime value."
1138,no,POLICY_TERM_CONFIG_OR_STRUCTURAL,src/bolt_v3_iv/capability.rs,string,"""subscribe_option""","} else if relative_path.contains(""crates/data/src/client"") || text.contains(""subscribe_option"")",iv_capability_discovery_literal,"IV capability inventory scans the Cargo-pinned NT checkout using Rust path syntax, public-symbol prefixes, and IV/options vocabulary; this literal is scan metadata, not an operator runtime value."
1139,no,POLICY_TERM_CONFIG_OR_STRUCTURAL,src/bolt_v3_iv/capability.rs,string,"""crates/data/src/engine""","} else if relative_path.contains(""crates/data/src/engine"") || text.contains(""publish_option"") {",iv_capability_discovery_literal,"IV capability inventory scans the Cargo-pinned NT checkout using Rust path syntax, public-symbol prefixes, and IV/options vocabulary; this literal is scan metadata, not an operator runtime value."
1140,no,POLICY_TERM_CONFIG_OR_STRUCTURAL,src/bolt_v3_iv/capability.rs,string,"""publish_option""","} else if relative_path.contains(""crates/data/src/engine"") || text.contains(""publish_option"") {",iv_capability_discovery_literal,"IV capability inventory scans the Cargo-pinned NT checkout using Rust path syntax, public-symbol prefixes, and IV/options vocabulary; this literal is scan metadata, not an operator runtime value."
1141,no,POLICY_TERM_CONFIG_OR_STRUCTURAL,src/bolt_v3_iv/capability.rs,string,"""crates/model/src/data""","} else if relative_path.contains(""crates/model/src/data"") {",iv_capability_discovery_literal,"IV capability inventory scans the Cargo-pinned NT checkout using Rust path syntax, public-symbol prefixes, and IV/options vocabulary; this literal is scan metadata, not an operator runtime value."
1142,no,POLICY_TERM_CONFIG_OR_STRUCTURAL,src/bolt_v3_iv/capability.rs,string,"""pub struct ""","""pub struct "",",iv_capability_discovery_literal,"IV capability inventory scans the Cargo-pinned NT checkout using Rust path syntax, public-symbol prefixes, and IV/options vocabulary; this literal is scan metadata, not an operator runtime value."
1143,no,POLICY_TERM_CONFIG_OR_STRUCTURAL,src/bolt_v3_iv/capability.rs,string,"""pub enum ""","""pub enum "",",iv_capability_discovery_literal,"IV capability inventory scans the Cargo-pinned NT checkout using Rust path syntax, public-symbol prefixes, and IV/options vocabulary; this literal is scan metadata, not an operator runtime value."
1144,no,POLICY_TERM_CONFIG_OR_STRUCTURAL,src/bolt_v3_iv/capability.rs,string,"""pub trait ""","""pub trait "",",iv_capability_discovery_literal,"IV capability inventory scans the Cargo-pinned NT checkout using Rust path syntax, public-symbol prefixes, and IV/options vocabulary; this literal is scan metadata, not an operator runtime value."
1145,no,POLICY_TERM_CONFIG_OR_STRUCTURAL,src/bolt_v3_iv/capability.rs,string,"""pub fn ""","""pub fn "",",iv_capability_discovery_literal,"IV capability inventory scans the Cargo-pinned NT checkout using Rust path syntax, public-symbol prefixes, and IV/options vocabulary; this literal is scan metadata, not an operator runtime value."
1146,no,POLICY_TERM_CONFIG_OR_STRUCTURAL,src/bolt_v3_iv/capability.rs,string,"""pub async fn ""","""pub async fn "",",iv_capability_discovery_literal,"IV capability inventory scans the Cargo-pinned NT checkout using Rust path syntax, public-symbol prefixes, and IV/options vocabulary; this literal is scan metadata, not an operator runtime value."
1147,no,POLICY_TERM_CONFIG_OR_STRUCTURAL,src/bolt_v3_iv/capability.rs,string,"""pub const fn ""","""pub const fn "",",iv_capability_discovery_literal,"IV capability inventory scans the Cargo-pinned NT checkout using Rust path syntax, public-symbol prefixes, and IV/options vocabulary; this literal is scan metadata, not an operator runtime value."
1148,no,POLICY_TERM_CONFIG_OR_STRUCTURAL,src/bolt_v3_iv/capability.rs,string,"""pub type ""","""pub type "",",iv_capability_discovery_literal,"IV capability inventory scans the Cargo-pinned NT checkout using Rust path syntax, public-symbol prefixes, and IV/options vocabulary; this literal is scan metadata, not an operator runtime value."
1149,no,POLICY_TERM_CONFIG_OR_STRUCTURAL,src/bolt_v3_iv/capability.rs,string,"""pub const ""","""pub const "",",iv_capability_discovery_literal,"IV capability inventory scans the Cargo-pinned NT checkout using Rust path syntax, public-symbol prefixes, and IV/options vocabulary; this literal is scan metadata, not an operator runtime value."
1150,no,POLICY_TERM_CONFIG_OR_STRUCTURAL,src/bolt_v3_iv/capability.rs,string,"""pub mod ""","""pub mod "",",iv_capability_discovery_literal,"IV capability inventory scans the Cargo-pinned NT checkout using Rust path syntax, public-symbol prefixes, and IV/options vocabulary; this literal is scan metadata, not an operator runtime value."
1151,no,POLICY_TERM_CONFIG_OR_STRUCTURAL,src/bolt_v3_iv/capability.rs,string,""".rs""",".strip_suffix("".rs"")",iv_capability_discovery_literal,"IV capability inventory scans the Cargo-pinned NT checkout using Rust path syntax, public-symbol prefixes, and IV/options vocabulary; this literal is scan metadata, not an operator runtime value."
1152,no,POLICY_TERM_CONFIG_OR_STRUCTURAL,src/bolt_v3_iv/capability.rs,string,""".""",".replace('/', ""."")",iv_capability_discovery_literal,"IV capability inventory scans the Cargo-pinned NT checkout using Rust path syntax, public-symbol prefixes, and IV/options vocabulary; this literal is scan metadata, not an operator runtime value."
1153,no,POLICY_TERM_CONFIG_OR_STRUCTURAL,src/bolt_v3_iv/capability.rs,string,"""_""",".replace('-', ""_"");",iv_capability_discovery_literal,"IV capability inventory scans the Cargo-pinned NT checkout using Rust path syntax, public-symbol prefixes, and IV/options vocabulary; this literal is scan metadata, not an operator runtime value."
1154,no,POLICY_TERM_CONFIG_OR_STRUCTURAL,src/bolt_v3_iv/capability.rs,string,"""option""","if matches!(term, ""option"" | ""options"") {",iv_capability_discovery_literal,"IV capability inventory uses structural vocabulary to detect NT option surfaces; this literal is scan metadata, not an operator runtime value."
1155,no,POLICY_TERM_CONFIG_OR_STRUCTURAL,src/bolt_v3_iv/capability.rs,string,"""options""","if matches!(term, ""option"" | ""options"") {",iv_capability_discovery_literal,"IV capability inventory uses structural vocabulary to detect NT option surfaces; this literal is scan metadata, not an operator runtime value."
1156,no,POLICY_TERM_CONFIG_OR_STRUCTURAL,src/bolt_v3_iv/capability.rs,string,"""optional""","!token.starts_with(""optional"")",iv_capability_discovery_literal,"IV capability inventory excludes Rust optional-field wording from option-surface discovery; this literal is scanner syntax, not an operator runtime value."
1157,no,POLICY_TERM_CONFIG_OR_STRUCTURAL,src/bolt_v3_iv/capability.rs,string,"""iv""","if matches!(term, ""iv"" | ""vol"") {",iv_capability_discovery_literal,"IV capability inventory uses structural vocabulary to detect NT IV surfaces; this literal is scan metadata, not an operator runtime value."
1158,no,POLICY_TERM_CONFIG_OR_STRUCTURAL,src/bolt_v3_iv/capability.rs,string,"""vol""","if matches!(term, ""iv"" | ""vol"") {",iv_capability_discovery_literal,"IV capability inventory uses structural vocabulary to detect NT volatility surfaces; this literal is scan metadata, not an operator runtime value."
1159,no,POLICY_TERM_CONFIG_OR_STRUCTURAL,src/bolt_v3_iv/capability.rs,string,"""///""","if line.starts_with(""///"")",iv_capability_discovery_literal,"IV capability inventory reads local Rust doc-comment context around public NT symbols; this literal is scanner syntax, not an operator runtime value."
1160,no,POLICY_TERM_CONFIG_OR_STRUCTURAL,src/bolt_v3_iv/capability.rs,string,"""//!""","|| line.starts_with(""//!"")",iv_capability_discovery_literal,"IV capability inventory reads local Rust module-doc context around public NT symbols; this literal is scanner syntax, not an operator runtime value."
1161,no,POLICY_TERM_CONFIG_OR_STRUCTURAL,src/bolt_v3_iv/capability.rs,string,"""#[""","|| line.starts_with(""#["")",iv_capability_discovery_literal,"IV capability inventory reads local Rust attribute context around public NT symbols; this literal is scanner syntax, not an operator runtime value."
1162,no,POLICY_TERM_CONFIG_OR_STRUCTURAL,src/bolt_v3_iv/capability.rs,string,"""#!""","|| line.starts_with(""#!"")",iv_capability_discovery_literal,"IV capability inventory reads local Rust inner-attribute context around public NT symbols; this literal is scanner syntax, not an operator runtime value."
1163,no,POLICY_TERM_CONFIG_OR_STRUCTURAL,src/bolt_v3_iv/capability.rs,string,"""\n""","let mut evidence = context.join(""\n"");",iv_capability_discovery_literal,"IV capability inventory joins local public-symbol evidence for term scanning; this literal is scanner syntax, not an operator runtime value."
1164,no,POLICY_TERM_CONFIG_OR_STRUCTURAL,src/bolt_v3_iv/capability.rs,string,"""greeks""","""greeks"" | ""implied"" | ""iv"" | ""volatility"" | ""smile""",iv_capability_discovery_literal,"IV capability inventory requires exact ledger review for material IV/greeks terms hidden by broad crate-prefix rules; this literal is scanner taxonomy, not an operator runtime value."
1165,no,POLICY_TERM_CONFIG_OR_STRUCTURAL,src/bolt_v3_iv/capability.rs,string,"""implied""","""greeks"" | ""implied"" | ""iv"" | ""volatility"" | ""smile""",iv_capability_discovery_literal,"IV capability inventory requires exact ledger review for material implied-volatility terms hidden by broad crate-prefix rules; this literal is scanner taxonomy, not an operator runtime value."
1166,no,POLICY_TERM_CONFIG_OR_STRUCTURAL,src/bolt_v3_iv/capability.rs,string,"""iv""","""greeks"" | ""implied"" | ""iv"" | ""volatility"" | ""smile""",iv_capability_discovery_literal,"IV capability inventory requires exact ledger review for material IV terms hidden by broad crate-prefix rules; this literal is scanner taxonomy, not an operator runtime value."
1167,no,POLICY_TERM_CONFIG_OR_STRUCTURAL,src/bolt_v3_iv/capability.rs,string,"""volatility""","""greeks"" | ""implied"" | ""iv"" | ""volatility"" | ""smile""",iv_capability_discovery_literal,"IV capability inventory requires exact ledger review for material volatility terms hidden by broad crate-prefix rules; this literal is scanner taxonomy, not an operator runtime value."
1168,no,POLICY_TERM_CONFIG_OR_STRUCTURAL,src/bolt_v3_iv/capability.rs,string,"""smile""","""greeks"" | ""implied"" | ""iv"" | ""volatility"" | ""smile""",iv_capability_discovery_literal,"IV capability inventory requires exact ledger review for material smile terms hidden by broad crate-prefix rules; this literal is scanner taxonomy, not an operator runtime value."
1169,no,POLICY_TERM_CONFIG_OR_STRUCTURAL,src/bolt_v3_iv/capability.rs,string,"""surface""","}) || (candidate.matched_terms.contains(""surface"")",iv_capability_discovery_literal,"IV capability inventory requires exact ledger review when option surface terms are hidden by broad crate-prefix rules; this literal is scanner taxonomy, not an operator runtime value."
1170,no,POLICY_TERM_CONFIG_OR_STRUCTURAL,src/bolt_v3_iv/capability.rs,string,"""option""","&& (candidate.matched_terms.contains(""option"")",iv_capability_discovery_literal,"IV capability inventory combines option and surface terms to distinguish material IV capability surfaces from generic public-surface wording; this literal is scanner taxonomy, not an operator runtime value."
1171,no,POLICY_TERM_CONFIG_OR_STRUCTURAL,src/bolt_v3_iv/capability.rs,string,"""options""","|| candidate.matched_terms.contains(""options"")))",iv_capability_discovery_literal,"IV capability inventory combines options and surface terms to distinguish material IV capability surfaces from generic public-surface wording; this literal is scanner taxonomy, not an operator runtime value."
1172,no,POLICY_TERM_CONFIG_OR_STRUCTURAL,src/bolt_v3_iv/capability.rs,string,"""option_chain""","""option_chain"",",iv_capability_discovery_literal,"IV capability inventory requires exact ledger review for option-chain surfaces hidden by broad crate-prefix rules; this literal is scanner taxonomy, not an operator runtime value."
1173,no,POLICY_TERM_CONFIG_OR_STRUCTURAL,src/bolt_v3_iv/capability.rs,string,"""option_greeks""","""option_greeks"",",iv_capability_discovery_literal,"IV capability inventory requires exact ledger review for option-greeks surfaces hidden by broad crate-prefix rules; this literal is scanner taxonomy, not an operator runtime value."
1174,no,POLICY_TERM_CONFIG_OR_STRUCTURAL,src/bolt_v3_iv/capability.rs,string,"""option_summary""","""option_summary"",",iv_capability_discovery_literal,"IV capability inventory requires exact ledger review for option-summary surfaces hidden by broad crate-prefix rules; this literal is scanner taxonomy, not an operator runtime value."
1175,no,POLICY_TERM_CONFIG_OR_STRUCTURAL,src/bolt_v3_iv/capability.rs,string,"""option_surface""","""option_surface"",",iv_capability_discovery_literal,"IV capability inventory requires exact ledger review for option-surface candidates hidden by broad crate-prefix rules; this literal is scanner taxonomy, not an operator runtime value."
1176,no,POLICY_TERM_CONFIG_OR_STRUCTURAL,src/bolt_v3_iv/capability.rs,string,"""imply_vol""","""imply_vol"",",iv_capability_discovery_literal,"IV capability inventory requires exact ledger review for implied-volatility helper surfaces hidden by broad crate-prefix rules; this literal is scanner taxonomy, not an operator runtime value."
1177,yes,NO_POLICY_TERM,src/bolt_v3_iv/config.rs,number,1,pub const SUPPORTED_IV_SCHEMA_VERSION: u32 = 1;,iv_config_schema_literal,"IV config parsing uses schema field names, version tags, and internal generation sentinels to validate TOML; operator runtime values are supplied by TOML, not this literal."
1178,no,POLICY_TERM_CONFIG_OR_STRUCTURAL,src/bolt_v3_iv/config.rs,string,"""max_raw_events""","""max_raw_events"",",iv_config_schema_literal,"IV config parsing uses schema field names, version tags, and internal generation sentinels to validate TOML; operator runtime values are supplied by TOML, not this literal."
1179,no,POLICY_TERM_CONFIG_OR_STRUCTURAL,src/bolt_v3_iv/config.rs,string,"""max_indexed_points""","""max_indexed_points"",",iv_config_schema_literal,"IV config parsing uses schema field names, version tags, and internal generation sentinels to validate TOML; operator runtime values are supplied by TOML, not this literal."
1180,no,POLICY_TERM_CONFIG_OR_STRUCTURAL,src/bolt_v3_iv/config.rs,string,"""max_smiles""","""max_smiles"",",iv_config_schema_literal,"IV config parsing uses schema field names, version tags, and internal generation sentinels to validate TOML; operator runtime values are supplied by TOML, not this literal."
1181,no,POLICY_TERM_CONFIG_OR_STRUCTURAL,src/bolt_v3_iv/config.rs,string,"""max_surfaces""","""max_surfaces"",",iv_config_schema_literal,"IV config parsing uses schema field names, version tags, and internal generation sentinels to validate TOML; operator runtime values are supplied by TOML, not this literal."
1182,no,POLICY_TERM_CONFIG_OR_STRUCTURAL,src/bolt_v3_iv/config.rs,string,"""max_derived_points""","""max_derived_points"",",iv_config_schema_literal,"IV config parsing uses schema field names, version tags, and internal generation sentinels to validate TOML; operator runtime values are supplied by TOML, not this literal."
1183,no,POLICY_TERM_CONFIG_OR_STRUCTURAL,src/bolt_v3_iv/config.rs,string,"""max_source_health_events""","""max_source_health_events"",",iv_config_schema_literal,"IV config parsing uses schema field names, version tags, and internal generation sentinels to validate TOML; operator runtime values are supplied by TOML, not this literal."
1184,no,POLICY_TERM_CONFIG_OR_STRUCTURAL,src/bolt_v3_iv/config.rs,string,"""max_source_event_age_ns""","""max_source_event_age_ns"",",iv_config_schema_literal,"IV config parsing uses schema field names to validate TOML freshness policy; operator runtime values are supplied by TOML, not this literal."
1185,no,NO_POLICY_TERM,src/bolt_v3_iv/config.rs,string,"""iv.profiles.{} profile_id is duplicated""","""iv.profiles.{} profile_id is duplicated"",",iv_config_schema_literal,IV config parsing emits fail-closed diagnostics for duplicate profile identifiers; operator profile identifiers remain TOML-owned.
1186,no,POLICY_TERM_CONFIG_OR_STRUCTURAL,src/bolt_v3_iv/config.rs,string,"""{profile_context}.strategy_authorizations.{} is duplicated""","""{profile_context}.strategy_authorizations.{} is duplicated"",",iv_config_schema_literal,IV profile validation diagnostic for duplicate per-strategy authorization entries; strategy IDs remain TOML-owned.
1187,no,POLICY_TERM_CONFIG_OR_STRUCTURAL,src/bolt_v3_iv/config.rs,string,"""interpolation_policies""","""interpolation_policies"",",iv_config_schema_literal,"IV config parsing uses typed profile-owned policy family names for validation diagnostics; operator policy values are supplied by TOML, not this literal."
1188,no,POLICY_TERM_CONFIG_OR_STRUCTURAL,src/bolt_v3_iv/config.rs,string,"""fallback_policies""","""fallback_policies"",",iv_config_schema_literal,"IV config parsing uses typed profile-owned policy family names for validation diagnostics; operator policy values are supplied by TOML, not this literal."
1189,no,POLICY_TERM_CONFIG_OR_STRUCTURAL,src/bolt_v3_iv/config.rs,string,"""quorum_policies""","""quorum_policies"",",iv_config_schema_literal,"IV config parsing uses typed profile-owned policy family names for validation diagnostics; operator policy values are supplied by TOML, not this literal."
1190,no,POLICY_TERM_CONFIG_OR_STRUCTURAL,src/bolt_v3_iv/config.rs,string,"""eligible_sources""","""eligible_sources"",",iv_config_schema_literal,"IV config parsing uses this profile-owned policy field name for validation diagnostics; source IDs are supplied by TOML, not this literal."
1191,no,POLICY_TERM_CONFIG_OR_STRUCTURAL,src/bolt_v3_iv/config.rs,string,"""helper_policies""","""helper_policies"",",iv_config_schema_literal,"IV config parsing uses typed profile-owned policy family names for validation diagnostics; operator policy values are supplied by TOML, not this literal."
1192,yes,POLICY_TERM_CONFIG_OR_STRUCTURAL,src/bolt_v3_iv/config.rs,number,0.0,if !policy.agreement_band.is_finite() || policy.agreement_band <= 0.0 {,iv_policy_validation_bound,Zero is the fail-closed positivity boundary for profile-owned quorum agreement-band validation; the actual agreement band is TOML-owned.
1193,no,NO_POLICY_TERM,src/bolt_v3_iv/config.rs,string,"""{source_context}.selector_fingerprint is duplicated""","""{source_context}.selector_fingerprint is duplicated""",iv_config_schema_literal,"IV config parsing uses schema field names, version tags, and internal generation sentinels to validate TOML; operator runtime values are supplied by TOML, not this literal."
1194,no,POLICY_TERM_CONFIG_OR_STRUCTURAL,src/bolt_v3_iv/config.rs,string,"""{audit_context}.audit_retention.max_events cannot exceed max_raw_events""","""{audit_context}.audit_retention.max_events cannot exceed max_raw_events""",iv_config_schema_literal,IV config parsing emits fail-closed diagnostics for profile-owned audit retention bounds; operator values remain TOML-owned.
1195,no,POLICY_TERM_CONFIG_OR_STRUCTURAL,src/bolt_v3_iv/config.rs,string,"""{policy_context}.{} is duplicated""","""{policy_context}.{} is duplicated"",",iv_config_schema_literal,IV config parsing emits fail-closed diagnostics for duplicate profile-owned projection policy ids; operator values remain TOML-owned.
1196,no,NO_POLICY_TERM,src/bolt_v3_iv/types.rs,string,"""an IV convention string or a named convention record""","formatter.write_str(""an IV convention string or a named convention record"")",iv_config_schema_literal,"IV convention deserialization describes the accepted TOML schema shapes; operator convention values are supplied by TOML, not this diagnostic literal."
1197,no,NO_POLICY_TERM,src/bolt_v3_iv/types.rs,string,"""named""","""named"" => {",iv_config_schema_literal,"IV convention deserialization accepts the structured named-convention schema key; operator convention values are supplied by TOML, not this key literal."
1198,no,NO_POLICY_TERM,src/bolt_v3_iv/types.rs,string,"""named""","_ => return Err(de::Error::unknown_field(&key, &[""named""])),",iv_config_schema_literal,"IV convention deserialization reports the structured named-convention schema key for unknown-field diagnostics; operator convention values are supplied by TOML, not this key literal."
1199,no,NO_POLICY_TERM,src/bolt_v3_iv/types.rs,string,"""named""","return Err(de::Error::duplicate_field(""named""));",iv_config_schema_literal,"IV convention deserialization reports duplicate use of the structured named-convention schema key; operator convention values are supplied by TOML, not this key literal."
1200,yes,NO_POLICY_TERM,src/bolt_v3_iv/health.rs,string,"""configured""","Self::Configured => ""configured"",",iv_source_health_state_label,IV source-health state names are fixed serde-compatible labels used to compare TOML/query filters with typed states; source behavior remains config/runtime-owned.
1201,no,NO_POLICY_TERM,src/bolt_v3_iv/health.rs,string,"""subscribing""","Self::Subscribing => ""subscribing"",",iv_source_health_state_label,IV source-health state names are fixed serde-compatible labels used to compare TOML/query filters with typed states; source behavior remains config/runtime-owned.
1202,no,NO_POLICY_TERM,src/bolt_v3_iv/health.rs,string,"""active""","Self::Active => ""active"",",iv_source_health_state_label,IV source-health state names are fixed serde-compatible labels used to compare TOML/query filters with typed states; source behavior remains config/runtime-owned.
1203,no,POLICY_TERM_CONFIG_OR_STRUCTURAL,src/bolt_v3_iv/health.rs,string,"""stale""","Self::Stale => ""stale"",",iv_source_health_state_label,IV source-health state names are fixed serde-compatible labels used to compare TOML/query filters with typed states; source behavior remains config/runtime-owned.
1204,no,NO_POLICY_TERM,src/bolt_v3_iv/health.rs,string,"""unsubscribing""","Self::Unsubscribing => ""unsubscribing"",",iv_source_health_state_label,IV source-health state names are fixed serde-compatible labels used to compare TOML/query filters with typed states; source behavior remains config/runtime-owned.
1205,no,NO_POLICY_TERM,src/bolt_v3_iv/health.rs,string,"""removed""","Self::Removed => ""removed"",",iv_source_health_state_label,IV source-health state names are fixed serde-compatible labels used to compare TOML/query filters with typed states; source behavior remains config/runtime-owned.
1206,no,NO_POLICY_TERM,src/bolt_v3_iv/health.rs,string,"""subscription_failed""","Self::SubscriptionFailed => ""subscription_failed"",",iv_source_health_state_label,IV source-health state names are fixed serde-compatible labels used to compare TOML/query filters with typed states; source behavior remains config/runtime-owned.
1207,yes,POLICY_TERM_CONFIG_OR_STRUCTURAL,src/bolt_v3_iv/derive.rs,string,"""nautilus_model::data::imply_vol_and_greeks""","Self::ImplyVolAndGreeks => ""nautilus_model::data::imply_vol_and_greeks"",",iv_helper_contract_literal,IV derivation uses typed helper/input/provenance labels and numeric validation sentinels for NT helper integration; query/runtime values are provided by inputs and policy structs.
1208,no,POLICY_TERM_CONFIG_OR_STRUCTURAL,src/bolt_v3_iv/derive.rs,number,1.0e-8,const NT_IMPLY_VOL_FAILURE_FLOOR: f64 = 1.0e-8;,iv_helper_contract_literal,Pinned NautilusTrader imply_vol_and_greeks clamps failed solves to this helper sentinel; the engine rejects the sentinel and still requires TOML-owned helper output policy for accepted IV values.
1209,no,POLICY_TERM_CONFIG_OR_STRUCTURAL,src/bolt_v3_iv/derive.rs,number,1.0e-6,const NT_REFINE_VOL_FAILURE_FLOOR: f64 = 1.0e-6;,iv_helper_contract_literal,Pinned NautilusTrader refine_vol_and_greeks clamps diverged solves to this helper sentinel floor; the engine rejects the sentinel and still requires TOML-owned helper output policy for accepted IV values.
1210,no,POLICY_TERM_CONFIG_OR_STRUCTURAL,src/bolt_v3_iv/derive.rs,number,10.0,const NT_REFINE_VOL_FAILURE_CEILING: f64 = 10.0;,iv_helper_contract_literal,Pinned NautilusTrader refine_vol_and_greeks clamps diverged solves to this helper sentinel ceiling; the engine rejects the sentinel and still requires TOML-owned helper output policy for accepted IV values.
1211,no,POLICY_TERM_CONFIG_OR_STRUCTURAL,src/bolt_v3_iv/derive.rs,string,"""nautilus_model::data::refine_vol_and_greeks""","Self::RefineVolAndGreeks => ""nautilus_model::data::refine_vol_and_greeks"",",iv_helper_contract_literal,IV derivation uses typed helper/input/provenance labels and numeric validation sentinels for NT helper integration; query/runtime values are provided by inputs and policy structs.
1212,no,POLICY_TERM_CONFIG_OR_STRUCTURAL,src/bolt_v3_iv/derive.rs,number,7,const IMPLY_VOL_AND_GREEKS_REQUIRED_FIELDS: [IvDerivedInputField; 7] = [,iv_helper_contract_literal,IV derivation uses typed helper/input/provenance labels and numeric validation sentinels for NT helper integration; query/runtime values are provided by inputs and policy structs.
1213,no,POLICY_TERM_CONFIG_OR_STRUCTURAL,src/bolt_v3_iv/derive.rs,number,7,pub fn required_fields() -> [Self; 7] {,iv_helper_contract_literal,IV derivation uses typed helper/input/provenance labels and numeric validation sentinels for NT helper integration; query/runtime values are provided by inputs and policy structs.
1214,no,POLICY_TERM_CONFIG_OR_STRUCTURAL,src/bolt_v3_iv/derive.rs,number,8,const REFINE_VOL_AND_GREEKS_REQUIRED_FIELDS: [IvDerivedInputField; 8] = [,iv_helper_contract_literal,IV derivation uses typed helper/input/provenance labels and numeric validation sentinels for NT helper integration; query/runtime values are provided by inputs and policy structs.
1215,no,POLICY_TERM_CONFIG_OR_STRUCTURAL,src/bolt_v3_iv/derive.rs,string,"""s,r,b,is_call,k,t,target_price,initial_vol""","Self::RefineVolAndGreeks => ""s,r,b,is_call,k,t,target_price,initial_vol"",",iv_helper_contract_literal,IV derivation uses typed helper/input/provenance labels and numeric validation sentinels for NT helper integration; query/runtime values are provided by inputs and policy structs.
1216,no,POLICY_TERM_CONFIG_OR_STRUCTURAL,src/bolt_v3_iv/derive.rs,string,"""option_price""","Self::OptionPrice => ""option_price"",",iv_helper_contract_literal,IV derivation uses typed helper/input/provenance labels and numeric validation sentinels for NT helper integration; query/runtime values are provided by inputs and policy structs.
1217,no,POLICY_TERM_CONFIG_OR_STRUCTURAL,src/bolt_v3_iv/derive.rs,string,"""underlying_price""","Self::UnderlyingPrice => ""underlying_price"",",iv_helper_contract_literal,IV derivation uses typed helper/input/provenance labels and numeric validation sentinels for NT helper integration; query/runtime values are provided by inputs and policy structs.
1218,no,POLICY_TERM_CONFIG_OR_STRUCTURAL,src/bolt_v3_iv/derive.rs,string,"""strike""","Self::Strike => ""strike"",",iv_helper_contract_literal,IV derivation uses typed helper/input/provenance labels and numeric validation sentinels for NT helper integration; query/runtime values are provided by inputs and policy structs.
1219,no,POLICY_TERM_CONFIG_OR_STRUCTURAL,src/bolt_v3_iv/derive.rs,string,"""option_side""","Self::OptionSide => ""option_side"",",iv_helper_contract_literal,IV derivation uses typed helper/input/provenance labels and numeric validation sentinels for NT helper integration; query/runtime values are provided by inputs and policy structs.
1220,no,POLICY_TERM_CONFIG_OR_STRUCTURAL,src/bolt_v3_iv/derive.rs,string,"""time_to_expiry_years""","Self::TimeToExpiryYears => ""time_to_expiry_years"",",iv_helper_contract_literal,IV derivation uses typed helper/input/provenance labels and numeric validation sentinels for NT helper integration; query/runtime values are provided by inputs and policy structs.
1221,yes,POLICY_TERM_CONFIG_OR_STRUCTURAL,src/bolt_v3_iv/derive.rs,string,"""rate""","Self::Rate => ""rate"",",iv_helper_contract_literal,IV derivation uses typed helper/input/provenance labels and numeric validation sentinels for NT helper integration; query/runtime values are provided by inputs and policy structs.
1222,no,POLICY_TERM_CONFIG_OR_STRUCTURAL,src/bolt_v3_iv/derive.rs,string,"""carry""","Self::Carry => ""carry"",",iv_helper_contract_literal,IV derivation uses typed helper/input/provenance labels and numeric validation sentinels for NT helper integration; query/runtime values are provided by inputs and policy structs.
1223,no,POLICY_TERM_CONFIG_OR_STRUCTURAL,src/bolt_v3_iv/derive.rs,string,"""initial_vol""","Self::InitialVol => ""initial_vol"",",iv_helper_contract_literal,IV derivation uses typed helper/input/provenance labels and numeric validation sentinels for NT helper integration; query/runtime values are provided by inputs and policy structs.
1224,no,POLICY_TERM_CONFIG_OR_STRUCTURAL,src/bolt_v3_iv/derive.rs,number,0.0,if !value.is_finite() || (positive_required && value <= 0.0) {,iv_helper_contract_literal,IV derivation uses typed helper/input/provenance labels and numeric validation sentinels for NT helper integration; query/runtime values are provided by inputs and policy structs.
1225,yes,NO_POLICY_TERM,src/bolt_v3_iv/ingest.rs,string,"""option_greeks""","Self::OptionGreeks => ""option_greeks"",",iv_payload_schema_literal,IV ingest uses stable payload-kind/provenance labels and raw-event ID formatting for internal evidence; payload values come from NT/custom events.
1226,no,NO_POLICY_TERM,src/bolt_v3_iv/ingest.rs,string,"""option_chain_slice""","Self::OptionChainSlice => ""option_chain_slice"",",iv_payload_schema_literal,IV ingest uses stable payload-kind/provenance labels and raw-event ID formatting for internal evidence; payload values come from NT/custom events.
1227,no,NO_POLICY_TERM,src/bolt_v3_iv/ingest.rs,string,"""aggregate_greeks""","Self::AggregateGreeks => ""aggregate_greeks"",",iv_payload_schema_literal,IV ingest uses stable payload-kind/provenance labels and raw-event ID formatting for internal evidence; payload values come from NT/custom events.
1228,no,NO_POLICY_TERM,src/bolt_v3_iv/ingest.rs,string,"""custom_implied_volatility""","Self::CustomImpliedVolatility => ""custom_implied_volatility"",",iv_payload_schema_literal,IV ingest uses stable payload-kind/provenance labels and raw-event ID formatting for internal evidence; payload values come from NT/custom events.
1229,no,NO_POLICY_TERM,src/bolt_v3_iv/ingest.rs,string,"""{}:{}:{}""","""{}:{}:{}"",",iv_payload_schema_literal,IV ingest uses stable payload-kind/provenance labels and raw-event ID formatting for internal evidence; payload values come from NT/custom events.
1230,yes,POLICY_TERM_CONFIG_OR_STRUCTURAL,src/bolt_v3_iv/policy.rs,number,2,for window in points.windows(2) {,iv_policy_algorithm_literal,"IV policy code uses algorithmic indices, counters, and zero sentinels for interpolation/fallback/quorum math; policy inputs remain typed/config-owned."
1231,no,POLICY_TERM_CONFIG_OR_STRUCTURAL,src/bolt_v3_iv/policy.rs,number,0,let left = window[0];,iv_policy_algorithm_literal,"IV policy code uses algorithmic indices, counters, and zero sentinels for interpolation/fallback/quorum math; policy inputs remain typed/config-owned."
1232,no,POLICY_TERM_CONFIG_OR_STRUCTURAL,src/bolt_v3_iv/policy.rs,number,1,let right = window[1];,iv_policy_algorithm_literal,"IV policy code uses algorithmic indices, counters, and zero sentinels for interpolation/fallback/quorum math; policy inputs remain typed/config-owned."
1233,no,POLICY_TERM_CONFIG_OR_STRUCTURAL,src/bolt_v3_iv/policy.rs,number,0.0,let weight = if width == 0.0 {,iv_policy_algorithm_literal,"IV policy code uses algorithmic indices, counters, and zero sentinels for interpolation/fallback/quorum math; policy inputs remain typed/config-owned."
1234,no,POLICY_TERM_CONFIG_OR_STRUCTURAL,src/bolt_v3_iv/policy.rs,number,0.0,0.0,iv_policy_algorithm_literal,"IV policy code uses algorithmic indices, counters, and zero sentinels for interpolation/fallback/quorum math; policy inputs remain typed/config-owned."
1235,no,POLICY_TERM_CONFIG_OR_STRUCTURAL,src/bolt_v3_iv/policy.rs,number,0.0,let mut sum = 0.0;,iv_policy_algorithm_literal,"IV policy code uses algorithmic indices, counters, and zero sentinels for interpolation/fallback/quorum math; policy inputs remain typed/config-owned."
1236,no,POLICY_TERM_CONFIG_OR_STRUCTURAL,src/bolt_v3_iv/policy.rs,number,0_u64,let mut count = 0_u64;,iv_policy_algorithm_literal,"IV policy code uses algorithmic indices, counters, and zero sentinels for interpolation/fallback/quorum math; policy inputs remain typed/config-owned."
1237,no,POLICY_TERM_CONFIG_OR_STRUCTURAL,src/bolt_v3_iv/policy.rs,number,1,count += 1;,iv_policy_algorithm_literal,"IV policy code uses algorithmic indices, counters, and zero sentinels for interpolation/fallback/quorum math; policy inputs remain typed/config-owned."
1238,no,POLICY_TERM_CONFIG_OR_STRUCTURAL,src/bolt_v3_iv/policy.rs,number,0,(count > 0).then(|| sum / count as f64),iv_policy_algorithm_literal,IV policy code uses a mathematical zero guard to avoid averaging empty inputs; policy inputs remain typed/config-owned.
1239,yes,NO_POLICY_TERM,src/bolt_v3_iv/runtime.rs,number,0,const INITIAL_SUBSCRIPTION_GENERATION: u64 = 0;,iv_source_health_counter_literal,"IV runtime uses a zero generation sentinel when an event references an unconfigured source with no subscribed source config; the value is source-health lifecycle metadata, not an operator runtime value."
1240,no,NO_POLICY_TERM,src/bolt_v3_iv/runtime.rs,number,1,"reject_counts.insert(reason, 1);",iv_source_health_counter_literal,"IV runtime initializes source-health reject counters from observed binding errors; this count is computed state, not an operator runtime value."
1241,yes,NO_POLICY_TERM,src/bolt_v3_iv/runtime.rs,string,"""../../Cargo.lock""","const CARGO_LOCK_TEXT: &str = include_str!(""../../Cargo.lock"");",iv_cargo_evidence_parser_literal,"Runtime NT provenance is stamped from the repository Cargo.lock embedded at compile time; this path is dependency evidence wiring, not an operator runtime value."
1242,no,NO_POLICY_TERM,src/bolt_v3_iv/runtime.rs,string,"""package""","lock.get(""package"")?",iv_cargo_evidence_parser_literal,"Runtime NT provenance parses the Cargo.lock package array to find the pinned NautilusTrader source; this is dependency evidence parsing, not an operator runtime value."
1243,no,NO_POLICY_TERM,src/bolt_v3_iv/runtime.rs,string,"""source""",".filter_map(|package| package.get(""source"")?.as_str())",iv_cargo_evidence_parser_literal,"Runtime NT provenance reads Cargo.lock package source fields to find the pinned NautilusTrader revision; this is dependency evidence parsing, not an operator runtime value."
1244,no,NO_POLICY_TERM,src/bolt_v3_iv/runtime.rs,string,"""nautilus_trader""","if !source.contains(""nautilus_trader"") {",iv_cargo_evidence_parser_literal,"Runtime NT provenance identifies the NautilusTrader dependency entry inside Cargo.lock; this is dependency evidence parsing, not an operator runtime value."
1245,no,NO_POLICY_TERM,src/bolt_v3_iv/runtime.rs,string,"""rev=""","source.find(""rev="").and_then(|start| {",iv_cargo_evidence_parser_literal,"Runtime NT provenance extracts a git revision query parameter from Cargo.lock source URLs when no fragment revision is present; this is dependency evidence parsing, not an operator runtime value."
1246,no,NO_POLICY_TERM,src/bolt_v3_iv/runtime.rs,string,"""rev=""","let revision_start = start + ""rev="".len();",iv_cargo_evidence_parser_literal,Runtime NT provenance advances past the Cargo.lock git revision query key while parsing dependency evidence; this is not an operator runtime value.
1247,no,NO_POLICY_TERM,src/bolt_v3_iv/query.rs,number,0,const INITIAL_REJECT_COUNT: u64 = 0;,iv_source_health_counter_literal,"IV query state initializes source-health reject counters from observed rejected events; this count is computed state, not an operator runtime value."
1248,no,POLICY_TERM_CONFIG_OR_STRUCTURAL,src/bolt_v3_iv/query.rs,number,0,"_ => 0,",iv_policy_algorithm_literal,"IV projection skew calculation returns zero for an empty input set before higher-level policy rejection; this is algorithmic math, not an operator runtime value."
1249,no,NO_POLICY_TERM,src/bolt_v3_iv/query.rs,number,1,const REJECT_COUNT_INCREMENT: u64 = 1;,iv_source_health_counter_literal,"IV query state increments source-health reject counters from observed rejected events; this count is computed state, not an operator runtime value."
1250,yes,POLICY_TERM_CONFIG_OR_STRUCTURAL,src/bolt_v3_iv/query.rs,string,"""raw_event_id""","""raw_event_id"" => provenance",iv_policy_schema_field_literal,"Fallback policies name required provenance fields by schema key; this literal is a typed field discriminator, not an operator runtime value."
1251,no,POLICY_TERM_CONFIG_OR_STRUCTURAL,src/bolt_v3_iv/query.rs,string,"""payload_kind""","""payload_kind"" => provenance",iv_policy_schema_field_literal,"Fallback policies name required provenance fields by schema key; this literal is a typed field discriminator, not an operator runtime value."
1252,no,POLICY_TERM_CONFIG_OR_STRUCTURAL,src/bolt_v3_iv/query.rs,string,"""nt_revision""","""nt_revision"" => !provenance.nt_revision.trim().is_empty(),",iv_policy_schema_field_literal,"Fallback policies name required provenance fields by schema key; this literal is a typed field discriminator, not an operator runtime value."
1253,no,POLICY_TERM_CONFIG_OR_STRUCTURAL,src/bolt_v3_iv/query.rs,string,"""nt_symbol""","""nt_symbol"" => !provenance.nt_symbol.trim().is_empty(),",iv_policy_schema_field_literal,"Fallback policies name required provenance fields by schema key; this literal is a typed field discriminator, not an operator runtime value."
1254,no,POLICY_TERM_CONFIG_OR_STRUCTURAL,src/bolt_v3_iv/query.rs,string,"""nt_evidence_path""","""nt_evidence_path"" => !provenance.nt_evidence_path.trim().is_empty(),",iv_policy_schema_field_literal,"Fallback policies name required provenance fields by schema key; this literal is a typed field discriminator, not an operator runtime value."
1255,no,POLICY_TERM_CONFIG_OR_STRUCTURAL,src/bolt_v3_iv/query.rs,string,"""input_event_ids""","""input_event_ids"" => !provenance.input_event_ids.is_empty(),",iv_policy_schema_field_literal,"Fallback policies name required provenance fields by schema key; this literal is a typed field discriminator, not an operator runtime value."
1256,no,POLICY_TERM_CONFIG_OR_STRUCTURAL,src/bolt_v3_iv/query.rs,string,"""helper_identity""","""helper_identity"" => provenance.helper_identity.is_some(),",iv_policy_schema_field_literal,"Fallback policies name required provenance fields by schema key; this literal is a typed field discriminator, not an operator runtime value."
1257,no,POLICY_TERM_CONFIG_OR_STRUCTURAL,src/bolt_v3_iv/query.rs,string,"""policy_decisions""","""policy_decisions"" => !provenance.policy_decisions.is_empty(),",iv_policy_schema_field_literal,"Fallback policies name required provenance fields by schema key; this literal is a typed field discriminator, not an operator runtime value."
1258,yes,POLICY_TERM_CONFIG_OR_STRUCTURAL,src/bolt_v3_iv/store.rs,number,1,self.next_ingest_sequence += 1;,iv_store_counter_literal,IV store uses internal sequence and drain-index sentinels for bounded in-memory retention; retention limits come from config.
1259,yes,POLICY_TERM_CONFIG_OR_STRUCTURAL,src/bolt_v3_iv/store.rs,number,0.0,value.is_finite() && value > 0.0,iv_validation_zero_boundary,IV validation uses the mathematical zero boundary to reject non-positive implied-volatility values; configured IV values remain supplied by NT/source payloads and TOML policy.
1260,yes,POLICY_TERM_CONFIG_OR_STRUCTURAL,src/bolt_v3_iv/store.rs,string,"""call""","const OPTION_CHAIN_CALL_SIDE_LABEL: &str = ""call"";",iv_option_chain_side_label,This stable side label is derived from NT OptionChainSlice calls when building strategy-safe smile views from preserved raw option-chain data; it is not an operator runtime value.
1261,no,POLICY_TERM_CONFIG_OR_STRUCTURAL,src/bolt_v3_iv/store.rs,string,"""put""","const OPTION_CHAIN_PUT_SIDE_LABEL: &str = ""put"";",iv_option_chain_side_label,This stable side label is derived from NT OptionChainSlice puts when building strategy-safe smile views from preserved raw option-chain data; it is not an operator runtime value.
1262,yes,POLICY_TERM_CONFIG_OR_STRUCTURAL,src/bolt_v3_strategy_registration.rs,string,"""duplicate IV query handle for strategy {} profile {}""","""duplicate IV query handle for strategy {} profile {}"",",iv_registration_diagnostic_literal,IV strategy registration uses tuple-field indices and diagnostic templates while wiring config-owned query handles; this is not an operator runtime value.
1263,no,POLICY_TERM_CONFIG_OR_STRUCTURAL,src/bolt_v3_strategy_registration.rs,number,0,"key.0, key.1",iv_registration_diagnostic_literal,IV strategy registration uses tuple-field indices and diagnostic templates while wiring config-owned query handles; this is not an operator runtime value.
1264,no,POLICY_TERM_CONFIG_OR_STRUCTURAL,src/bolt_v3_strategy_registration.rs,number,1,"key.0, key.1",iv_registration_diagnostic_literal,IV strategy registration uses tuple-field indices and diagnostic templates while wiring config-owned query handles; this is not an operator runtime value.
1265,yes,NO_POLICY_TERM,src/bolt_v3_live_node.rs,string,"""underlying_selectors""","""underlying_selectors"".to_string(),",iv_nt_custom_data_metadata_key,IV aggregate-greeks live binding uses this NT custom-data metadata field name to pass TOML-owned underlying selector values; selector values and source lifecycle remain config-owned.
1266,no,POLICY_TERM_CONFIG_OR_STRUCTURAL,src/bolt_v3_iv/config.rs,string,"""derived_input_policies""","""derived_input_policies"",",iv_config_schema_literal,This is the typed IV profile schema family name used for duplicate-policy validation diagnostics; policy values remain TOML-owned.
1267,no,POLICY_TERM_CONFIG_OR_STRUCTURAL,src/bolt_v3_iv/config.rs,string,"""{context}.quorum_policies.{}.minimum_sources cannot exceed eligible_sources""","""{context}.quorum_policies.{}.minimum_sources cannot exceed eligible_sources"",",iv_config_schema_literal,This is a typed IV profile validation diagnostic for quorum source-eligibility consistency; source IDs and policy thresholds remain TOML-owned.
1268,no,NO_POLICY_TERM,src/bolt_v3_iv/derive.rs,string,"""{}:{}:{}:{}""","""{}:{}:{}:{}"",",iv_helper_contract_literal,This is a stable helper input-set provenance ID format assembled from runtime profile/source/instrument/timestamp values; the values remain query/runtime-owned.
1269,no,POLICY_TERM_CONFIG_OR_STRUCTURAL,src/bolt_v3_iv/policy.rs,string,"""candidate_not_eligible""","reason: ""candidate_not_eligible"".to_string(),",iv_policy_algorithm_literal,This is a stable fallback provenance reason for skipped candidates before the accepted configured candidate; candidate ordering and eligibility remain typed/config-owned.
1270,no,POLICY_TERM_CONFIG_OR_STRUCTURAL,src/bolt_v3_iv/policy.rs,string,"""linear""","Self::Linear => ""linear"",",iv_policy_algorithm_literal,This is the stable serde/provenance label for the typed linear interpolation method; policy selection and inputs remain config/query-owned.
1271,no,POLICY_TERM_CONFIG_OR_STRUCTURAL,src/bolt_v3_iv/policy.rs,string,"""mean""","Self::Mean => ""mean"",",iv_policy_algorithm_literal,This is the stable serde/provenance label for the typed mean projection kind; policy selection and inputs remain config/query-owned.
1272,no,POLICY_TERM_CONFIG_OR_STRUCTURAL,src/bolt_v3_iv/policy.rs,string,"""nearest""","Self::Nearest => ""nearest"",",iv_policy_algorithm_literal,This is the stable serde/provenance label for the typed nearest extrapolation policy; policy selection and inputs remain config/query-owned.
1273,no,POLICY_TERM_CONFIG_OR_STRUCTURAL,src/bolt_v3_iv/policy.rs,string,"""reject""","Self::Reject => ""reject"",",iv_policy_algorithm_literal,This is the stable serde/provenance label for the typed extrapolation-rejection policy; policy selection and inputs remain config/query-owned.
1274,no,POLICY_TERM_CONFIG_OR_STRUCTURAL,src/bolt_v3_archetypes/binary_oracle_edge_taker.rs,string,"""realized_volatility_surface_id""","""realized_volatility_surface_id"",",strategy_runtime_schema_field,This is the taker strategy runtime config schema field name that selects the TOML-owned realized-volatility surface; the value is copied from bolt-v3 TOML.
1275,yes,POLICY_TERM_CONFIG_OR_STRUCTURAL,src/bolt_v3_decision_evidence.rs,string,"""upper_quantile""","RealizedVolAggregation::UpperQuantile { .. } => ""upper_quantile"",",realized_volatility_evidence_label,Stable realized-volatility aggregation evidence label emitted with strategy input evidence; it records engine provenance and does not configure trading behavior.
1276,no,POLICY_TERM_CONFIG_OR_STRUCTURAL,src/bolt_v3_decision_evidence.rs,string,"""median""","RealizedVolAggregation::Median => ""median"",",realized_volatility_evidence_label,Stable realized-volatility aggregation evidence label emitted with strategy input evidence; it records engine provenance and does not configure trading behavior.
1277,no,POLICY_TERM_CONFIG_OR_STRUCTURAL,src/bolt_v3_decision_evidence.rs,string,"""trimmed_mean""","RealizedVolAggregation::TrimmedMean { .. } => ""trimmed_mean"",",realized_volatility_evidence_label,Stable realized-volatility aggregation evidence label emitted with strategy input evidence; it records engine provenance and does not configure trading behavior.
1278,no,POLICY_TERM_CONFIG_OR_STRUCTURAL,src/bolt_v3_decision_evidence.rs,string,"""median_with_upper_quantile_guard""","""median_with_upper_quantile_guard""",realized_volatility_evidence_label,Stable realized-volatility aggregation evidence label emitted with strategy input evidence; it records engine provenance and does not configure trading behavior.
1279,no,NO_POLICY_TERM,src/bolt_v3_decision_evidence.rs,string,"""invalid_config""","RealizedVolBlockReason::InvalidConfig => ""invalid_config"",",realized_volatility_evidence_label,Stable realized-volatility blocker evidence label emitted from engine diagnostics; it records fail-closed provenance and does not configure trading behavior.
1280,no,NO_POLICY_TERM,src/bolt_v3_decision_evidence.rs,string,"""quorum_not_ready""","RealizedVolBlockReason::QuorumNotReady => ""quorum_not_ready"",",realized_volatility_evidence_label,Stable realized-volatility blocker evidence label emitted from engine diagnostics; it records fail-closed provenance and does not configure trading behavior.
1281,no,POLICY_TERM_CONFIG_OR_STRUCTURAL,src/bolt_v3_decision_evidence.rs,string,"""source_stale""","RealizedVolBlockReason::SourceStale => ""source_stale"",",realized_volatility_evidence_label,Stable realized-volatility blocker evidence label emitted from engine diagnostics; it records fail-closed provenance and does not configure trading behavior.
1282,no,POLICY_TERM_CONFIG_OR_STRUCTURAL,src/bolt_v3_decision_evidence.rs,string,"""coverage_below_minimum""","RealizedVolBlockReason::CoverageBelowMinimum => ""coverage_below_minimum"",",realized_volatility_evidence_label,Stable realized-volatility blocker evidence label emitted from engine diagnostics; it records fail-closed provenance and does not configure trading behavior.
1283,no,NO_POLICY_TERM,src/bolt_v3_decision_evidence.rs,string,"""inter_sample_gap_exceeded""","RealizedVolBlockReason::InterSampleGapExceeded => ""inter_sample_gap_exceeded"",",realized_volatility_evidence_label,Stable realized-volatility blocker evidence label emitted from engine diagnostics; it records fail-closed provenance and does not configure trading behavior.
1284,no,NO_POLICY_TERM,src/bolt_v3_decision_evidence.rs,string,"""source_class_mismatch""","RealizedVolBlockReason::SourceClassMismatch => ""source_class_mismatch"",",realized_volatility_evidence_label,Stable realized-volatility blocker evidence label emitted from engine diagnostics; it records fail-closed provenance and does not configure trading behavior.
1285,no,NO_POLICY_TERM,src/bolt_v3_decision_evidence.rs,string,"""sample_kind_mismatch""","RealizedVolBlockReason::SampleKindMismatch => ""sample_kind_mismatch"",",realized_volatility_evidence_label,Stable realized-volatility blocker evidence label emitted from engine diagnostics; it records fail-closed provenance and does not configure trading behavior.
1286,no,NO_POLICY_TERM,src/bolt_v3_decision_evidence.rs,string,"""cross_source_dispersion""","RealizedVolBlockReason::CrossSourceDispersion => ""cross_source_dispersion"",",realized_volatility_evidence_label,Stable realized-volatility blocker evidence label emitted from engine diagnostics; it records fail-closed provenance and does not configure trading behavior.
1287,no,NO_POLICY_TERM,src/bolt_v3_decision_evidence.rs,string,"""annualization_basis_invalid""","RealizedVolBlockReason::AnnualizationBasisInvalid => ""annualization_basis_invalid"",",realized_volatility_evidence_label,Stable realized-volatility blocker evidence label emitted from engine diagnostics; it records fail-closed provenance and does not configure trading behavior.
1288,no,NO_POLICY_TERM,src/bolt_v3_decision_evidence.rs,string,"""not_warm""","RealizedVolBlockReason::NotWarm => ""not_warm"",",realized_volatility_evidence_label,Stable realized-volatility blocker evidence label emitted from engine diagnostics; it records fail-closed provenance and does not configure trading behavior.
1289,no,POLICY_TERM_CONFIG_OR_STRUCTURAL,src/bolt_v3_decision_evidence.rs,string,"""measured""","RealizedVolPricingComponent::Measured => ""measured"",",realized_volatility_evidence_label,Stable realized-volatility pricing-component evidence label emitted with strategy input evidence; it records which audited RV component pricing consumed and does not configure trading behavior.
1290,no,POLICY_TERM_CONFIG_OR_STRUCTURAL,src/bolt_v3_decision_evidence.rs,string,"""noise_robust""","RealizedVolPricingComponent::NoiseRobust => ""noise_robust"",",realized_volatility_evidence_label,Stable realized-volatility pricing-component evidence label emitted with strategy input evidence; it records which audited RV component pricing consumed and does not configure trading behavior.
1291,no,POLICY_TERM_CONFIG_OR_STRUCTURAL,src/bolt_v3_decision_evidence.rs,string,"""continuous""","RealizedVolPricingComponent::Continuous => ""continuous"",",realized_volatility_evidence_label,Stable realized-volatility pricing-component evidence label emitted with strategy input evidence; it records which audited RV component pricing consumed and does not configure trading behavior.
1292,no,POLICY_TERM_CONFIG_OR_STRUCTURAL,src/bolt_v3_decision_evidence.rs,string,"""forecast""","RealizedVolPricingComponent::Forecast => ""forecast"",",realized_volatility_evidence_label,Stable realized-volatility pricing-component evidence label emitted with strategy input evidence; it records which audited RV component pricing consumed and does not configure trading behavior.
1293,no,POLICY_TERM_CONFIG_OR_STRUCTURAL,src/bolt_v3_decision_evidence.rs,string,"""spot_quote""","RealizedVolSourceClass::SpotQuote => ""spot_quote"",",realized_volatility_evidence_label,Stable realized-volatility source-class evidence label emitted from source diagnostics; it records provenance and does not configure trading behavior.
1294,no,NO_POLICY_TERM,src/bolt_v3_decision_evidence.rs,string,"""trade""","RealizedVolSourceClass::Trade => ""trade"",",realized_volatility_evidence_label,Stable realized-volatility source-class evidence label emitted from source diagnostics; it records provenance and does not configure trading behavior.
1295,no,NO_POLICY_TERM,src/bolt_v3_decision_evidence.rs,string,"""mark""","RealizedVolSourceClass::Mark => ""mark"",",realized_volatility_evidence_label,Stable realized-volatility source-class evidence label emitted from source diagnostics; it records provenance and does not configure trading behavior.
1296,no,NO_POLICY_TERM,src/bolt_v3_decision_evidence.rs,string,"""index""","RealizedVolSourceClass::Index => ""index"",",realized_volatility_evidence_label,Stable realized-volatility source-class evidence label emitted from source diagnostics; it records provenance and does not configure trading behavior.
1297,no,NO_POLICY_TERM,src/bolt_v3_decision_evidence.rs,string,"""midpoint""","RealizedVolSampleKind::Midpoint => ""midpoint"",",realized_volatility_evidence_label,Stable realized-volatility sample-kind evidence label emitted from source diagnostics; it records provenance and does not configure trading behavior.
1298,no,NO_POLICY_TERM,src/bolt_v3_decision_evidence.rs,string,"""trade""","RealizedVolSampleKind::Trade => ""trade"",",realized_volatility_evidence_label,Stable realized-volatility sample-kind evidence label emitted from source diagnostics; it records provenance and does not configure trading behavior.
1299,no,NO_POLICY_TERM,src/bolt_v3_decision_evidence.rs,string,"""mark""","RealizedVolSampleKind::Mark => ""mark"",",realized_volatility_evidence_label,Stable realized-volatility sample-kind evidence label emitted from source diagnostics; it records provenance and does not configure trading behavior.
1300,no,NO_POLICY_TERM,src/bolt_v3_decision_evidence.rs,string,"""index""","RealizedVolSampleKind::Index => ""index"",",realized_volatility_evidence_label,Stable realized-volatility sample-kind evidence label emitted from source diagnostics; it records provenance and does not configure trading behavior.
1301,no,NO_POLICY_TERM,src/bolt_v3_decision_evidence.rs,string,"""ready""","RealizedVolSourceStatus::Ready => ""ready"",",realized_volatility_evidence_label,Stable realized-volatility source-status evidence label emitted from source diagnostics; it records readiness provenance and does not configure trading behavior.
1302,no,NO_POLICY_TERM,src/bolt_v3_decision_evidence.rs,string,"""blocked""","RealizedVolSourceStatus::Blocked => ""blocked"",",realized_volatility_evidence_label,Stable realized-volatility source-status evidence label emitted from source diagnostics; it records per-source readiness provenance and does not configure trading behavior.
1303,no,POLICY_TERM_CONFIG_OR_STRUCTURAL,src/bolt_v3_decision_evidence.rs,string,"""diagnostic_only""","RealizedVolSourceStatus::DiagnosticOnly => ""diagnostic_only"",",realized_volatility_evidence_label,Stable realized-volatility source-status evidence label emitted from source diagnostics for disabled or non-quorum sources; it records provenance and does not configure trading behavior.
1304,no,NO_POLICY_TERM,src/bolt_v3_decision_evidence.rs,string,"""waiting""","RealizedVolSourceStatus::Waiting => ""waiting"",",realized_volatility_evidence_label,Stable realized-volatility source-status evidence label emitted from source diagnostics; it records readiness provenance and does not configure trading behavior.
1305,no,POLICY_TERM_CONFIG_OR_STRUCTURAL,src/bolt_v3_decision_evidence.rs,string,"""disabled_source""","RealizedVolSourceRejectReason::DisabledSource => ""disabled_source"",",realized_volatility_evidence_label,Stable realized-volatility rejection-reason evidence label emitted from source diagnostics; it records fail-closed provenance and does not configure trading behavior.
1306,no,NO_POLICY_TERM,src/bolt_v3_decision_evidence.rs,string,"""invalid_price""","RealizedVolSourceRejectReason::InvalidPrice => ""invalid_price"",",realized_volatility_evidence_label,Stable realized-volatility rejection-reason evidence label emitted from source diagnostics; it records fail-closed provenance and does not configure trading behavior.
1307,no,NO_POLICY_TERM,src/bolt_v3_decision_evidence.rs,string,"""source_class_mismatch""","RealizedVolSourceRejectReason::SourceClassMismatch => ""source_class_mismatch"",",realized_volatility_evidence_label,Stable realized-volatility rejection-reason evidence label emitted from source diagnostics; it records fail-closed provenance and does not configure trading behavior.
1308,no,NO_POLICY_TERM,src/bolt_v3_decision_evidence.rs,string,"""sample_kind_mismatch""","RealizedVolSourceRejectReason::SampleKindMismatch => ""sample_kind_mismatch"",",realized_volatility_evidence_label,Stable realized-volatility rejection-reason evidence label emitted from source diagnostics; it records fail-closed provenance and does not configure trading behavior.
1309,no,NO_POLICY_TERM,src/bolt_v3_decision_evidence.rs,string,"""event_time_regression""","RealizedVolSourceRejectReason::EventTimeRegression => ""event_time_regression"",",realized_volatility_evidence_label,Stable realized-volatility rejection-reason evidence label emitted from source diagnostics; it records fail-closed provenance and does not configure trading behavior.
1310,no,NO_POLICY_TERM,src/bolt_v3_decision_evidence.rs,string,"""duplicate_timestamp""","RealizedVolSourceRejectReason::DuplicateTimestamp => ""duplicate_timestamp"",",realized_volatility_evidence_label,Stable realized-volatility rejection-reason evidence label emitted from source diagnostics; it records fail-closed provenance and does not configure trading behavior.
1311,no,POLICY_TERM_CONFIG_OR_STRUCTURAL,src/bolt_v3_decision_evidence.rs,string,"""stale_same_event_update""","RealizedVolSourceRejectReason::StaleSameEventUpdate => ""stale_same_event_update"",",realized_volatility_evidence_label,Stable realized-volatility rejection-reason evidence label emitted from source diagnostics; it records fail-closed provenance and does not configure trading behavior.
1312,no,NO_POLICY_TERM,src/bolt_v3_decision_evidence.rs,string,"""receive_before_event""","RealizedVolSourceRejectReason::ReceiveBeforeEvent => ""receive_before_event"",",realized_volatility_evidence_label,Stable realized-volatility rejection-reason evidence label emitted from source diagnostics; it records fail-closed provenance and does not configure trading behavior.
1313,no,NO_POLICY_TERM,src/bolt_v3_decision_evidence.rs,string,"""event_receive_lag_exceeded""","RealizedVolSourceRejectReason::EventReceiveLagExceeded => ""event_receive_lag_exceeded"",",realized_volatility_evidence_label,Stable realized-volatility rejection-reason evidence label emitted from source diagnostics; it records fail-closed provenance and does not configure trading behavior.
1314,yes,POLICY_TERM_CONFIG_OR_STRUCTURAL,src/bolt_v3_decision_evidence.rs,string,"""buy""","const SUBMIT_RESERVATION_METADATA_SIDE_BUY: &str = ""buy"";",submit_reservation_metadata_label,Stable side buy metadata string label used to annotate submitted orders in prediction markets; not an operator runtime value.
1315,no,POLICY_TERM_CONFIG_OR_STRUCTURAL,src/bolt_v3_decision_evidence.rs,string,"""prediction_market_binary""","const SUBMIT_RESERVATION_METADATA_PRODUCT_KIND_BINARY: &str = ""prediction_market_binary"";",submit_reservation_metadata_label,Stable product kind metadata string label used to annotate submitted orders in prediction markets; not an operator runtime value.
1316,no,POLICY_TERM_CONFIG_OR_STRUCTURAL,src/bolt_v3_decision_evidence.rs,string,"""sell""","const SUBMIT_RESERVATION_METADATA_SIDE_SELL: &str = ""sell"";",submit_reservation_metadata_label,Stable side sell metadata string label used to annotate submitted orders in prediction markets; not an operator runtime value.
1317,yes,NO_POLICY_TERM,src/bolt_v3_realized_volatility.rs,number,1,const COUNTER_INCREMENT_U64: u64 = 1;,realized_volatility_counter_step,Increment-by-one step for an internal realized-volatility rejection counter; not an operator runtime value.
1318,yes,POLICY_TERM_CONFIG_OR_STRUCTURAL,src/bolt_v3_realized_volatility.rs,number,2,.windows(2),realized_volatility_two_sample_arity,"Two-sample arity or adjacent-pair index used to compute inter-sample gaps, log returns, and dispersion prerequisites; not an operator runtime value."
1319,no,NO_POLICY_TERM,src/bolt_v3_realized_volatility.rs,number,1,.map(|pair| pair[1].0.saturating_sub(pair[0].0)),realized_volatility_two_sample_arity,"Two-sample arity or adjacent-pair index used to compute inter-sample gaps, log returns, and dispersion prerequisites; not an operator runtime value."
1320,no,NO_POLICY_TERM,src/bolt_v3_realized_volatility.rs,number,0,.map(|pair| pair[1].0.saturating_sub(pair[0].0)),realized_volatility_two_sample_arity,"Two-sample arity or adjacent-pair index used to compute inter-sample gaps, log returns, and dispersion prerequisites; not an operator runtime value."
1321,yes,POLICY_TERM_CONFIG_OR_STRUCTURAL,src/bolt_v3_realized_volatility.rs,number,0,let mut index = 0;,realized_volatility_scan_index_initial_value,Initial zero cursor for scanning ordered source observations into the fixed RV grid; not an operator runtime value.
1322,no,NO_POLICY_TERM,src/bolt_v3_realized_volatility.rs,number,1,index += 1;,realized_volatility_counter_step,Increment-by-one step for an internal realized-volatility counter or scan cursor; not an operator runtime value.
1323,no,NO_POLICY_TERM,src/bolt_v3_realized_volatility.rs,number,2,if grid.len() < 2 {,realized_volatility_two_sample_arity,"Two-sample arity or adjacent-pair index used to compute inter-sample gaps, log returns, and dispersion prerequisites; not an operator runtime value."
1324,yes,POLICY_TERM_CONFIG_OR_STRUCTURAL,src/bolt_v3_realized_volatility.rs,number,0,let mut elapsed_ms = 0;,realized_volatility_accumulator_initial_value,Initial zero accumulator for elapsed milliseconds while summing fixed-grid log returns; not an operator runtime value.
1325,no,POLICY_TERM_CONFIG_OR_STRUCTURAL,src/bolt_v3_realized_volatility.rs,number,2,for pair in grid.windows(2) {,realized_volatility_two_sample_arity,"Two-sample arity or adjacent-pair index used to compute inter-sample gaps, log returns, and dispersion prerequisites; not an operator runtime value."
1326,no,NO_POLICY_TERM,src/bolt_v3_realized_volatility.rs,number,1,let dt = pair[1].0.saturating_sub(pair[0].0);,realized_volatility_two_sample_arity,"Two-sample arity or adjacent-pair index used to compute inter-sample gaps, log returns, and dispersion prerequisites; not an operator runtime value."
1327,no,NO_POLICY_TERM,src/bolt_v3_realized_volatility.rs,number,0,let dt = pair[1].0.saturating_sub(pair[0].0);,realized_volatility_two_sample_arity,"Two-sample arity or adjacent-pair index used to compute inter-sample gaps, log returns, and dispersion prerequisites; not an operator runtime value."
1328,no,NO_POLICY_TERM,src/bolt_v3_realized_volatility.rs,number,1,let log_return = (pair[1].1 / pair[0].1).ln();,realized_volatility_two_sample_arity,"Two-sample arity or adjacent-pair index used to compute inter-sample gaps, log returns, and dispersion prerequisites; not an operator runtime value."
1329,no,NO_POLICY_TERM,src/bolt_v3_realized_volatility.rs,number,0,let log_return = (pair[1].1 / pair[0].1).ln();,realized_volatility_two_sample_arity,"Two-sample arity or adjacent-pair index used to compute inter-sample gaps, log returns, and dispersion prerequisites; not an operator runtime value."
1330,yes,NO_POLICY_TERM,src/bolt_v3_realized_volatility.rs,number,1,.saturating_sub(1),realized_volatility_vector_index_bound,Zero-based vector index bound used for quantile and dispersion calculations over already computed RV values; not an operator runtime value.
1331,no,POLICY_TERM_CONFIG_OR_STRUCTURAL,src/bolt_v3_realized_volatility.rs,number,1,.min(sorted.len().saturating_sub(1));,realized_volatility_vector_index_bound,Zero-based vector index bound used for quantile and dispersion calculations over already computed RV values; not an operator runtime value.
1332,no,NO_POLICY_TERM,src/bolt_v3_realized_volatility.rs,number,2,if values.len() < 2 {,realized_volatility_two_sample_arity,"Two-sample arity or adjacent-pair index used to compute inter-sample gaps, log returns, and dispersion prerequisites; not an operator runtime value."
1333,no,NO_POLICY_TERM,src/bolt_v3_realized_volatility.rs,number,1,let range = sorted[sorted.len() - 1] - sorted[0];,realized_volatility_vector_index_bound,Zero-based vector index bound used for quantile and dispersion calculations over already computed RV values; not an operator runtime value.
1334,no,NO_POLICY_TERM,src/bolt_v3_realized_volatility.rs,number,0,let range = sorted[sorted.len() - 1] - sorted[0];,realized_volatility_vector_index_bound,Zero-based vector index bound used for quantile and dispersion calculations over already computed RV values; not an operator runtime value.
1335,yes,NO_POLICY_TERM,src/bolt_v3_realized_volatility.rs,string,"""sampling_interval_ms={}""","""sampling_interval_ms={}"",",realized_volatility_config_fingerprint_field_label,Stable canonical field label used only inside the realized-volatility config fingerprint payload; the value comes from TOML and this label does not configure runtime behavior.
1336,no,POLICY_TERM_CONFIG_OR_STRUCTURAL,src/bolt_v3_realized_volatility.rs,string,"""min_ready_sources={}""","""min_ready_sources={}"",",realized_volatility_config_fingerprint_field_label,Stable canonical field label used only inside the realized-volatility config fingerprint payload; the value comes from TOML and this label does not configure runtime behavior.
1337,no,POLICY_TERM_CONFIG_OR_STRUCTURAL,src/bolt_v3_realized_volatility.rs,string,"""max_source_age_ms={}""","""max_source_age_ms={}"",",realized_volatility_config_fingerprint_field_label,Stable canonical field label used only inside the realized-volatility config fingerprint payload; the value comes from TOML and this label does not configure runtime behavior.
1338,no,POLICY_TERM_CONFIG_OR_STRUCTURAL,src/bolt_v3_realized_volatility.rs,string,"""max_event_receive_lag_ms={}""","""max_event_receive_lag_ms={}"",",realized_volatility_config_fingerprint_field_label,Stable canonical field label used only inside the realized-volatility config fingerprint payload; the value comes from TOML and this label does not configure runtime behavior.
1339,no,POLICY_TERM_CONFIG_OR_STRUCTURAL,src/bolt_v3_realized_volatility.rs,string,"""max_inter_sample_gap_ms={}""","""max_inter_sample_gap_ms={}"",",realized_volatility_config_fingerprint_field_label,Stable canonical field label used only inside the realized-volatility config fingerprint payload; the value comes from TOML and this label does not configure runtime behavior.
1340,no,POLICY_TERM_CONFIG_OR_STRUCTURAL,src/bolt_v3_realized_volatility.rs,string,"""min_coverage_ratio={}""","""min_coverage_ratio={}"",",realized_volatility_config_fingerprint_field_label,Stable canonical field label used only inside the realized-volatility config fingerprint payload; the value comes from TOML and this label does not configure runtime behavior.
1341,no,POLICY_TERM_CONFIG_OR_STRUCTURAL,src/bolt_v3_realized_volatility.rs,string,"""max_cross_source_dispersion={}""","""max_cross_source_dispersion={}"",",realized_volatility_config_fingerprint_field_label,Stable canonical field label used only inside the realized-volatility config fingerprint payload; the value comes from TOML and this label does not configure runtime behavior.
1342,no,NO_POLICY_TERM,src/bolt_v3_realized_volatility.rs,string,"""seconds_per_annum={}""","""seconds_per_annum={}"",",realized_volatility_config_fingerprint_field_label,Stable canonical field label used only inside the realized-volatility config fingerprint payload; the value comes from TOML and this label does not configure runtime behavior.
1343,no,NO_POLICY_TERM,src/bolt_v3_realized_volatility.rs,string,"""aggregation.quantile={}""","""aggregation.quantile={}"",",realized_volatility_config_fingerprint_field_label,Stable canonical field label used only inside the realized-volatility config fingerprint payload; the value comes from TOML and this label does not configure runtime behavior.
1344,no,NO_POLICY_TERM,src/bolt_v3_realized_volatility.rs,string,"""aggregation.trim_fraction={}""","""aggregation.trim_fraction={}"",",realized_volatility_config_fingerprint_field_label,Stable canonical field label used only inside the realized-volatility config fingerprint payload; the value comes from TOML and this label does not configure runtime behavior.
1345,no,NO_POLICY_TERM,src/bolt_v3_realized_volatility.rs,string,"""aggregation.upper_quantile={}""","""aggregation.upper_quantile={}"",",realized_volatility_config_fingerprint_field_label,Stable canonical field label used only inside the realized-volatility config fingerprint payload; the value comes from TOML and this label does not configure runtime behavior.
1346,no,POLICY_TERM_CONFIG_OR_STRUCTURAL,src/bolt_v3_realized_volatility.rs,string,"""aggregation.guard_weight={}""","""aggregation.guard_weight={}"",",realized_volatility_config_fingerprint_field_label,Stable canonical field label used only inside the realized-volatility config fingerprint payload; the value comes from TOML and this label does not configure runtime behavior.
1347,no,NO_POLICY_TERM,src/bolt_v3_realized_volatility.rs,string,"""aggregation=median_with_upper_quantile_guard""","""aggregation=median_with_upper_quantile_guard""",realized_volatility_config_fingerprint_field_label,Stable canonical field label used only inside the realized-volatility config fingerprint payload; the value comes from TOML and this label does not configure runtime behavior.
1348,no,NO_POLICY_TERM,src/bolt_v3_realized_volatility.rs,string,"""source.data_client_id={}""","""source.data_client_id={}"",",realized_volatility_config_fingerprint_field_label,Stable canonical source field label used only inside the realized-volatility config fingerprint payload; the value comes from TOML and this label does not configure runtime behavior.
1349,no,NO_POLICY_TERM,src/bolt_v3_realized_volatility.rs,string,"""source.instrument_id={}""","""source.instrument_id={}"",",realized_volatility_config_fingerprint_field_label,Stable canonical source field label used only inside the realized-volatility config fingerprint payload; the value comes from TOML and this label does not configure runtime behavior.
1350,no,NO_POLICY_TERM,src/bolt_v3_realized_volatility.rs,string,"""source.source_class={}""","""source.source_class={}"",",realized_volatility_config_fingerprint_field_label,Stable canonical source field label used only inside the realized-volatility config fingerprint payload; the value comes from TOML and this label does not configure runtime behavior.
1351,no,NO_POLICY_TERM,src/bolt_v3_realized_volatility.rs,string,"""source.sample_kind={}""","""source.sample_kind={}"",",realized_volatility_config_fingerprint_field_label,Stable canonical source field label used only inside the realized-volatility config fingerprint payload; the value comes from TOML and this label does not configure runtime behavior.
1352,no,NO_POLICY_TERM,src/bolt_v3_realized_volatility.rs,string,"""source.counts_toward_quorum={}""","""source.counts_toward_quorum={}"",",realized_volatility_config_fingerprint_field_label,Stable canonical source field label used only inside the realized-volatility config fingerprint payload; the value comes from TOML and this label does not configure runtime behavior.
1353,no,NO_POLICY_TERM,src/bolt_v3_realized_volatility.rs,string,"""source.canonical_base_asset={}""","""source.canonical_base_asset={}"",",realized_volatility_config_fingerprint_field_label,Stable canonical source field label used only inside the realized-volatility config fingerprint payload; the value comes from TOML and this label does not configure runtime behavior.
1354,no,POLICY_TERM_CONFIG_OR_STRUCTURAL,src/bolt_v3_realized_volatility.rs,string,"""source.canonical_quote_asset={}""","""source.canonical_quote_asset={}"",",realized_volatility_config_fingerprint_field_label,Stable canonical source field label used only inside the realized-volatility config fingerprint payload; the value comes from TOML and this label does not configure runtime behavior.
1355,yes,POLICY_TERM_CONFIG_OR_STRUCTURAL,src/bolt_v3_realized_volatility.rs,string,"""spot_quote""","RealizedVolSourceClass::SpotQuote => ""spot_quote"",",realized_volatility_config_fingerprint_enum_label,Stable source-class enum label used only inside the realized-volatility config fingerprint payload; it records configuration identity and does not configure runtime behavior.
1356,no,NO_POLICY_TERM,src/bolt_v3_realized_volatility.rs,string,"""trade""","RealizedVolSourceClass::Trade => ""trade"",",realized_volatility_config_fingerprint_enum_label,Stable source-class enum label used only inside the realized-volatility config fingerprint payload; it records configuration identity and does not configure runtime behavior.
1357,no,NO_POLICY_TERM,src/bolt_v3_realized_volatility.rs,string,"""mark""","RealizedVolSourceClass::Mark => ""mark"",",realized_volatility_config_fingerprint_enum_label,Stable source-class enum label used only inside the realized-volatility config fingerprint payload; it records configuration identity and does not configure runtime behavior.
1358,no,NO_POLICY_TERM,src/bolt_v3_realized_volatility.rs,string,"""index""","RealizedVolSourceClass::Index => ""index"",",realized_volatility_config_fingerprint_enum_label,Stable source-class enum label used only inside the realized-volatility config fingerprint payload; it records configuration identity and does not configure runtime behavior.
1359,no,NO_POLICY_TERM,src/bolt_v3_realized_volatility.rs,string,"""midpoint""","RealizedVolSampleKind::Midpoint => ""midpoint"",",realized_volatility_config_fingerprint_enum_label,Stable sample-kind enum label used only inside the realized-volatility config fingerprint payload; it records configuration identity and does not configure runtime behavior.
1360,no,NO_POLICY_TERM,src/bolt_v3_realized_volatility.rs,string,"""trade""","RealizedVolSampleKind::Trade => ""trade"",",realized_volatility_config_fingerprint_enum_label,Stable sample-kind enum label used only inside the realized-volatility config fingerprint payload; it records configuration identity and does not configure runtime behavior.
1361,no,NO_POLICY_TERM,src/bolt_v3_realized_volatility.rs,string,"""mark""","RealizedVolSampleKind::Mark => ""mark"",",realized_volatility_config_fingerprint_enum_label,Stable sample-kind enum label used only inside the realized-volatility config fingerprint payload; it records configuration identity and does not configure runtime behavior.
1362,no,NO_POLICY_TERM,src/bolt_v3_realized_volatility.rs,string,"""index""","RealizedVolSampleKind::Index => ""index"",",realized_volatility_config_fingerprint_enum_label,Stable sample-kind enum label used only inside the realized-volatility config fingerprint payload; it records configuration identity and does not configure runtime behavior.
1363,yes,POLICY_TERM_CONFIG_OR_STRUCTURAL,src/bolt_v3_validate.rs,number,0usize,let mut enabled_quorum_sources = 0usize;,realized_volatility_validation_counter,Internal enabled-source quorum counter initialization/increment used while validating TOML-owned RV source bindings; not an operator runtime value.
1364,yes,NO_POLICY_TERM,src/bolt_v3_validate.rs,string,"""{source_context}.source_id duplicate source_id `{}`""","""{source_context}.source_id duplicate source_id `{}`"",",realized_volatility_config_diagnostic_template,Fail-closed realized-volatility config validation diagnostic; the referenced values come from bolt-v3 TOML and validation state.
1365,no,POLICY_TERM_CONFIG_OR_STRUCTURAL,src/bolt_v3_validate.rs,number,1,enabled_quorum_sources += 1;,realized_volatility_validation_counter,Internal enabled-source quorum counter initialization/increment used while validating TOML-owned RV source bindings; not an operator runtime value.
1366,no,POLICY_TERM_CONFIG_OR_STRUCTURAL,src/bolt_v3_validate.rs,string,"""{context}.policy.min_ready_sources {} exceeds enabled quorum source count {}""","""{context}.policy.min_ready_sources {} exceeds enabled quorum source count {}"",",realized_volatility_config_diagnostic_template,Fail-closed realized-volatility config validation diagnostic; the referenced values come from bolt-v3 TOML and validation state.
1367,no,POLICY_TERM_CONFIG_OR_STRUCTURAL,src/bolt_v3_realized_volatility.rs,number,0usize,let mut enabled_quorum_sources = 0usize;,realized_volatility_validation_counter,Internal enabled-source quorum counter initialization used while validating TOML-owned RV engine config; not an operator runtime value.
1368,no,POLICY_TERM_CONFIG_OR_STRUCTURAL,src/bolt_v3_realized_volatility.rs,number,1,enabled_quorum_sources += 1;,realized_volatility_validation_counter,Internal enabled-source quorum counter increment used while validating TOML-owned RV engine config; not an operator runtime value.
1369,no,POLICY_TERM_CONFIG_OR_STRUCTURAL,src/bolt_v3_realized_volatility.rs,string,"""min_ready_sources exceeds enabled quorum source count""","return Err(""min_ready_sources exceeds enabled quorum source count"".to_string());",realized_volatility_config_diagnostic_template,Fail-closed realized-volatility engine config validation diagnostic; the threshold and eligible source count come from TOML-owned RV config.
1370,no,NO_POLICY_TERM,src/bolt_v3_realized_volatility.rs,string,"""estimator.pricing_component={}""","""estimator.pricing_component={}"",",realized_volatility_config_fingerprint_field_label,Stable canonical estimator field label used only inside the realized-volatility config fingerprint payload; the value comes from TOML and this label does not configure runtime behavior.
1371,no,POLICY_TERM_CONFIG_OR_STRUCTURAL,src/bolt_v3_realized_volatility.rs,string,"""estimator.horizon_policy.primary_horizon_id={primary_horizon_id}""","""estimator.horizon_policy.primary_horizon_id={primary_horizon_id}""",realized_volatility_config_fingerprint_field_label,Stable canonical estimator field label used only inside the realized-volatility config fingerprint payload; the value comes from TOML and this label does not configure runtime behavior.
1372,no,POLICY_TERM_CONFIG_OR_STRUCTURAL,src/bolt_v3_realized_volatility.rs,string,"""estimator.horizon_policy.floor_horizon_id={floor_horizon_id}""","""estimator.horizon_policy.floor_horizon_id={floor_horizon_id}""",realized_volatility_config_fingerprint_field_label,Stable canonical estimator field label used only inside the realized-volatility config fingerprint payload; the value comes from TOML and this label does not configure runtime behavior.
1373,no,POLICY_TERM_CONFIG_OR_STRUCTURAL,src/bolt_v3_realized_volatility.rs,string,"""estimator.horizon_policy.floor_multiplier={}""","""estimator.horizon_policy.floor_multiplier={}"",",realized_volatility_config_fingerprint_field_label,Stable canonical estimator field label used only inside the realized-volatility config fingerprint payload; the value comes from TOML and this label does not configure runtime behavior.
1374,no,POLICY_TERM_CONFIG_OR_STRUCTURAL,src/bolt_v3_realized_volatility.rs,string,"""estimator.horizon_policy.short_horizon_id={short_horizon_id}""","""estimator.horizon_policy.short_horizon_id={short_horizon_id}""",realized_volatility_config_fingerprint_field_label,Stable canonical estimator field label used only inside the realized-volatility config fingerprint payload; the value comes from TOML and this label does not configure runtime behavior.
1375,no,POLICY_TERM_CONFIG_OR_STRUCTURAL,src/bolt_v3_realized_volatility.rs,string,"""estimator.horizon_policy.long_horizon_id={long_horizon_id}""","""estimator.horizon_policy.long_horizon_id={long_horizon_id}""",realized_volatility_config_fingerprint_field_label,Stable canonical estimator field label used only inside the realized-volatility config fingerprint payload; the value comes from TOML and this label does not configure runtime behavior.
1376,no,POLICY_TERM_CONFIG_OR_STRUCTURAL,src/bolt_v3_realized_volatility.rs,string,"""estimator.horizon.window_ms={}""","""estimator.horizon.window_ms={}"",",realized_volatility_config_fingerprint_field_label,Stable canonical estimator field label used only inside the realized-volatility config fingerprint payload; the value comes from TOML and this label does not configure runtime behavior.
1377,no,NO_POLICY_TERM,src/bolt_v3_realized_volatility.rs,string,"""estimator.horizon.sampling_interval_ms={}""","""estimator.horizon.sampling_interval_ms={}"",",realized_volatility_config_fingerprint_field_label,Stable canonical estimator field label used only inside the realized-volatility config fingerprint payload; the value comes from TOML and this label does not configure runtime behavior.
1378,no,POLICY_TERM_CONFIG_OR_STRUCTURAL,src/bolt_v3_realized_volatility.rs,string,"""estimator.horizon.weight={}""","""estimator.horizon.weight={}"",",realized_volatility_config_fingerprint_field_label,Stable canonical estimator field label used only inside the realized-volatility config fingerprint payload; the value comes from TOML and this label does not configure runtime behavior.
1379,no,NO_POLICY_TERM,src/bolt_v3_realized_volatility.rs,string,"""estimator.horizon.role={}""","""estimator.horizon.role={}"",",realized_volatility_config_fingerprint_field_label,Stable canonical estimator field label used only inside the realized-volatility config fingerprint payload; the value comes from TOML and this label does not configure runtime behavior.
1380,no,NO_POLICY_TERM,src/bolt_v3_realized_volatility.rs,string,"""estimator.noise.coarse_sampling_interval_ms={coarse_sampling_interval_ms}""","""estimator.noise.coarse_sampling_interval_ms={coarse_sampling_interval_ms}""",realized_volatility_config_fingerprint_field_label,Stable canonical estimator field label used only inside the realized-volatility config fingerprint payload; the value comes from TOML and this label does not configure runtime behavior.
1381,no,POLICY_TERM_CONFIG_OR_STRUCTURAL,src/bolt_v3_realized_volatility.rs,string,"""estimator.noise.coarser_grid_policy={}""","""estimator.noise.coarser_grid_policy={}"",",realized_volatility_config_fingerprint_field_label,Stable canonical estimator field label used only inside the realized-volatility config fingerprint payload; the value comes from TOML and this label does not configure runtime behavior.
1382,no,POLICY_TERM_CONFIG_OR_STRUCTURAL,src/bolt_v3_realized_volatility.rs,string,"""estimator.noise.min_ready_subsamples={min_ready_subsamples}""","""estimator.noise.min_ready_subsamples={min_ready_subsamples}""",realized_volatility_config_fingerprint_field_label,Stable canonical estimator field label used only inside the realized-volatility config fingerprint payload; the value comes from TOML and this label does not configure runtime behavior.
1383,no,POLICY_TERM_CONFIG_OR_STRUCTURAL,src/bolt_v3_realized_volatility.rs,string,"""estimator.jump.policy={}""","""estimator.jump.policy={}"",",realized_volatility_config_fingerprint_field_label,Stable canonical estimator field label used only inside the realized-volatility config fingerprint payload; the value comes from TOML and this label does not configure runtime behavior.
1384,no,NO_POLICY_TERM,src/bolt_v3_realized_volatility.rs,string,"""estimator.forecast.alpha={}""","""estimator.forecast.alpha={}"",",realized_volatility_config_fingerprint_field_label,Stable canonical estimator field label used only inside the realized-volatility config fingerprint payload; the value comes from TOML and this label does not configure runtime behavior.
1385,no,NO_POLICY_TERM,src/bolt_v3_realized_volatility.rs,string,"""estimator.forecast.intercept={}""","""estimator.forecast.intercept={}"",",realized_volatility_config_fingerprint_field_label,Stable canonical estimator field label used only inside the realized-volatility config fingerprint payload; the value comes from TOML and this label does not configure runtime behavior.
1386,no,POLICY_TERM_CONFIG_OR_STRUCTURAL,src/bolt_v3_realized_volatility.rs,string,"""estimator.forecast.short_weight={}""","""estimator.forecast.short_weight={}"",",realized_volatility_config_fingerprint_field_label,Stable canonical estimator field label used only inside the realized-volatility config fingerprint payload; the value comes from TOML and this label does not configure runtime behavior.
1387,no,POLICY_TERM_CONFIG_OR_STRUCTURAL,src/bolt_v3_realized_volatility.rs,string,"""estimator.forecast.medium_weight={}""","""estimator.forecast.medium_weight={}"",",realized_volatility_config_fingerprint_field_label,Stable canonical estimator field label used only inside the realized-volatility config fingerprint payload; the value comes from TOML and this label does not configure runtime behavior.
1388,no,POLICY_TERM_CONFIG_OR_STRUCTURAL,src/bolt_v3_realized_volatility.rs,string,"""estimator.forecast.long_weight={}""","""estimator.forecast.long_weight={}"",",realized_volatility_config_fingerprint_field_label,Stable canonical estimator field label used only inside the realized-volatility config fingerprint payload; the value comes from TOML and this label does not configure runtime behavior.
1389,no,NO_POLICY_TERM,src/bolt_v3_realized_volatility.rs,string,"""short""","RealizedVolHorizonRole::Short => ""short"",",realized_volatility_config_fingerprint_enum_label,Stable estimator enum label used only inside the realized-volatility config fingerprint payload; it records configuration identity and does not configure runtime behavior.
1390,no,NO_POLICY_TERM,src/bolt_v3_realized_volatility.rs,string,"""medium""","RealizedVolHorizonRole::Medium => ""medium"",",realized_volatility_config_fingerprint_enum_label,Stable estimator enum label used only inside the realized-volatility config fingerprint payload; it records configuration identity and does not configure runtime behavior.
1391,no,NO_POLICY_TERM,src/bolt_v3_realized_volatility.rs,string,"""long""","RealizedVolHorizonRole::Long => ""long"",",realized_volatility_config_fingerprint_enum_label,Stable estimator enum label used only inside the realized-volatility config fingerprint payload; it records configuration identity and does not configure runtime behavior.
1392,no,NO_POLICY_TERM,src/bolt_v3_realized_volatility.rs,string,"""primary""","RealizedVolHorizonRole::Primary => ""primary"",",realized_volatility_config_fingerprint_enum_label,Stable estimator enum label used only inside the realized-volatility config fingerprint payload; it records configuration identity and does not configure runtime behavior.
1393,no,NO_POLICY_TERM,src/bolt_v3_realized_volatility.rs,string,"""floor""","RealizedVolHorizonRole::Floor => ""floor"",",realized_volatility_config_fingerprint_enum_label,Stable estimator enum label used only inside the realized-volatility config fingerprint payload; it records configuration identity and does not configure runtime behavior.
1394,no,POLICY_TERM_CONFIG_OR_STRUCTURAL,src/bolt_v3_realized_volatility.rs,string,"""coarse_only""","RealizedVolCoarserGridPolicy::CoarseOnly => ""coarse_only"",",realized_volatility_config_fingerprint_enum_label,Stable estimator enum label used only inside the realized-volatility config fingerprint payload; it records configuration identity and does not configure runtime behavior.
1395,no,POLICY_TERM_CONFIG_OR_STRUCTURAL,src/bolt_v3_realized_volatility.rs,string,"""min_base_coarse""","RealizedVolCoarserGridPolicy::MinBaseCoarse => ""min_base_coarse"",",realized_volatility_config_fingerprint_enum_label,Stable estimator enum label used only inside the realized-volatility config fingerprint payload; it records configuration identity and does not configure runtime behavior.
1396,no,NO_POLICY_TERM,src/bolt_v3_realized_volatility.rs,string,"""none""",".unwrap_or(""none"")",realized_volatility_config_fingerprint_enum_label,Stable estimator enum label used only inside the realized-volatility config fingerprint payload; it records missing optional configuration identity and does not configure runtime behavior.
1397,no,POLICY_TERM_CONFIG_OR_STRUCTURAL,src/bolt_v3_realized_volatility.rs,string,"""none""","RealizedVolJumpPolicy::None => ""none"",",realized_volatility_config_fingerprint_enum_label,Stable estimator enum label used only inside the realized-volatility config fingerprint payload; it records configuration identity and does not configure runtime behavior.
1398,no,POLICY_TERM_CONFIG_OR_STRUCTURAL,src/bolt_v3_realized_volatility.rs,string,"""separate""","RealizedVolJumpPolicy::Separate => ""separate"",",realized_volatility_config_fingerprint_enum_label,Stable estimator enum label used only inside the realized-volatility config fingerprint payload; it records configuration identity and does not configure runtime behavior.
1399,no,NO_POLICY_TERM,src/bolt_v3_realized_volatility.rs,string,"""measured""","RealizedVolPricingComponent::Measured => ""measured"",",realized_volatility_config_fingerprint_enum_label,Stable estimator enum label used only inside the realized-volatility config fingerprint payload; it records configuration identity and does not configure runtime behavior.
1400,no,NO_POLICY_TERM,src/bolt_v3_realized_volatility.rs,string,"""noise_robust""","RealizedVolPricingComponent::NoiseRobust => ""noise_robust"",",realized_volatility_config_fingerprint_enum_label,Stable estimator enum label used only inside the realized-volatility config fingerprint payload; it records configuration identity and does not configure runtime behavior.
1401,no,NO_POLICY_TERM,src/bolt_v3_realized_volatility.rs,string,"""continuous""","RealizedVolPricingComponent::Continuous => ""continuous"",",realized_volatility_config_fingerprint_enum_label,Stable estimator enum label used only inside the realized-volatility config fingerprint payload; it records configuration identity and does not configure runtime behavior.
1402,no,NO_POLICY_TERM,src/bolt_v3_realized_volatility.rs,string,"""forecast""","RealizedVolPricingComponent::Forecast => ""forecast"",",realized_volatility_config_fingerprint_enum_label,Stable estimator enum label used only inside the realized-volatility config fingerprint payload; it records configuration identity and does not configure runtime behavior.
1403,no,POLICY_TERM_CONFIG_OR_STRUCTURAL,src/bolt_v3_validate.rs,string,"""{context}: realized_volatility_surface_id `{surface_id}` references realized_volatility_surfaces.{surface_id}.canonical_base_asset `{}`, but target.underlying_asset is `{}`""","""{context}: realized_volatility_surface_id `{surface_id}` references realized_volatility_surfaces.{surface_id}.canonical_base_asset `{}`, but target.underlying_asset is `{}`"",",realized_volatility_config_diagnostic_template,Fail-closed realized-volatility config validation diagnostic proving strategy target asset and selected surface asset agree; referenced values come from bolt-v3 TOML and target parsing state.
1404,no,POLICY_TERM_CONFIG_OR_STRUCTURAL,src/strategies/binary_oracle_edge_taker/config.rs,string,"""realized_volatility_surface_id""","const REALIZED_VOLATILITY_SURFACE_ID_FIELD: &str = ""realized_volatility_surface_id"";",strategy_runtime_schema_field,Taker strategy runtime config schema field name used to parse or reject legacy realized-volatility fields; runtime values remain supplied by bolt-v3 TOML.
1405,no,POLICY_TERM_CONFIG_OR_STRUCTURAL,src/strategies/binary_oracle_edge_taker/config.rs,string,"""missing_realized_volatility_surface""","""missing_realized_volatility_surface"",",strategy_runtime_diagnostic,Diagnostic code emitted when taker runtime config omits the required surfaced realized-volatility selector; it is not an operator runtime value.
1406,no,POLICY_TERM_CONFIG_OR_STRUCTURAL,src/bolt_v3_iv/config.rs,string,"""{context}.helper_policies.{}.input_policy_ref references {}, but its helper_policy_ref is {}""","""{context}.helper_policies.{}.input_policy_ref references {}, but its helper_policy_ref is {}"",",iv_config_schema_literal,IV profile validation diagnostic template for reciprocal helper and derived-input policy references; referenced IDs come from TOML config.
1407,no,POLICY_TERM_CONFIG_OR_STRUCTURAL,src/bolt_v3_iv/config.rs,string,"""{context}.derived_input_policies.{}.helper_policy_ref references {}, but its input_policy_ref is {}""","""{context}.derived_input_policies.{}.helper_policy_ref references {}, but its input_policy_ref is {}"",",iv_config_schema_literal,IV profile validation diagnostic template for reciprocal derived-input and helper policy references; referenced IDs come from TOML config.
1408,no,POLICY_TERM_CONFIG_OR_STRUCTURAL,src/bolt_v3_iv/config.rs,string,"""{context}.derived_input_policies.{}.field_sources.{}""","""{context}.derived_input_policies.{}.field_sources.{}"",",iv_config_schema_literal,IV profile validation diagnostic context for a derived-input field source; policy IDs and field names come from TOML config.
1409,no,POLICY_TERM_CONFIG_OR_STRUCTURAL,src/bolt_v3_iv/config.rs,string,"""{context}.helper_policies.{}.output_bounds""","""{context}.helper_policies.{}.output_bounds"",",iv_config_schema_literal,IV profile validation diagnostic context for helper output bounds; helper policy IDs and numeric bounds come from TOML config.
1410,no,POLICY_TERM_CONFIG_OR_STRUCTURAL,src/bolt_v3_iv/config.rs,string,"""{context}.derived_input_policies.{}.bounds.{}""","""{context}.derived_input_policies.{}.bounds.{}"",",iv_config_schema_literal,"IV profile validation diagnostic context for derived-input numeric bounds; input policy IDs, field names, and numeric bounds come from TOML config."
1411,no,POLICY_TERM_CONFIG_OR_STRUCTURAL,src/bolt_v3_iv/config.rs,string,"""inclusive_min""","(""inclusive_min"", bounds.inclusive_min),",iv_config_schema_literal,IV config validation names the typed numeric-bound schema field in diagnostics; the bound value comes from TOML config.
1412,no,POLICY_TERM_CONFIG_OR_STRUCTURAL,src/bolt_v3_iv/config.rs,string,"""inclusive_min""","""inclusive_min"",",iv_config_schema_literal,IV config validation names the typed numeric-bound schema field in diagnostics; the bound value comes from TOML config.
1413,no,POLICY_TERM_CONFIG_OR_STRUCTURAL,src/bolt_v3_iv/config.rs,string,"""inclusive_max""","(""inclusive_max"", bounds.inclusive_max),",iv_config_schema_literal,IV config validation names the typed numeric-bound schema field in diagnostics; the bound value comes from TOML config.
1414,no,POLICY_TERM_CONFIG_OR_STRUCTURAL,src/bolt_v3_iv/config.rs,string,"""inclusive_max""","""inclusive_max"",",iv_config_schema_literal,IV config validation names the typed numeric-bound schema field in diagnostics; the bound value comes from TOML config.
1415,no,POLICY_TERM_CONFIG_OR_STRUCTURAL,src/bolt_v3_iv/config.rs,string,"""exclusive_min""","(""exclusive_min"", bounds.exclusive_min),",iv_config_schema_literal,IV config validation names the typed numeric-bound schema field in diagnostics; the bound value comes from TOML config.
1416,no,POLICY_TERM_CONFIG_OR_STRUCTURAL,src/bolt_v3_iv/config.rs,string,"""exclusive_min""","""exclusive_min"",",iv_config_schema_literal,IV config validation names the typed numeric-bound schema field in diagnostics; the bound value comes from TOML config.
1417,no,POLICY_TERM_CONFIG_OR_STRUCTURAL,src/bolt_v3_iv/config.rs,string,"""exclusive_max""","(""exclusive_max"", bounds.exclusive_max),",iv_config_schema_literal,IV config validation names the typed numeric-bound schema field in diagnostics; the bound value comes from TOML config.
1418,no,POLICY_TERM_CONFIG_OR_STRUCTURAL,src/bolt_v3_iv/config.rs,string,"""exclusive_max""","""exclusive_max"",",iv_config_schema_literal,IV config validation names the typed numeric-bound schema field in diagnostics; the bound value comes from TOML config.
1419,no,POLICY_TERM_CONFIG_OR_STRUCTURAL,src/bolt_v3_iv/config.rs,string,"""<=""","let relation = if allow_equal { ""<="" } else { ""<"" };",iv_config_schema_literal,IV config validation emits the comparison operator in bound-order diagnostics; the compared bound values come from TOML config.
1420,no,POLICY_TERM_CONFIG_OR_STRUCTURAL,src/bolt_v3_iv/config.rs,string,"""<""","let relation = if allow_equal { ""<="" } else { ""<"" };",iv_config_schema_literal,IV config validation emits the comparison operator in bound-order diagnostics; the compared bound values come from TOML config.
1421,no,NO_POLICY_TERM,src/bolt_v3_iv/config.rs,string,"""{field_context}.operator_number is only valid for numeric derived input fields""","""{field_context}.operator_number is only valid for numeric derived input fields""",iv_config_schema_literal,IV profile validation diagnostic template for impossible derived-input operator-number field configuration; the field context comes from TOML config.
1422,no,NO_POLICY_TERM,src/bolt_v3_iv/config.rs,string,"""{field_context}.operator_side is only valid for option_side""","""{field_context}.operator_side is only valid for option_side""",iv_config_schema_literal,IV profile validation diagnostic template for impossible derived-input operator-side field configuration; the field context comes from TOML config.
1423,no,POLICY_TERM_CONFIG_OR_STRUCTURAL,src/bolt_v3_archetypes/binary_oracle_edge_taker.rs,string,"""vwap_depth_limit_bps""","""vwap_depth_limit_bps"",",strategy_runtime_schema_field,Executable-edge VWAP depth limit schema field name; the runtime value comes from bolt-v3 TOML.
1424,no,POLICY_TERM_CONFIG_OR_STRUCTURAL,src/bolt_v3_archetypes/binary_oracle_edge_taker.rs,string,"""slippage_buffer_bps""","""slippage_buffer_bps"",",strategy_runtime_schema_field,Executable-edge slippage buffer schema field name; the runtime value comes from bolt-v3 TOML.
1425,yes,POLICY_TERM_CONFIG_OR_STRUCTURAL,src/bolt_v3_binary_outcome_edge.rs,string,"""missing_order_book""","Self::MissingOrderBook => ""missing_order_book"",",binary_outcome_edge_block_reason_label,Stable structured block-reason label for binary outcome edge output; it records decision evidence and does not configure runtime behavior.
1426,no,NO_POLICY_TERM,src/bolt_v3_binary_outcome_edge.rs,string,"""insufficient_depth""","Self::InsufficientDepth => ""insufficient_depth"",",binary_outcome_edge_block_reason_label,Stable structured block-reason label for binary outcome edge output; it records decision evidence and does not configure runtime behavior.
1427,no,POLICY_TERM_CONFIG_OR_STRUCTURAL,src/bolt_v3_binary_outcome_edge.rs,string,"""fee_unavailable""","Self::FeeUnavailable => ""fee_unavailable"",",binary_outcome_edge_block_reason_label,Stable structured block-reason label for binary outcome edge output; it records decision evidence and does not configure runtime behavior.
1428,no,NO_POLICY_TERM,src/bolt_v3_binary_outcome_edge.rs,string,"""invalid_probability""","Self::InvalidProbability => ""invalid_probability"",",binary_outcome_edge_block_reason_label,Stable structured block-reason label for binary outcome edge output; it records decision evidence and does not configure runtime behavior.
1429,no,NO_POLICY_TERM,src/bolt_v3_binary_outcome_edge.rs,string,"""invalid_cost""","Self::InvalidCost => ""invalid_cost"",",binary_outcome_edge_block_reason_label,Stable structured block-reason label for binary outcome edge output; it records decision evidence and does not configure runtime behavior.
1430,no,POLICY_TERM_CONFIG_OR_STRUCTURAL,src/bolt_v3_binary_outcome_edge.rs,string,"""unsupported_order_shape""","Self::UnsupportedOrderShape => ""unsupported_order_shape"",",binary_outcome_edge_block_reason_label,Stable structured block-reason label for binary outcome edge output; it records decision evidence and does not configure runtime behavior.
1431,no,POLICY_TERM_CONFIG_OR_STRUCTURAL,src/bolt_v3_binary_outcome_edge.rs,string,"""edge_below_threshold""","Self::EdgeBelowThreshold => ""edge_below_threshold"",",binary_outcome_edge_block_reason_label,Stable structured block-reason label for binary outcome edge output; it records decision evidence and does not configure runtime behavior.
1432,no,NO_POLICY_TERM,src/bolt_v3_binary_outcome_edge.rs,string,"""spread_or_slippage_wiped_edge""","Self::SpreadOrSlippageWipedEdge => ""spread_or_slippage_wiped_edge"",",binary_outcome_edge_block_reason_label,Stable structured block-reason label for binary outcome edge output; it records decision evidence and does not configure runtime behavior.
1433,yes,POLICY_TERM_CONFIG_OR_STRUCTURAL,src/bolt_v3_executable_cost.rs,string,"""missing_order_book""","Self::MissingOrderBook => ""missing_order_book"",",executable_cost_block_reason_label,Stable structured block-reason label for executable-cost output; it records decision evidence and does not configure runtime behavior.
1434,no,NO_POLICY_TERM,src/bolt_v3_executable_cost.rs,string,"""insufficient_depth""","Self::InsufficientDepth => ""insufficient_depth"",",executable_cost_block_reason_label,Stable structured block-reason label for executable-cost output; it records decision evidence and does not configure runtime behavior.
1435,no,POLICY_TERM_CONFIG_OR_STRUCTURAL,src/bolt_v3_executable_cost.rs,string,"""fee_unavailable""","Self::FeeUnavailable => ""fee_unavailable"",",executable_cost_block_reason_label,Stable structured block-reason label for executable-cost output; it records decision evidence and does not configure runtime behavior.
1436,no,NO_POLICY_TERM,src/bolt_v3_executable_cost.rs,string,"""invalid_cost""","Self::InvalidCost => ""invalid_cost"",",executable_cost_block_reason_label,Stable structured block-reason label for executable-cost output; it records decision evidence and does not configure runtime behavior.
1437,no,POLICY_TERM_CONFIG_OR_STRUCTURAL,src/bolt_v3_executable_cost.rs,string,"""unsupported_order_shape""","Self::UnsupportedOrderShape => ""unsupported_order_shape"",",executable_cost_block_reason_label,Stable structured block-reason label for executable-cost output; it records decision evidence and does not configure runtime behavior.
1438,yes,NO_POLICY_TERM,src/bolt_v3_outcome_groups.rs,string,"""\u{00ad}\u{034f}\u{061c}\u{115f}\u{1160}\u{17b4}\u{17b5}\u{180e}\u{200b}\u{200c}\u{200d}\u{200e}\u{200f}\u{202a}\u{202b}\u{202c}\u{202d}\u{202e}\u{2060}\u{2061}\u{2062}\u{2063}\u{2064}\u{2066}\u{2067}\u{2068}\u{2069}\u{206a}\u{206b}\u{206c}\u{206d}\u{206e}\u{206f}\u{feff}""","const DISALLOWED_OPERATOR_FORMAT_CHARS: &str = ""\u{00ad}\u{034f}\u{061c}\u{115f}\u{1160}\u{17b4}\u{17b5}\u{180e}\u{200b}\u{200c}\u{200d}\u{200e}\u{200f}\u{202a}\u{202b}\u{202c}\u{202d}\u{202e}\u{2060}\u{2061}\u{2062}\u{2063}\u{2064}\u{2066}\u{2067}\u{2068}\u{2069}\u{206a}\u{206b}\u{206c}\u{206d}\u{206e}\u{206f}\u{feff}"";",operator_text_safety_denylist,Stable denylist for zero-width and format characters rejected before operator-controlled outcome-group text is hashed; not a runtime configuration value.
1439,yes,NO_POLICY_TERM,src/bolt_v3_outcome_groups.rs,string,"""grouping_proof.proof_fingerprint""","validate_sha256_field(""grouping_proof.proof_fingerprint"", proof_fingerprint)?;",outcome_group_model_evidence_schema_label,"Stable outcome-group model canonical evidence label or enum tag; runtime values remain supplied by TOML, NT instruments, or operator attestations."
1440,no,NO_POLICY_TERM,src/bolt_v3_outcome_groups.rs,string,"""grouping_proof.discovery_scope.gamma_query_fingerprint""","""grouping_proof.discovery_scope.gamma_query_fingerprint"",",outcome_group_model_evidence_schema_label,"Stable outcome-group model canonical evidence label or enum tag; runtime values remain supplied by TOML, NT instruments, or operator attestations."
1441,no,NO_POLICY_TERM,src/bolt_v3_outcome_groups.rs,string,"""grouping_proof.discovery_scope.cache_key_fingerprint""","""grouping_proof.discovery_scope.cache_key_fingerprint"",",outcome_group_model_evidence_schema_label,"Stable outcome-group model canonical evidence label or enum tag; runtime values remain supplied by TOML, NT instruments, or operator attestations."
1442,no,NO_POLICY_TERM,src/bolt_v3_outcome_groups.rs,string,"""grouping_proof.proof_fingerprint""","} => validate_sha256_field(""grouping_proof.proof_fingerprint"", proof_fingerprint)?,",outcome_group_model_evidence_schema_label,"Stable outcome-group model canonical evidence label or enum tag; runtime values remain supplied by TOML, NT instruments, or operator attestations."
1443,no,NO_POLICY_TERM,src/bolt_v3_outcome_groups.rs,string,"""grouping_proof.attestation_sha256""","validate_sha256_field(""grouping_proof.attestation_sha256"", attestation_sha256)?;",outcome_group_model_evidence_schema_label,"Stable outcome-group model canonical evidence label or enum tag; runtime values remain supplied by TOML, NT instruments, or operator attestations."
1444,no,NO_POLICY_TERM,src/bolt_v3_outcome_groups.rs,string,"""grouping_proof.proof_fingerprint""","validate_sha256_field(""grouping_proof.proof_fingerprint"", proof_fingerprint)?;",outcome_group_model_evidence_schema_label,"Stable outcome-group model canonical evidence label or enum tag; runtime values remain supplied by TOML, NT instruments, or operator attestations."
1445,no,NO_POLICY_TERM,src/bolt_v3_outcome_groups.rs,string,"""group""","CanonicalField::new([""group"", ""group_id""], &group.group_id),",outcome_group_model_evidence_schema_label,"Stable outcome-group model canonical evidence label or enum tag; runtime values remain supplied by TOML, NT instruments, or operator attestations."
1446,no,NO_POLICY_TERM,src/bolt_v3_outcome_groups.rs,string,"""group_id""","CanonicalField::new([""group"", ""group_id""], &group.group_id),",outcome_group_model_evidence_schema_label,"Stable outcome-group model canonical evidence label or enum tag; runtime values remain supplied by TOML, NT instruments, or operator attestations."
1447,no,NO_POLICY_TERM,src/bolt_v3_outcome_groups.rs,string,"""group""","[""group"", ""source_client_id""],",outcome_group_model_evidence_schema_label,"Stable outcome-group model canonical evidence label or enum tag; runtime values remain supplied by TOML, NT instruments, or operator attestations."
1448,no,NO_POLICY_TERM,src/bolt_v3_outcome_groups.rs,string,"""source_client_id""","[""group"", ""source_client_id""],",outcome_group_model_evidence_schema_label,"Stable outcome-group model canonical evidence label or enum tag; runtime values remain supplied by TOML, NT instruments, or operator attestations."
1449,no,NO_POLICY_TERM,src/bolt_v3_outcome_groups.rs,string,"""group""","CanonicalField::new([""group"", ""venue""], group.venue.to_string()),",outcome_group_model_evidence_schema_label,"Stable outcome-group model canonical evidence label or enum tag; runtime values remain supplied by TOML, NT instruments, or operator attestations."
1450,no,NO_POLICY_TERM,src/bolt_v3_outcome_groups.rs,string,"""venue""","CanonicalField::new([""group"", ""venue""], group.venue.to_string()),",outcome_group_model_evidence_schema_label,"Stable outcome-group model canonical evidence label or enum tag; runtime values remain supplied by TOML, NT instruments, or operator attestations."
1451,no,NO_POLICY_TERM,src/bolt_v3_outcome_groups.rs,string,"""group""","[""group"", ""source_kind""],",outcome_group_model_evidence_schema_label,"Stable outcome-group model canonical evidence label or enum tag; runtime values remain supplied by TOML, NT instruments, or operator attestations."
1452,no,NO_POLICY_TERM,src/bolt_v3_outcome_groups.rs,string,"""source_kind""","[""group"", ""source_kind""],",outcome_group_model_evidence_schema_label,"Stable outcome-group model canonical evidence label or enum tag; runtime values remain supplied by TOML, NT instruments, or operator attestations."
1453,no,NO_POLICY_TERM,src/bolt_v3_outcome_groups.rs,string,"""group""","CanonicalField::new([""group"", ""settlement_asset_id""], &group.settlement_asset_id),",outcome_group_model_evidence_schema_label,"Stable outcome-group model canonical evidence label or enum tag; runtime values remain supplied by TOML, NT instruments, or operator attestations."
1454,no,NO_POLICY_TERM,src/bolt_v3_outcome_groups.rs,string,"""settlement_asset_id""","CanonicalField::new([""group"", ""settlement_asset_id""], &group.settlement_asset_id),",outcome_group_model_evidence_schema_label,"Stable outcome-group model canonical evidence label or enum tag; runtime values remain supplied by TOML, NT instruments, or operator attestations."
1455,no,POLICY_TERM_CONFIG_OR_STRUCTURAL,src/bolt_v3_outcome_groups.rs,string,"""group""","CanonicalField::new([""group"", ""freshness_source_id""], &group.freshness_source_id),",outcome_group_model_evidence_schema_label,"Stable outcome-group model canonical evidence label or enum tag; runtime values remain supplied by TOML, NT instruments, or operator attestations."
1456,no,POLICY_TERM_CONFIG_OR_STRUCTURAL,src/bolt_v3_outcome_groups.rs,string,"""freshness_source_id""","CanonicalField::new([""group"", ""freshness_source_id""], &group.freshness_source_id),",outcome_group_model_evidence_schema_label,"Stable outcome-group model canonical evidence label or enum tag; runtime values remain supplied by TOML, NT instruments, or operator attestations."
1457,no,POLICY_TERM_CONFIG_OR_STRUCTURAL,src/bolt_v3_outcome_groups.rs,string,"""terminal_states""","""terminal_states"".to_string(),",outcome_group_model_evidence_schema_label,"Stable outcome-group model canonical evidence label or enum tag; runtime values remain supplied by TOML, NT instruments, or operator attestations."
1458,no,NO_POLICY_TERM,src/bolt_v3_outcome_groups.rs,string,"""label""","""label"".to_string(),",outcome_group_model_evidence_schema_label,"Stable outcome-group model canonical evidence label or enum tag; runtime values remain supplied by TOML, NT instruments, or operator attestations."
1459,no,POLICY_TERM_CONFIG_OR_STRUCTURAL,src/bolt_v3_outcome_groups.rs,string,"""terminal_states""","""terminal_states"".to_string(),",outcome_group_model_evidence_schema_label,"Stable outcome-group model canonical evidence label or enum tag; runtime values remain supplied by TOML, NT instruments, or operator attestations."
1460,no,NO_POLICY_TERM,src/bolt_v3_outcome_groups.rs,string,"""kind""","""kind"".to_string(),",outcome_group_model_evidence_schema_label,"Stable outcome-group model canonical evidence label or enum tag; runtime values remain supplied by TOML, NT instruments, or operator attestations."
1461,no,NO_POLICY_TERM,src/bolt_v3_outcome_groups.rs,string,"""legs""","""legs"".to_string(),",outcome_group_model_evidence_schema_label,"Stable outcome-group model canonical evidence label or enum tag; runtime values remain supplied by TOML, NT instruments, or operator attestations."
1462,no,NO_POLICY_TERM,src/bolt_v3_outcome_groups.rs,string,"""instrument_id""","""instrument_id"".to_string(),",outcome_group_model_evidence_schema_label,"Stable outcome-group model canonical evidence label or enum tag; runtime values remain supplied by TOML, NT instruments, or operator attestations."
1463,no,NO_POLICY_TERM,src/bolt_v3_outcome_groups.rs,string,"""legs""","""legs"".to_string(),",outcome_group_model_evidence_schema_label,"Stable outcome-group model canonical evidence label or enum tag; runtime values remain supplied by TOML, NT instruments, or operator attestations."
1464,no,NO_POLICY_TERM,src/bolt_v3_outcome_groups.rs,string,"""native_leg_id""","""native_leg_id"".to_string(),",outcome_group_model_evidence_schema_label,"Stable outcome-group model canonical evidence label or enum tag; runtime values remain supplied by TOML, NT instruments, or operator attestations."
1465,no,NO_POLICY_TERM,src/bolt_v3_outcome_groups.rs,string,"""legs""","""legs"".to_string(),",outcome_group_model_evidence_schema_label,"Stable outcome-group model canonical evidence label or enum tag; runtime values remain supplied by TOML, NT instruments, or operator attestations."
1466,no,NO_POLICY_TERM,src/bolt_v3_outcome_groups.rs,string,"""settlement_asset_id""","""settlement_asset_id"".to_string(),",outcome_group_model_evidence_schema_label,"Stable outcome-group model canonical evidence label or enum tag; runtime values remain supplied by TOML, NT instruments, or operator attestations."
1467,no,NO_POLICY_TERM,src/bolt_v3_outcome_groups.rs,string,"""legs""","""legs"".to_string(),",outcome_group_model_evidence_schema_label,"Stable outcome-group model canonical evidence label or enum tag; runtime values remain supplied by TOML, NT instruments, or operator attestations."
1468,no,NO_POLICY_TERM,src/bolt_v3_outcome_groups.rs,string,"""outcome_label""","""outcome_label"".to_string(),",outcome_group_model_evidence_schema_label,"Stable outcome-group model canonical evidence label or enum tag; runtime values remain supplied by TOML, NT instruments, or operator attestations."
1469,no,NO_POLICY_TERM,src/bolt_v3_outcome_groups.rs,string,"""legs""","vec![""legs"".to_string(), leg_id.clone(), ""side_label"".to_string()],",outcome_group_model_evidence_schema_label,"Stable outcome-group model canonical evidence label or enum tag; runtime values remain supplied by TOML, NT instruments, or operator attestations."
1470,no,NO_POLICY_TERM,src/bolt_v3_outcome_groups.rs,string,"""side_label""","vec![""legs"".to_string(), leg_id.clone(), ""side_label"".to_string()],",outcome_group_model_evidence_schema_label,"Stable outcome-group model canonical evidence label or enum tag; runtime values remain supplied by TOML, NT instruments, or operator attestations."
1471,no,NO_POLICY_TERM,src/bolt_v3_outcome_groups.rs,string,"""legs""","vec![""legs"".to_string(), leg_id.clone()],",outcome_group_model_evidence_schema_label,"Stable outcome-group model canonical evidence label or enum tag; runtime values remain supplied by TOML, NT instruments, or operator attestations."
1472,no,NO_POLICY_TERM,src/bolt_v3_outcome_groups.rs,string,"""legs""","""legs"".to_string(),",outcome_group_model_evidence_schema_label,"Stable outcome-group model canonical evidence label or enum tag; runtime values remain supplied by TOML, NT instruments, or operator attestations."
1473,no,NO_POLICY_TERM,src/bolt_v3_outcome_groups.rs,string,"""price_scale""","""price_scale"".to_string(),",outcome_group_model_evidence_schema_label,"Stable outcome-group model canonical evidence label or enum tag; runtime values remain supplied by TOML, NT instruments, or operator attestations."
1474,no,NO_POLICY_TERM,src/bolt_v3_outcome_groups.rs,string,"""positive_side_bindings""","let prefix = vec![""positive_side_bindings"".to_string(), index.to_string()];",outcome_group_model_evidence_schema_label,"Stable outcome-group model canonical evidence label or enum tag; runtime values remain supplied by TOML, NT instruments, or operator attestations."
1475,no,POLICY_TERM_CONFIG_OR_STRUCTURAL,src/bolt_v3_outcome_groups.rs,string,"""terminal_state_label""","prefixed_path(&prefix, ""terminal_state_label""),",outcome_group_model_evidence_schema_label,"Stable outcome-group model canonical evidence label or enum tag; runtime values remain supplied by TOML, NT instruments, or operator attestations."
1476,no,NO_POLICY_TERM,src/bolt_v3_outcome_groups.rs,string,"""pays_on_leg""","prefixed_path(&prefix, ""pays_on_leg""),",outcome_group_model_evidence_schema_label,"Stable outcome-group model canonical evidence label or enum tag; runtime values remain supplied by TOML, NT instruments, or operator attestations."
1477,no,NO_POLICY_TERM,src/bolt_v3_outcome_groups.rs,string,"""pays_unless_leg""","prefixed_path(&prefix, ""pays_unless_leg""),",outcome_group_model_evidence_schema_label,"Stable outcome-group model canonical evidence label or enum tag; runtime values remain supplied by TOML, NT instruments, or operator attestations."
1478,no,POLICY_TERM_CONFIG_OR_STRUCTURAL,src/bolt_v3_outcome_groups.rs,string,"""terminal_state_id""","CanonicalField::new([""terminal_state_id""], terminal_state_id),",outcome_group_model_evidence_schema_label,"Stable outcome-group model canonical evidence label or enum tag; runtime values remain supplied by TOML, NT instruments, or operator attestations."
1479,no,NO_POLICY_TERM,src/bolt_v3_outcome_groups.rs,string,"""label""","CanonicalField::new([""label""], label),",outcome_group_model_evidence_schema_label,"Stable outcome-group model canonical evidence label or enum tag; runtime values remain supplied by TOML, NT instruments, or operator attestations."
1480,no,NO_POLICY_TERM,src/bolt_v3_outcome_groups.rs,string,"""refund_convention""","CanonicalField::new([""refund_convention""], refund_convention),",outcome_group_model_evidence_schema_label,"Stable outcome-group model canonical evidence label or enum tag; runtime values remain supplied by TOML, NT instruments, or operator attestations."
1481,no,NO_POLICY_TERM,src/bolt_v3_outcome_groups.rs,string,"""cols""","vec![""cols"".to_string(), index.to_string()],",outcome_group_model_evidence_schema_label,"Stable outcome-group model canonical evidence label or enum tag; runtime values remain supplied by TOML, NT instruments, or operator attestations."
1482,no,NO_POLICY_TERM,src/bolt_v3_outcome_groups.rs,string,"""payouts""","vec![""payouts"".to_string(), index.to_string()],",outcome_group_model_evidence_schema_label,"Stable outcome-group model canonical evidence label or enum tag; runtime values remain supplied by TOML, NT instruments, or operator attestations."
1483,yes,NO_POLICY_TERM,src/bolt_v3_outcome_groups.rs,number,64,value.len() == 64,outcome_group_model_validation_bound,Stable SHA-256 lowercase-hex length check for evidence fingerprints; not an operator runtime value.
1484,no,NO_POLICY_TERM,src/bolt_v3_outcome_groups.rs,string,"b""bolt-v3-outcome-group-canonical-v2\0""","bytes.extend_from_slice(b""bolt-v3-outcome-group-canonical-v2\0"");",outcome_group_model_evidence_schema_label,"Stable outcome-group model canonical evidence label or enum tag; runtime values remain supplied by TOML, NT instruments, or operator attestations."
1485,no,NO_POLICY_TERM,src/bolt_v3_outcome_groups.rs,string,"""price_scale.proof_fingerprint""","validate_sha256_field(""price_scale.proof_fingerprint"", proof_fingerprint)?;",outcome_group_model_evidence_schema_label,"Stable outcome-group model canonical evidence label or enum tag; runtime values remain supplied by TOML, NT instruments, or operator attestations."
1486,no,NO_POLICY_TERM,src/bolt_v3_outcome_groups.rs,string,"""price_scale.attestation_sha256""","validate_sha256_field(""price_scale.attestation_sha256"", attestation_sha256)?;",outcome_group_model_evidence_schema_label,"Stable outcome-group model canonical evidence label or enum tag; runtime values remain supplied by TOML, NT instruments, or operator attestations."
1487,no,POLICY_TERM_CONFIG_OR_STRUCTURAL,src/bolt_v3_outcome_groups.rs,string,"""non_standard_terminal_payouts.attestation_sha256""","""non_standard_terminal_payouts.attestation_sha256"",",outcome_group_model_evidence_schema_label,"Stable outcome-group model canonical evidence label or enum tag; runtime values remain supplied by TOML, NT instruments, or operator attestations."
1488,no,NO_POLICY_TERM,src/bolt_v3_outcome_groups.rs,string,"""role_binding_proof.attestation_sha256""","validate_sha256_field(""role_binding_proof.attestation_sha256"", attestation_sha256)?;",outcome_group_model_evidence_schema_label,"Stable outcome-group model canonical evidence label or enum tag; runtime values remain supplied by TOML, NT instruments, or operator attestations."
1489,no,NO_POLICY_TERM,src/bolt_v3_outcome_groups.rs,string,"""role_binding_proof.proof_fingerprint""","validate_sha256_field(""role_binding_proof.proof_fingerprint"", proof_fingerprint)?;",outcome_group_model_evidence_schema_label,"Stable outcome-group model canonical evidence label or enum tag; runtime values remain supplied by TOML, NT instruments, or operator attestations."
1490,yes,NO_POLICY_TERM,src/bolt_v3_outcome_groups.rs,string,"""0""","return ""0"".to_string();",outcome_group_model_decimal_label,Stable canonical Decimal zero rendering for evidence hashing; not an operator runtime value.
1491,no,NO_POLICY_TERM,src/bolt_v3_outcome_groups.rs,string,"""polymarket""","OutcomeGroupSourceKind::Polymarket => ""polymarket"",",outcome_group_model_evidence_schema_label,"Stable outcome-group model canonical evidence label or enum tag; runtime values remain supplied by TOML, NT instruments, or operator attestations."
1492,no,NO_POLICY_TERM,src/bolt_v3_outcome_groups.rs,string,"""hyperliquid""","OutcomeGroupSourceKind::Hyperliquid => ""hyperliquid"",",outcome_group_model_evidence_schema_label,"Stable outcome-group model canonical evidence label or enum tag; runtime values remain supplied by TOML, NT instruments, or operator attestations."
1493,no,NO_POLICY_TERM,src/bolt_v3_outcome_groups.rs,string,"""operator_attested""","OutcomeGroupSourceKind::OperatorAttested => ""operator_attested"",",outcome_group_model_evidence_schema_label,"Stable outcome-group model canonical evidence label or enum tag; runtime values remain supplied by TOML, NT instruments, or operator attestations."
1494,no,POLICY_TERM_CONFIG_OR_STRUCTURAL,src/bolt_v3_outcome_groups.rs,string,"""standard""","TerminalStateKind::Standard => ""standard"",",outcome_group_model_evidence_schema_label,"Stable outcome-group model canonical evidence label or enum tag; runtime values remain supplied by TOML, NT instruments, or operator attestations."
1495,no,POLICY_TERM_CONFIG_OR_STRUCTURAL,src/bolt_v3_outcome_groups.rs,string,"""void""","TerminalStateKind::Void => ""void"",",outcome_group_model_evidence_schema_label,"Stable outcome-group model canonical evidence label or enum tag; runtime values remain supplied by TOML, NT instruments, or operator attestations."
1496,no,POLICY_TERM_CONFIG_OR_STRUCTURAL,src/bolt_v3_outcome_groups.rs,string,"""fallback""","TerminalStateKind::Fallback => ""fallback"",",outcome_group_model_evidence_schema_label,"Stable outcome-group model canonical evidence label or enum tag; runtime values remain supplied by TOML, NT instruments, or operator attestations."
1497,no,NO_POLICY_TERM,src/bolt_v3_outcome_groups.rs,string,"""grouping""","[""grouping"", ""kind""],",outcome_group_model_evidence_schema_label,"Stable outcome-group model canonical evidence label or enum tag; runtime values remain supplied by TOML, NT instruments, or operator attestations."
1498,no,NO_POLICY_TERM,src/bolt_v3_outcome_groups.rs,string,"""kind""","[""grouping"", ""kind""],",outcome_group_model_evidence_schema_label,"Stable outcome-group model canonical evidence label or enum tag; runtime values remain supplied by TOML, NT instruments, or operator attestations."
1499,no,NO_POLICY_TERM,src/bolt_v3_outcome_groups.rs,string,"""polymarket_neg_risk""","""polymarket_neg_risk"",",outcome_group_model_evidence_schema_label,"Stable outcome-group model canonical evidence label or enum tag; runtime values remain supplied by TOML, NT instruments, or operator attestations."
1500,no,NO_POLICY_TERM,src/bolt_v3_outcome_groups.rs,string,"""grouping""","[""grouping"", ""neg_risk_market_id""],",outcome_group_model_evidence_schema_label,"Stable outcome-group model canonical evidence label or enum tag; runtime values remain supplied by TOML, NT instruments, or operator attestations."
1501,no,NO_POLICY_TERM,src/bolt_v3_outcome_groups.rs,string,"""neg_risk_market_id""","[""grouping"", ""neg_risk_market_id""],",outcome_group_model_evidence_schema_label,"Stable outcome-group model canonical evidence label or enum tag; runtime values remain supplied by TOML, NT instruments, or operator attestations."
1502,no,NO_POLICY_TERM,src/bolt_v3_outcome_groups.rs,string,"""grouping""","[""grouping"", ""source_id""],",outcome_group_model_evidence_schema_label,"Stable outcome-group model canonical evidence label or enum tag; runtime values remain supplied by TOML, NT instruments, or operator attestations."
1503,no,NO_POLICY_TERM,src/bolt_v3_outcome_groups.rs,string,"""source_id""","[""grouping"", ""source_id""],",outcome_group_model_evidence_schema_label,"Stable outcome-group model canonical evidence label or enum tag; runtime values remain supplied by TOML, NT instruments, or operator attestations."
1504,no,NO_POLICY_TERM,src/bolt_v3_outcome_groups.rs,string,"""grouping""","[""grouping"", ""cache_key_fingerprint""],",outcome_group_model_evidence_schema_label,"Stable outcome-group model canonical evidence label or enum tag; runtime values remain supplied by TOML, NT instruments, or operator attestations."
1505,no,NO_POLICY_TERM,src/bolt_v3_outcome_groups.rs,string,"""cache_key_fingerprint""","[""grouping"", ""cache_key_fingerprint""],",outcome_group_model_evidence_schema_label,"Stable outcome-group model canonical evidence label or enum tag; runtime values remain supplied by TOML, NT instruments, or operator attestations."
1506,no,NO_POLICY_TERM,src/bolt_v3_outcome_groups.rs,string,"""grouping""","vec![""grouping"".to_string(), ""market_slugs"".to_string()],",outcome_group_model_evidence_schema_label,"Stable outcome-group model canonical evidence label or enum tag; runtime values remain supplied by TOML, NT instruments, or operator attestations."
1507,no,NO_POLICY_TERM,src/bolt_v3_outcome_groups.rs,string,"""market_slugs""","vec![""grouping"".to_string(), ""market_slugs"".to_string()],",outcome_group_model_evidence_schema_label,"Stable outcome-group model canonical evidence label or enum tag; runtime values remain supplied by TOML, NT instruments, or operator attestations."
1508,no,NO_POLICY_TERM,src/bolt_v3_outcome_groups.rs,string,"""grouping""","[""grouping"", ""kind""],",outcome_group_model_evidence_schema_label,"Stable outcome-group model canonical evidence label or enum tag; runtime values remain supplied by TOML, NT instruments, or operator attestations."
1509,no,NO_POLICY_TERM,src/bolt_v3_outcome_groups.rs,string,"""kind""","[""grouping"", ""kind""],",outcome_group_model_evidence_schema_label,"Stable outcome-group model canonical evidence label or enum tag; runtime values remain supplied by TOML, NT instruments, or operator attestations."
1510,no,NO_POLICY_TERM,src/bolt_v3_outcome_groups.rs,string,"""hyperliquid_outcome""","""hyperliquid_outcome"",",outcome_group_model_evidence_schema_label,"Stable outcome-group model canonical evidence label or enum tag; runtime values remain supplied by TOML, NT instruments, or operator attestations."
1511,no,NO_POLICY_TERM,src/bolt_v3_outcome_groups.rs,string,"""grouping""","[""grouping"", ""question""],",outcome_group_model_evidence_schema_label,"Stable outcome-group model canonical evidence label or enum tag; runtime values remain supplied by TOML, NT instruments, or operator attestations."
1512,no,NO_POLICY_TERM,src/bolt_v3_outcome_groups.rs,string,"""question""","[""grouping"", ""question""],",outcome_group_model_evidence_schema_label,"Stable outcome-group model canonical evidence label or enum tag; runtime values remain supplied by TOML, NT instruments, or operator attestations."
1513,no,NO_POLICY_TERM,src/bolt_v3_outcome_groups.rs,string,"""grouping""","""grouping"".to_string(),",outcome_group_model_evidence_schema_label,"Stable outcome-group model canonical evidence label or enum tag; runtime values remain supplied by TOML, NT instruments, or operator attestations."
1514,no,NO_POLICY_TERM,src/bolt_v3_outcome_groups.rs,string,"""outcome_indices""","""outcome_indices"".to_string(),",outcome_group_model_evidence_schema_label,"Stable outcome-group model canonical evidence label or enum tag; runtime values remain supplied by TOML, NT instruments, or operator attestations."
1515,no,NO_POLICY_TERM,src/bolt_v3_outcome_groups.rs,string,"""grouping""","[""grouping"", ""kind""],",outcome_group_model_evidence_schema_label,"Stable outcome-group model canonical evidence label or enum tag; runtime values remain supplied by TOML, NT instruments, or operator attestations."
1516,no,NO_POLICY_TERM,src/bolt_v3_outcome_groups.rs,string,"""kind""","[""grouping"", ""kind""],",outcome_group_model_evidence_schema_label,"Stable outcome-group model canonical evidence label or enum tag; runtime values remain supplied by TOML, NT instruments, or operator attestations."
1517,no,NO_POLICY_TERM,src/bolt_v3_outcome_groups.rs,string,"""operator_attested""","""operator_attested"",",outcome_group_model_evidence_schema_label,"Stable outcome-group model canonical evidence label or enum tag; runtime values remain supplied by TOML, NT instruments, or operator attestations."
1518,no,NO_POLICY_TERM,src/bolt_v3_outcome_groups.rs,string,"""grouping""","[""grouping"", ""settlement_contract_id""],",outcome_group_model_evidence_schema_label,"Stable outcome-group model canonical evidence label or enum tag; runtime values remain supplied by TOML, NT instruments, or operator attestations."
1519,no,NO_POLICY_TERM,src/bolt_v3_outcome_groups.rs,string,"""settlement_contract_id""","[""grouping"", ""settlement_contract_id""],",outcome_group_model_evidence_schema_label,"Stable outcome-group model canonical evidence label or enum tag; runtime values remain supplied by TOML, NT instruments, or operator attestations."
1520,no,NO_POLICY_TERM,src/bolt_v3_outcome_groups.rs,string,"""grouping""","[""grouping"", ""attestation_id""],",outcome_group_model_evidence_schema_label,"Stable outcome-group model canonical evidence label or enum tag; runtime values remain supplied by TOML, NT instruments, or operator attestations."
1521,no,NO_POLICY_TERM,src/bolt_v3_outcome_groups.rs,string,"""attestation_id""","[""grouping"", ""attestation_id""],",outcome_group_model_evidence_schema_label,"Stable outcome-group model canonical evidence label or enum tag; runtime values remain supplied by TOML, NT instruments, or operator attestations."
1522,no,NO_POLICY_TERM,src/bolt_v3_outcome_groups.rs,string,"""role_kind""","prefixed_path(&prefix, ""role_kind""),",outcome_group_model_evidence_schema_label,"Stable outcome-group model canonical evidence label or enum tag; runtime values remain supplied by TOML, NT instruments, or operator attestations."
1523,no,POLICY_TERM_CONFIG_OR_STRUCTURAL,src/bolt_v3_outcome_groups.rs,string,"""pays_on_terminal_state""","""pays_on_terminal_state"",",outcome_group_model_evidence_schema_label,"Stable outcome-group model canonical evidence label or enum tag; runtime values remain supplied by TOML, NT instruments, or operator attestations."
1524,no,POLICY_TERM_CONFIG_OR_STRUCTURAL,src/bolt_v3_outcome_groups.rs,string,"""terminal_state_id""","prefixed_path(&prefix, ""terminal_state_id""),",outcome_group_model_evidence_schema_label,"Stable outcome-group model canonical evidence label or enum tag; runtime values remain supplied by TOML, NT instruments, or operator attestations."
1525,no,NO_POLICY_TERM,src/bolt_v3_outcome_groups.rs,string,"""role_kind""","prefixed_path(&prefix, ""role_kind""),",outcome_group_model_evidence_schema_label,"Stable outcome-group model canonical evidence label or enum tag; runtime values remain supplied by TOML, NT instruments, or operator attestations."
1526,no,POLICY_TERM_CONFIG_OR_STRUCTURAL,src/bolt_v3_outcome_groups.rs,string,"""pays_unless_terminal_state""","""pays_unless_terminal_state"",",outcome_group_model_evidence_schema_label,"Stable outcome-group model canonical evidence label or enum tag; runtime values remain supplied by TOML, NT instruments, or operator attestations."
1527,no,POLICY_TERM_CONFIG_OR_STRUCTURAL,src/bolt_v3_outcome_groups.rs,string,"""terminal_state_id""","prefixed_path(&prefix, ""terminal_state_id""),",outcome_group_model_evidence_schema_label,"Stable outcome-group model canonical evidence label or enum tag; runtime values remain supplied by TOML, NT instruments, or operator attestations."
1528,no,NO_POLICY_TERM,src/bolt_v3_outcome_groups.rs,string,"""role_kind""","prefixed_path(&prefix, ""role_kind""),",outcome_group_model_evidence_schema_label,"Stable outcome-group model canonical evidence label or enum tag; runtime values remain supplied by TOML, NT instruments, or operator attestations."
1529,no,NO_POLICY_TERM,src/bolt_v3_outcome_groups.rs,string,"""unsupported_multi_state""","""unsupported_multi_state"",",outcome_group_model_evidence_schema_label,"Stable outcome-group model canonical evidence label or enum tag; runtime values remain supplied by TOML, NT instruments, or operator attestations."
1530,no,POLICY_TERM_CONFIG_OR_STRUCTURAL,src/bolt_v3_outcome_groups.rs,string,"""terminal_state_ids""","prefixed_path(&prefix, ""terminal_state_ids""),",outcome_group_model_evidence_schema_label,"Stable outcome-group model canonical evidence label or enum tag; runtime values remain supplied by TOML, NT instruments, or operator attestations."
1531,no,NO_POLICY_TERM,src/bolt_v3_outcome_groups.rs,string,"""kind""","prefixed_path(&prefix, ""kind""),",outcome_group_model_evidence_schema_label,"Stable outcome-group model canonical evidence label or enum tag; runtime values remain supplied by TOML, NT instruments, or operator attestations."
1532,no,NO_POLICY_TERM,src/bolt_v3_outcome_groups.rs,string,"""binary_one_payout_equals_one_settlement_unit""","""binary_one_payout_equals_one_settlement_unit"",",outcome_group_model_evidence_schema_label,"Stable outcome-group model canonical evidence label or enum tag; runtime values remain supplied by TOML, NT instruments, or operator attestations."
1533,no,NO_POLICY_TERM,src/bolt_v3_outcome_groups.rs,string,"""settlement_asset_id""","prefixed_path(&prefix, ""settlement_asset_id""),",outcome_group_model_evidence_schema_label,"Stable outcome-group model canonical evidence label or enum tag; runtime values remain supplied by TOML, NT instruments, or operator attestations."
1534,no,NO_POLICY_TERM,src/bolt_v3_outcome_groups.rs,string,"""payout_per_contract""","prefixed_path(&prefix, ""payout_per_contract""),",outcome_group_model_evidence_schema_label,"Stable outcome-group model canonical evidence label or enum tag; runtime values remain supplied by TOML, NT instruments, or operator attestations."
1535,no,NO_POLICY_TERM,src/bolt_v3_outcome_groups.rs,string,"""price_units_per_payout""","prefixed_path(&prefix, ""price_units_per_payout""),",outcome_group_model_evidence_schema_label,"Stable outcome-group model canonical evidence label or enum tag; runtime values remain supplied by TOML, NT instruments, or operator attestations."
1536,no,NO_POLICY_TERM,src/bolt_v3_outcome_groups.rs,string,"""assertion_source_kind""","prefixed_path(&prefix, ""assertion_source_kind""),",outcome_group_model_evidence_schema_label,"Stable outcome-group model canonical evidence label or enum tag; runtime values remain supplied by TOML, NT instruments, or operator attestations."
1537,no,NO_POLICY_TERM,src/bolt_v3_outcome_groups.rs,string,"""venue_structured_fields""","""venue_structured_fields"",",outcome_group_model_evidence_schema_label,"Stable outcome-group model canonical evidence label or enum tag; runtime values remain supplied by TOML, NT instruments, or operator attestations."
1538,no,NO_POLICY_TERM,src/bolt_v3_outcome_groups.rs,string,"""assertion_source_fingerprint""","prefixed_path(&prefix, ""assertion_source_fingerprint""),",outcome_group_model_evidence_schema_label,"Stable outcome-group model canonical evidence label or enum tag; runtime values remain supplied by TOML, NT instruments, or operator attestations."
1539,no,NO_POLICY_TERM,src/bolt_v3_outcome_groups.rs,string,"""assertion_source_kind""","prefixed_path(&prefix, ""assertion_source_kind""),",outcome_group_model_evidence_schema_label,"Stable outcome-group model canonical evidence label or enum tag; runtime values remain supplied by TOML, NT instruments, or operator attestations."
1540,no,NO_POLICY_TERM,src/bolt_v3_outcome_groups.rs,string,"""operator_attested""","""operator_attested"",",outcome_group_model_evidence_schema_label,"Stable outcome-group model canonical evidence label or enum tag; runtime values remain supplied by TOML, NT instruments, or operator attestations."
1541,no,NO_POLICY_TERM,src/bolt_v3_outcome_groups.rs,string,"""assertion_source_fingerprint""","prefixed_path(&prefix, ""assertion_source_fingerprint""),",outcome_group_model_evidence_schema_label,"Stable outcome-group model canonical evidence label or enum tag; runtime values remain supplied by TOML, NT instruments, or operator attestations."
1542,no,NO_POLICY_TERM,src/bolt_v3_outcome_groups.rs,string,"""kind""","prefixed_path(&prefix, ""kind""),",outcome_group_model_evidence_schema_label,"Stable outcome-group model canonical evidence label or enum tag; runtime values remain supplied by TOML, NT instruments, or operator attestations."
1543,no,NO_POLICY_TERM,src/bolt_v3_outcome_groups.rs,string,"""native_leg_id""","""native_leg_id"",",outcome_group_model_evidence_schema_label,"Stable outcome-group model canonical evidence label or enum tag; runtime values remain supplied by TOML, NT instruments, or operator attestations."
1544,no,NO_POLICY_TERM,src/bolt_v3_outcome_groups.rs,string,"""native_leg_id""","prefixed_path(&prefix, ""native_leg_id""),",outcome_group_model_evidence_schema_label,"Stable outcome-group model canonical evidence label or enum tag; runtime values remain supplied by TOML, NT instruments, or operator attestations."
1545,no,NO_POLICY_TERM,src/bolt_v3_outcome_groups.rs,string,"""kind""","prefixed_path(&prefix, ""kind""),",outcome_group_model_evidence_schema_label,"Stable outcome-group model canonical evidence label or enum tag; runtime values remain supplied by TOML, NT instruments, or operator attestations."
1546,no,NO_POLICY_TERM,src/bolt_v3_outcome_groups.rs,string,"""outcome_and_side""","""outcome_and_side"",",outcome_group_model_evidence_schema_label,"Stable outcome-group model canonical evidence label or enum tag; runtime values remain supplied by TOML, NT instruments, or operator attestations."
1547,no,NO_POLICY_TERM,src/bolt_v3_outcome_groups.rs,string,"""outcome_label""","prefixed_path(&prefix, ""outcome_label""),",outcome_group_model_evidence_schema_label,"Stable outcome-group model canonical evidence label or enum tag; runtime values remain supplied by TOML, NT instruments, or operator attestations."
1548,no,NO_POLICY_TERM,src/bolt_v3_outcome_groups.rs,string,"""side_label""","prefixed_path(&prefix, ""side_label""),",outcome_group_model_evidence_schema_label,"Stable outcome-group model canonical evidence label or enum tag; runtime values remain supplied by TOML, NT instruments, or operator attestations."
1549,no,NO_POLICY_TERM,src/bolt_v3_outcome_groups.rs,string,"""settlement""","[""settlement"", ""asset_id""],",outcome_group_model_evidence_schema_label,"Stable outcome-group model canonical evidence label or enum tag; runtime values remain supplied by TOML, NT instruments, or operator attestations."
1550,no,NO_POLICY_TERM,src/bolt_v3_outcome_groups.rs,string,"""asset_id""","[""settlement"", ""asset_id""],",outcome_group_model_evidence_schema_label,"Stable outcome-group model canonical evidence label or enum tag; runtime values remain supplied by TOML, NT instruments, or operator attestations."
1551,no,POLICY_TERM_CONFIG_OR_STRUCTURAL,src/bolt_v3_outcome_groups.rs,string,"""terminal_states""","""terminal_states"".to_string(),",outcome_group_model_evidence_schema_label,"Stable outcome-group model canonical evidence label or enum tag; runtime values remain supplied by TOML, NT instruments, or operator attestations."
1552,no,NO_POLICY_TERM,src/bolt_v3_outcome_groups.rs,string,"""label""","""label"".to_string(),",outcome_group_model_evidence_schema_label,"Stable outcome-group model canonical evidence label or enum tag; runtime values remain supplied by TOML, NT instruments, or operator attestations."
1553,no,POLICY_TERM_CONFIG_OR_STRUCTURAL,src/bolt_v3_outcome_groups.rs,string,"""terminal_states""","""terminal_states"".to_string(),",outcome_group_model_evidence_schema_label,"Stable outcome-group model canonical evidence label or enum tag; runtime values remain supplied by TOML, NT instruments, or operator attestations."
1554,no,NO_POLICY_TERM,src/bolt_v3_outcome_groups.rs,string,"""kind""","""kind"".to_string(),",outcome_group_model_evidence_schema_label,"Stable outcome-group model canonical evidence label or enum tag; runtime values remain supplied by TOML, NT instruments, or operator attestations."
1555,yes,POLICY_TERM_CONFIG_OR_STRUCTURAL,src/bolt_v3_market_families/outcome_group.rs,string,"""outcome_group""","pub const KEY: &str = ""outcome_group"";",market_family_key,Stable market-family discriminator used only to route TOML target blocks through the shared market-family registry; operator selection remains TOML-owned.
1556,yes,NO_POLICY_TERM,src/bolt_v3_market_families/outcome_group.rs,string,"""{context}: target.group_sources source_id `{source_id}` is duplicated""","""{context}: target.group_sources source_id `{source_id}` is duplicated""",validation_diagnostic_template,Validation diagnostic for duplicate TOML group source references; no runtime value is configured here.
1557,yes,POLICY_TERM_CONFIG_OR_STRUCTURAL,src/bolt_v3_outcome_group_sources.rs,number,60_000,let Some(refresh_ms) = update_mins.checked_mul(60_000) else {,unit_conversion_constant,Fixed minute-to-millisecond conversion for provider metadata refresh intervals whose source value comes from TOML.
1558,yes,POLICY_TERM_CONFIG_OR_STRUCTURAL,src/bolt_v3_outcome_group_sources.rs,string,"""complete_set_arbitrage""","pub const COMPLETE_SET_ARBITRAGE_KEY: &str = ""complete_set_arbitrage"";",strategy_archetype_key,Stable strategy-archetype discriminator for validation diagnostics; runtime activation remains separately registered by TOML-driven bindings.
1559,yes,POLICY_TERM_CONFIG_OR_STRUCTURAL,src/bolt_v3_outcome_group_sources.rs,string,"""polymarket data""","""polymarket data"",",validation_diagnostic_label,Diagnostic label naming the configured provider data block shape; no runtime value is configured here.
1560,no,POLICY_TERM_CONFIG_OR_STRUCTURAL,src/bolt_v3_outcome_group_sources.rs,string,"""hyperliquid data""","""hyperliquid data"",",validation_diagnostic_label,Diagnostic label naming the configured provider data block shape; no runtime value is configured here.
1561,yes,NO_POLICY_TERM,src/bolt_v3_outcome_group_sources.rs,string,"""polymarket_gamma_event""","Self::GammaEvent => ""polymarket_gamma_event"",",source_kind_schema_token,Closed TOML enum token for operator-configured outcome-group source kind; values are selected in TOML.
1562,no,NO_POLICY_TERM,src/bolt_v3_outcome_group_sources.rs,string,"""polymarket_gamma_market_slug""","Self::GammaMarketSlug => ""polymarket_gamma_market_slug"",",source_kind_schema_token,Closed TOML enum token for operator-configured outcome-group source kind; values are selected in TOML.
1563,no,NO_POLICY_TERM,src/bolt_v3_outcome_group_sources.rs,string,"""polymarket_gamma_query""","Self::GammaQuery => ""polymarket_gamma_query"",",source_kind_schema_token,Closed TOML enum token for operator-configured outcome-group source kind; values are selected in TOML.
1564,no,NO_POLICY_TERM,src/bolt_v3_outcome_group_sources.rs,string,"""hyperliquid_hip4""","Self::Hip4 => ""hyperliquid_hip4"",",source_kind_schema_token,Closed TOML enum token for operator-configured outcome-group source kind; values are selected in TOML.
1565,no,POLICY_TERM_CONFIG_OR_STRUCTURAL,src/bolt_v3_outcome_group_sources.rs,string,"""runtime""","let Some(runtime) = parameters.get(""runtime"").and_then(toml::Value::as_table) else {",strategy_runtime_schema_field,TOML table name used to validate complete-set runtime parameters; values remain TOML-owned.
1566,yes,NO_POLICY_TERM,src/bolt_v3_outcome_group_polymarket.rs,string,""",""","Some(values) => values.join("",""),",outcome_group_normalizer_evidence_separator,Stable separator for canonical Polymarket outcome-group evidence hashing; joined values come from TOML or Gamma metadata.
1567,yes,NO_POLICY_TERM,src/bolt_v3_outcome_group_polymarket.rs,string,"""attestation_sha256""","[""role_binding"", ""attestation_sha256""],",outcome_group_normalizer_evidence_schema_label,"Stable Polymarket normalizer canonical evidence label; runtime values remain supplied by TOML, Gamma metadata, or operator attestations."
1568,no,NO_POLICY_TERM,src/bolt_v3_outcome_group_polymarket.rs,string,"""binding_count""","CanonicalField::new([""role_binding"", ""binding_count""], role_bindings.legs.len()),",outcome_group_normalizer_evidence_schema_label,"Stable Polymarket normalizer canonical evidence label; runtime values remain supplied by TOML, Gamma metadata, or operator attestations."
1569,no,NO_POLICY_TERM,src/bolt_v3_outcome_group_polymarket.rs,string,"""event_query""","[""gamma_query"", ""event_query""],",outcome_group_normalizer_evidence_schema_label,"Stable Polymarket normalizer canonical evidence label; runtime values remain supplied by TOML, Gamma metadata, or operator attestations."
1570,no,POLICY_TERM_CONFIG_OR_STRUCTURAL,src/bolt_v3_outcome_group_polymarket.rs,string,"""gamma_query""","CanonicalField::new([""gamma_query"", ""max_markets""], query.max_markets),",outcome_group_normalizer_evidence_schema_label,"Stable Polymarket normalizer canonical evidence label; runtime values remain supplied by TOML, Gamma metadata, or operator attestations."
1571,no,NO_POLICY_TERM,src/bolt_v3_outcome_group_polymarket.rs,string,"""gamma_query""","[""gamma_query"", ""event_query""],",outcome_group_normalizer_evidence_schema_label,"Stable Polymarket normalizer canonical evidence label; runtime values remain supplied by TOML, Gamma metadata, or operator attestations."
1572,no,NO_POLICY_TERM,src/bolt_v3_outcome_group_polymarket.rs,string,"""gamma_query""","[""gamma_query"", ""market_query""],",outcome_group_normalizer_evidence_schema_label,"Stable Polymarket normalizer canonical evidence label; runtime values remain supplied by TOML, Gamma metadata, or operator attestations."
1573,no,POLICY_TERM_CONFIG_OR_STRUCTURAL,src/bolt_v3_outcome_group_polymarket.rs,string,"""gamma_query""","[""gamma_query"", ""max_events""],",outcome_group_normalizer_evidence_schema_label,"Stable Polymarket normalizer canonical evidence label; runtime values remain supplied by TOML, Gamma metadata, or operator attestations."
1574,no,NO_POLICY_TERM,src/bolt_v3_outcome_group_polymarket.rs,string,"""gamma_query""","[""gamma_query"", ""search""],",outcome_group_normalizer_evidence_schema_label,"Stable Polymarket normalizer canonical evidence label; runtime values remain supplied by TOML, Gamma metadata, or operator attestations."
1575,no,NO_POLICY_TERM,src/bolt_v3_outcome_group_polymarket.rs,string,"""gamma_query""","[""gamma_query"", ""sports_market_types""],",outcome_group_normalizer_evidence_schema_label,"Stable Polymarket normalizer canonical evidence label; runtime values remain supplied by TOML, Gamma metadata, or operator attestations."
1576,no,NO_POLICY_TERM,src/bolt_v3_outcome_group_polymarket.rs,string,"""gamma_query""","[""gamma_query"", ""tag_id""],",outcome_group_normalizer_evidence_schema_label,"Stable Polymarket normalizer canonical evidence label; runtime values remain supplied by TOML, Gamma metadata, or operator attestations."
1577,no,NO_POLICY_TERM,src/bolt_v3_outcome_group_polymarket.rs,string,"""grouping""","CanonicalField::new([""grouping"", ""neg_risk_market_id""], neg_risk_market_id),",outcome_group_normalizer_evidence_schema_label,"Stable Polymarket normalizer canonical evidence label; runtime values remain supplied by TOML, Gamma metadata, or operator attestations."
1578,no,NO_POLICY_TERM,src/bolt_v3_outcome_group_polymarket.rs,string,"""cache_key""","CanonicalField::new([""cache_key"", ""source_id""], source_id),",outcome_group_normalizer_evidence_schema_label,Stable Polymarket cache-key fingerprint evidence label; runtime values remain supplied by TOML or Gamma metadata.
1579,no,NO_POLICY_TERM,src/bolt_v3_outcome_group_polymarket.rs,string,"""source_id""","CanonicalField::new([""cache_key"", ""source_id""], source_id),",outcome_group_normalizer_evidence_schema_label,Stable Polymarket cache-key fingerprint evidence label; runtime values remain supplied by TOML or Gamma metadata.
1580,no,NO_POLICY_TERM,src/bolt_v3_outcome_group_polymarket.rs,string,"""cache_key""","CanonicalField::new([""cache_key"", ""neg_risk_market_id""], neg_risk_market_id),",outcome_group_normalizer_evidence_schema_label,Stable Polymarket cache-key fingerprint evidence label; runtime values remain supplied by TOML or Gamma metadata.
1581,no,NO_POLICY_TERM,src/bolt_v3_outcome_group_polymarket.rs,string,"""neg_risk_market_id""","CanonicalField::new([""cache_key"", ""neg_risk_market_id""], neg_risk_market_id),",outcome_group_normalizer_evidence_schema_label,Stable Polymarket cache-key fingerprint evidence label; runtime values remain supplied by TOML or Gamma metadata.
1582,no,NO_POLICY_TERM,src/bolt_v3_outcome_group_polymarket.rs,string,"""cache_key""","""cache_key"".to_string(),",outcome_group_normalizer_evidence_schema_label,Stable Polymarket cache-key fingerprint evidence label; runtime values remain supplied by TOML or Gamma metadata.
1583,no,NO_POLICY_TERM,src/bolt_v3_outcome_group_polymarket.rs,string,"""market_slugs""","""market_slugs"".to_string(),",outcome_group_normalizer_evidence_schema_label,Stable Polymarket cache-key fingerprint evidence label; runtime values remain supplied by TOML or Gamma metadata.
1584,no,NO_POLICY_TERM,src/bolt_v3_outcome_group_polymarket.rs,string,"""condition_ids""","""condition_ids"".to_string(),",outcome_group_normalizer_evidence_schema_label,Stable Polymarket cache-key fingerprint evidence label; runtime values remain supplied by TOML or Gamma metadata.
1585,no,NO_POLICY_TERM,src/bolt_v3_outcome_group_polymarket.rs,string,"""market_query""","[""gamma_query"", ""market_query""],",outcome_group_normalizer_evidence_schema_label,"Stable Polymarket normalizer canonical evidence label; runtime values remain supplied by TOML, Gamma metadata, or operator attestations."
1586,no,POLICY_TERM_CONFIG_OR_STRUCTURAL,src/bolt_v3_outcome_group_polymarket.rs,string,"""max_events""","[""gamma_query"", ""max_events""],",outcome_group_normalizer_evidence_schema_label,"Stable Polymarket normalizer canonical evidence label; runtime values remain supplied by TOML, Gamma metadata, or operator attestations."
1587,no,POLICY_TERM_CONFIG_OR_STRUCTURAL,src/bolt_v3_outcome_group_polymarket.rs,string,"""max_markets""","CanonicalField::new([""gamma_query"", ""max_markets""], query.max_markets),",outcome_group_normalizer_evidence_schema_label,"Stable Polymarket normalizer canonical evidence label; runtime values remain supplied by TOML, Gamma metadata, or operator attestations."
1588,no,NO_POLICY_TERM,src/bolt_v3_outcome_group_polymarket.rs,string,"""native_leg_id""","CanonicalField::new([""price_scale"", ""native_leg_id""], &leg.native_leg_id),",outcome_group_normalizer_evidence_schema_label,"Stable Polymarket normalizer canonical evidence label; runtime values remain supplied by TOML, Gamma metadata, or operator attestations."
1589,no,NO_POLICY_TERM,src/bolt_v3_outcome_group_polymarket.rs,string,"""neg_risk_market_id""","CanonicalField::new([""grouping"", ""neg_risk_market_id""], neg_risk_market_id),",outcome_group_normalizer_evidence_schema_label,"Stable Polymarket normalizer canonical evidence label; runtime values remain supplied by TOML, Gamma metadata, or operator attestations."
1590,yes,POLICY_TERM_CONFIG_OR_STRUCTURAL,src/bolt_v3_outcome_group_polymarket.rs,string,"""non_standard_terminal_payouts.payout_per_unit""","""non_standard_terminal_payouts.payout_per_unit"",",outcome_group_source_schema_field,TOML schema-field label used only to report parse failures for operator-configured outcome-group payouts; values remain TOML-owned.
1591,yes,NO_POLICY_TERM,src/bolt_v3_outcome_group_polymarket.rs,string,"""operator_attested_static_payout_per_unit""","""operator_attested_static_payout_per_unit""",outcome_group_refund_convention_schema_token,Closed TOML enum token recorded in attested payout evidence; payout values remain supplied by TOML/operator attestation.
1592,no,POLICY_TERM_CONFIG_OR_STRUCTURAL,src/bolt_v3_outcome_group_polymarket.rs,string,"""order_constraints.default_min_notional""","""order_constraints.default_min_notional"",",outcome_group_source_schema_field,TOML schema-field label used only to report parse failures for operator-configured outcome-group order constraints; values remain TOML-owned.
1593,no,POLICY_TERM_CONFIG_OR_STRUCTURAL,src/bolt_v3_outcome_group_polymarket.rs,string,"""order_constraints.default_min_quantity""","""order_constraints.default_min_quantity"",",outcome_group_source_schema_field,TOML schema-field label used only to report parse failures for operator-configured outcome-group order constraints; values remain TOML-owned.
1594,no,POLICY_TERM_CONFIG_OR_STRUCTURAL,src/bolt_v3_outcome_group_polymarket.rs,string,"""order_constraints.per_leg.min_notional""","""order_constraints.per_leg.min_notional"",",outcome_group_source_schema_field,TOML schema-field label used only to report parse failures for operator-configured outcome-group order constraints; values remain TOML-owned.
1595,no,POLICY_TERM_CONFIG_OR_STRUCTURAL,src/bolt_v3_outcome_group_polymarket.rs,string,"""order_constraints.per_leg.min_quantity""","Some(value) => parse_decimal(""order_constraints.per_leg.min_quantity"", value)?,",outcome_group_source_schema_field,TOML schema-field label used only to report parse failures for operator-configured outcome-group order constraints; values remain TOML-owned.
1596,no,NO_POLICY_TERM,src/bolt_v3_outcome_group_polymarket.rs,string,"""payout_per_contract""","[""price_scale"", ""payout_per_contract""],",outcome_group_normalizer_evidence_schema_label,"Stable Polymarket normalizer canonical evidence label; runtime values remain supplied by TOML, Gamma metadata, or operator attestations."
1597,no,NO_POLICY_TERM,src/bolt_v3_outcome_group_polymarket.rs,string,"""price_scale""","CanonicalField::new([""price_scale"", ""native_leg_id""], &leg.native_leg_id),",outcome_group_normalizer_evidence_schema_label,"Stable Polymarket normalizer canonical evidence label; runtime values remain supplied by TOML, Gamma metadata, or operator attestations."
1598,no,NO_POLICY_TERM,src/bolt_v3_outcome_group_polymarket.rs,string,"""price_scale""","[""price_scale"", ""payout_per_contract""],",outcome_group_normalizer_evidence_schema_label,"Stable Polymarket normalizer canonical evidence label; runtime values remain supplied by TOML, Gamma metadata, or operator attestations."
1599,no,NO_POLICY_TERM,src/bolt_v3_outcome_group_polymarket.rs,string,"""price_scale""","[""price_scale"", ""price_units_per_payout""],",outcome_group_normalizer_evidence_schema_label,"Stable Polymarket normalizer canonical evidence label; runtime values remain supplied by TOML, Gamma metadata, or operator attestations."
1600,no,NO_POLICY_TERM,src/bolt_v3_outcome_group_polymarket.rs,string,"""price_scale""","[""price_scale"", ""settlement_asset_id""],",outcome_group_normalizer_evidence_schema_label,"Stable Polymarket normalizer canonical evidence label; runtime values remain supplied by TOML, Gamma metadata, or operator attestations."
1601,no,NO_POLICY_TERM,src/bolt_v3_outcome_group_polymarket.rs,string,"""price_units_per_payout""","[""price_scale"", ""price_units_per_payout""],",outcome_group_normalizer_evidence_schema_label,"Stable Polymarket normalizer canonical evidence label; runtime values remain supplied by TOML, Gamma metadata, or operator attestations."
1602,no,NO_POLICY_TERM,src/bolt_v3_outcome_group_polymarket.rs,string,"""role_binding""","CanonicalField::new([""role_binding"", ""binding_count""], role_bindings.legs.len()),",outcome_group_normalizer_evidence_schema_label,"Stable Polymarket normalizer canonical evidence label; runtime values remain supplied by TOML, Gamma metadata, or operator attestations."
1603,no,NO_POLICY_TERM,src/bolt_v3_outcome_group_polymarket.rs,string,"""role_binding""","CanonicalField::new([""role_binding"", ""source_id""], &source.source_id),",outcome_group_normalizer_evidence_schema_label,"Stable Polymarket normalizer canonical evidence label; runtime values remain supplied by TOML, Gamma metadata, or operator attestations."
1604,no,NO_POLICY_TERM,src/bolt_v3_outcome_group_polymarket.rs,string,"""role_binding""","[""role_binding"", ""attestation_sha256""],",outcome_group_normalizer_evidence_schema_label,"Stable Polymarket normalizer canonical evidence label; runtime values remain supplied by TOML, Gamma metadata, or operator attestations."
1605,no,NO_POLICY_TERM,src/bolt_v3_outcome_group_polymarket.rs,string,"""search""","[""gamma_query"", ""search""],",outcome_group_normalizer_evidence_schema_label,"Stable Polymarket normalizer canonical evidence label; runtime values remain supplied by TOML, Gamma metadata, or operator attestations."
1606,no,NO_POLICY_TERM,src/bolt_v3_outcome_group_polymarket.rs,string,"""settlement_asset_id""","[""price_scale"", ""settlement_asset_id""],",outcome_group_normalizer_evidence_schema_label,"Stable Polymarket normalizer canonical evidence label; runtime values remain supplied by TOML, Gamma metadata, or operator attestations."
1607,no,NO_POLICY_TERM,src/bolt_v3_outcome_group_polymarket.rs,string,"""source_id""","CanonicalField::new([""role_binding"", ""source_id""], &source.source_id),",outcome_group_normalizer_evidence_schema_label,"Stable Polymarket normalizer canonical evidence label; runtime values remain supplied by TOML, Gamma metadata, or operator attestations."
1608,no,NO_POLICY_TERM,src/bolt_v3_outcome_group_polymarket.rs,string,"""sports_market_types""","[""gamma_query"", ""sports_market_types""],",outcome_group_normalizer_evidence_schema_label,"Stable Polymarket normalizer canonical evidence label; runtime values remain supplied by TOML, Gamma metadata, or operator attestations."
1609,no,NO_POLICY_TERM,src/bolt_v3_outcome_group_polymarket.rs,string,"""tag_id""","[""gamma_query"", ""tag_id""],",outcome_group_normalizer_evidence_schema_label,"Stable Polymarket normalizer canonical evidence label; runtime values remain supplied by TOML, Gamma metadata, or operator attestations."
1610,yes,NO_POLICY_TERM,src/bolt_v3_providers/polymarket.rs,string,""",""",".map(|values| values.join("",""))",provider_gamma_query_separator,Stable separator for NT Gamma query list fields; source values remain TOML-owned.
1611,yes,NO_POLICY_TERM,src/bolt_v3_providers/polymarket.rs,string,"""outcome_group_sources.event_slugs""","""outcome_group_sources.event_slugs"",",provider_mapping_schema_field,TOML schema-field label used only while projecting configured outcome-group sources into NT filters; values remain TOML-owned.
1612,no,POLICY_TERM_CONFIG_OR_STRUCTURAL,src/bolt_v3_providers/polymarket.rs,string,"""outcome_group_sources.gamma_query.max_markets""","""outcome_group_sources.gamma_query.max_markets"",",provider_mapping_schema_field,TOML schema-field label used only while projecting configured outcome-group sources into NT filters; values remain TOML-owned.
1613,no,NO_POLICY_TERM,src/bolt_v3_providers/polymarket.rs,string,"""outcome_group_sources.market_slugs""","""outcome_group_sources.market_slugs"",",provider_mapping_schema_field,TOML schema-field label used only while projecting configured outcome-group sources into NT filters; values remain TOML-owned.
1614,no,POLICY_TERM_CONFIG_OR_STRUCTURAL,src/bolt_v3_providers/polymarket.rs,string,"""outcome_group_sources.max_markets""","""outcome_group_sources.max_markets"",",provider_mapping_schema_field,TOML schema-field label used only while projecting configured outcome-group sources into NT filters; values remain TOML-owned.
1615,yes,POLICY_TERM_CONFIG_OR_STRUCTURAL,src/bolt_v3_providers/polymarket.rs,string,"""target.group_sources references disabled outcome_group_sources source_id `{source_id}`""","""target.group_sources references disabled outcome_group_sources source_id `{source_id}`""",provider_mapping_validation_diagnostic,Fail-closed diagnostic for invalid already-configured outcome-group source references; it does not configure runtime behavior.
1616,yes,POLICY_TERM_CONFIG_OR_STRUCTURAL,src/bolt_v3_outcome_group_scanner.rs,number,12,const DECIMAL_F64_ROUND_DP: u32 = 12;,scanner_decimal_conversion_precision,"Fixed Decimal rounding precision at the scanner's explicit f64/Decimal boundary; operator risk limits and prices remain supplied by config, books, and fees."
1617,yes,NO_POLICY_TERM,src/bolt_v3_outcome_group_scanner.rs,string,"""missing_book""","Self::MissingBook => ""missing_book"",",scanner_block_reason_label,Stable machine-readable scanner block reason; it reports computed scan state and does not configure runtime behavior.
1618,no,NO_POLICY_TERM,src/bolt_v3_outcome_group_scanner.rs,string,"""missing_book_timestamp""","Self::MissingBookTimestamp => ""missing_book_timestamp"",",scanner_block_reason_label,Stable machine-readable scanner block reason; it reports computed scan state and does not configure runtime behavior.
1619,no,POLICY_TERM_CONFIG_OR_STRUCTURAL,src/bolt_v3_outcome_group_scanner.rs,string,"""stale_book""","Self::StaleBook => ""stale_book"",",scanner_block_reason_label,Stable machine-readable scanner block reason; it reports computed scan state and does not configure runtime behavior.
1620,no,NO_POLICY_TERM,src/bolt_v3_outcome_group_scanner.rs,string,"""insufficient_depth""","Self::InsufficientDepth => ""insufficient_depth"",",scanner_block_reason_label,Stable machine-readable scanner block reason; it reports computed scan state and does not configure runtime behavior.
1621,no,POLICY_TERM_CONFIG_OR_STRUCTURAL,src/bolt_v3_outcome_group_scanner.rs,string,"""fee_unavailable""","Self::FeeUnavailable => ""fee_unavailable"",",scanner_block_reason_label,Stable machine-readable scanner block reason; it reports computed scan state and does not configure runtime behavior.
1622,no,NO_POLICY_TERM,src/bolt_v3_outcome_group_scanner.rs,string,"""invalid_cost""","Self::InvalidCost => ""invalid_cost"",",scanner_block_reason_label,Stable machine-readable scanner block reason; it reports computed scan state and does not configure runtime behavior.
1623,no,NO_POLICY_TERM,src/bolt_v3_outcome_group_scanner.rs,string,"""incomplete_candidate""","Self::IncompleteCandidate => ""incomplete_candidate"",",scanner_block_reason_label,Stable machine-readable scanner block reason for candidate-leg completeness failures; it reports computed scan state and does not configure runtime behavior.
1624,no,NO_POLICY_TERM,src/bolt_v3_outcome_group_scanner.rs,string,"""invalid_price_scale""","Self::InvalidPriceScale => ""invalid_price_scale"",",scanner_block_reason_label,Stable machine-readable scanner block reason; it reports computed scan state and does not configure runtime behavior.
1625,no,POLICY_TERM_CONFIG_OR_STRUCTURAL,src/bolt_v3_outcome_group_scanner.rs,string,"""min_quantity""","Self::MinQuantity => ""min_quantity"",",scanner_block_reason_label,Stable machine-readable scanner block reason; it reports computed scan state and does not configure runtime behavior.
1626,no,POLICY_TERM_CONFIG_OR_STRUCTURAL,src/bolt_v3_outcome_group_scanner.rs,string,"""min_notional""","Self::MinNotional => ""min_notional"",",scanner_block_reason_label,Stable machine-readable scanner block reason; it reports computed scan state and does not configure runtime behavior.
1627,no,POLICY_TERM_CONFIG_OR_STRUCTURAL,src/bolt_v3_outcome_group_scanner.rs,string,"""quantity_step""","Self::QuantityStep => ""quantity_step"",",scanner_block_reason_label,Stable machine-readable scanner block reason; it reports computed scan state and does not configure runtime behavior.
1628,no,NO_POLICY_TERM,src/bolt_v3_outcome_group_scanner.rs,string,"""non_positive_edge""","Self::NonPositiveEdge => ""non_positive_edge"",",scanner_block_reason_label,Stable machine-readable scanner block reason; it reports computed scan state and does not configure runtime behavior.
1629,no,POLICY_TERM_CONFIG_OR_STRUCTURAL,src/bolt_v3_outcome_group_scanner.rs,string,"""edge_threshold""","Self::EdgeThreshold => ""edge_threshold"",",scanner_block_reason_label,Stable machine-readable scanner block reason; it reports computed scan state and does not configure runtime behavior.
1630,no,NO_POLICY_TERM,src/bolt_v3_outcome_group_scanner.rs,string,"""unknown_leg""","Self::UnknownLeg => ""unknown_leg"",",scanner_block_reason_label,Stable machine-readable scanner block reason; it reports computed scan state and does not configure runtime behavior.
1631,no,POLICY_TERM_CONFIG_OR_STRUCTURAL,src/bolt_v3_outcome_group_scanner.rs,string,"""unsupported_order_side""","Self::UnsupportedOrderSide => ""unsupported_order_side"",",scanner_block_reason_label,Stable machine-readable scanner block reason; it reports computed scan state and does not configure runtime behavior.
1632,no,NO_POLICY_TERM,src/bolt_v3_providers/polymarket.rs,string,"""target.group_sources source_id `{source_id}` maps to client_id `{}`""","""target.group_sources source_id `{source_id}` maps to client_id `{}`"",",provider_mapping_validation_diagnostic,Fail-closed diagnostic for invalid already-configured outcome-group source references; it does not configure runtime behavior.
1633,no,POLICY_TERM_CONFIG_OR_STRUCTURAL,src/bolt_v3_outcome_group_sources.rs,string,"""min_edge_bps""","""min_edge_bps"",",strategy_runtime_schema_field,TOML field name used to validate complete-set runtime parameters; value remains TOML-owned.
1634,no,POLICY_TERM_CONFIG_OR_STRUCTURAL,src/bolt_v3_outcome_group_sources.rs,string,"""max_basket_notional""","""max_basket_notional"",",strategy_runtime_schema_field,TOML field name used to validate complete-set runtime parameters; value remains TOML-owned.
1635,no,POLICY_TERM_CONFIG_OR_STRUCTURAL,src/bolt_v3_outcome_group_sources.rs,string,"""max_open_baskets""","""max_open_baskets"",",strategy_runtime_schema_field,TOML field name used to validate complete-set runtime parameters; value remains TOML-owned.
1636,no,POLICY_TERM_CONFIG_OR_STRUCTURAL,src/bolt_v3_outcome_group_sources.rs,string,"""submit_mode""","""submit_mode"",",strategy_runtime_schema_field,TOML field name used to validate complete-set runtime parameters; value remains TOML-owned.
1637,no,POLICY_TERM_CONFIG_OR_STRUCTURAL,src/bolt_v3_outcome_group_sources.rs,string,"""submit_mode""","if let Some(submit_mode) = runtime.get(""submit_mode"").and_then(toml::Value::as_str)",strategy_runtime_schema_field,TOML field lookup used only to improve submit-mode validation diagnostics.
1638,no,POLICY_TERM_CONFIG_OR_STRUCTURAL,src/bolt_v3_outcome_group_sources.rs,string,"""vwap_depth_limit_bps""","""vwap_depth_limit_bps"",",strategy_runtime_schema_field,TOML field name used to validate scanner depth limits; value remains TOML-owned.
1639,no,POLICY_TERM_CONFIG_OR_STRUCTURAL,src/bolt_v3_outcome_group_sources.rs,string,"""slippage_buffer_bps""","""slippage_buffer_bps"",",strategy_runtime_schema_field,TOML field name used to validate scanner slippage limits; value remains TOML-owned.
1640,no,POLICY_TERM_CONFIG_OR_STRUCTURAL,src/bolt_v3_outcome_group_sources.rs,string,"""max_repair_attempts""","""max_repair_attempts"",",strategy_runtime_schema_field,TOML field name used to validate bounded basket repair policy; value remains TOML-owned.
1641,no,POLICY_TERM_CONFIG_OR_STRUCTURAL,src/bolt_v3_outcome_group_sources.rs,string,"""max_unwind_attempts""","""max_unwind_attempts"",",strategy_runtime_schema_field,TOML field name used to validate bounded basket unwind policy; value remains TOML-owned.
1642,yes,POLICY_TERM_CONFIG_OR_STRUCTURAL,src/bolt_v3_outcome_group_sources.rs,string,"""max_markets""","validate_positive_cap(&mut errors, context, ""max_markets"", source.max_markets);",source_schema_field,TOML field name used to validate bounded source discovery caps; value remains TOML-owned.
1643,no,POLICY_TERM_CONFIG_OR_STRUCTURAL,src/bolt_v3_outcome_group_sources.rs,string,"""max_groups""","validate_positive_cap(&mut errors, context, ""max_groups"", source.max_groups);",source_schema_field,TOML field name used to validate bounded source discovery caps; value remains TOML-owned.
1644,no,POLICY_TERM_CONFIG_OR_STRUCTURAL,src/bolt_v3_outcome_group_sources.rs,string,"""pays_on_terminal_state_native_leg_id""","""pays_on_terminal_state_native_leg_id"",",source_schema_field,TOML role-binding field name used only in validation diagnostics; value remains TOML-owned.
1645,no,POLICY_TERM_CONFIG_OR_STRUCTURAL,src/bolt_v3_outcome_group_sources.rs,string,"""pays_unless_terminal_state_native_leg_id""","""pays_unless_terminal_state_native_leg_id"",",source_schema_field,TOML role-binding field name used only in validation diagnostics; value remains TOML-owned.
1646,no,NO_POLICY_TERM,src/bolt_v3_outcome_group_sources.rs,string,"""outcome_group_sources source_id `{source_id}` is duplicated""","""outcome_group_sources source_id `{source_id}` is duplicated""",validation_diagnostic_template,Validation diagnostic for duplicate root source ids; no runtime value is configured here.
1647,no,POLICY_TERM_CONFIG_OR_STRUCTURAL,src/bolt_v3_outcome_group_sources.rs,string,"""{context}.client_id data.update_instruments_interval_mins overflows metadata refresh milliseconds""","""{context}.client_id data.update_instruments_interval_mins overflows metadata refresh milliseconds""",validation_diagnostic_template,Validation diagnostic for checked arithmetic over a TOML-owned metadata refresh interval.
1648,no,POLICY_TERM_CONFIG_OR_STRUCTURAL,src/bolt_v3_outcome_group_sources.rs,string,"""{context}.client_id metadata refresh interval {refresh_ms}ms exceeds risk.basket_execution.max_metadata_age_ms {}""","""{context}.client_id metadata refresh interval {refresh_ms}ms exceeds risk.basket_execution.max_metadata_age_ms {}"",",validation_diagnostic_template,Validation diagnostic comparing TOML-owned metadata refresh and basket max-age values.
1649,no,POLICY_TERM_CONFIG_OR_STRUCTURAL,src/bolt_v3_outcome_group_sources.rs,string,"""{context}.order_constraints.per_leg native_leg_id `{}` is duplicated""","""{context}.order_constraints.per_leg native_leg_id `{}` is duplicated"",",validation_diagnostic_template,Validation diagnostic for duplicate per-leg order constraints in TOML.
1650,no,POLICY_TERM_CONFIG_OR_STRUCTURAL,src/bolt_v3_outcome_group_sources.rs,string,"""{context}.order_constraints.per_leg[`{}`].min_quantity""","""{context}.order_constraints.per_leg[`{}`].min_quantity"",",validation_diagnostic_template,Validation diagnostic path for TOML-owned per-leg minimum quantity.
1651,no,POLICY_TERM_CONFIG_OR_STRUCTURAL,src/bolt_v3_outcome_group_sources.rs,string,"""{context}.order_constraints.per_leg[`{}`].min_notional""","""{context}.order_constraints.per_leg[`{}`].min_notional"",",validation_diagnostic_template,Validation diagnostic path for TOML-owned per-leg minimum notional.
1652,no,POLICY_TERM_CONFIG_OR_STRUCTURAL,src/bolt_v3_outcome_group_sources.rs,string,"""{context}.role_bindings.legs terminal_state_label `{}` is duplicated""","""{context}.role_bindings.legs terminal_state_label `{}` is duplicated"",",validation_diagnostic_template,Validation diagnostic for duplicate TOML role-binding labels.
1653,no,POLICY_TERM_CONFIG_OR_STRUCTURAL,src/bolt_v3_outcome_group_sources.rs,string,"""{context}.settlement_rules.non_standard_terminal_payouts.{payout_id}.legs.payout_per_unit""","""{context}.settlement_rules.non_standard_terminal_payouts.{payout_id}.legs.payout_per_unit""",validation_diagnostic_template,Validation diagnostic path for TOML-owned non-standard terminal payout values.
1654,no,POLICY_TERM_CONFIG_OR_STRUCTURAL,src/bolt_v3_outcome_group_sources.rs,string,"""{context}: target.group_sources[`{source_id}`] references a disabled outcome_group_sources block""","""{context}: target.group_sources[`{source_id}`] references a disabled outcome_group_sources block""",validation_diagnostic_template,Validation diagnostic for disabled TOML source references from outcome-group targets.
1655,yes,POLICY_TERM_CONFIG_OR_STRUCTURAL,src/bolt_v3_basket_execution.rs,number,10_000u32,.checked_mul(Decimal::from(10_000u32))?,algorithmic_constant,Basis-point denominator for normalized repair edge math; not a runtime-configured value.
1656,yes,POLICY_TERM_CONFIG_OR_STRUCTURAL,src/bolt_v3_basket_execution.rs,string,"""basket repair quantity arithmetic overflowed""","reason: ""basket repair quantity arithmetic overflowed"".to_string(),",executor_contract_diagnostic,Fail-closed repair diagnostic emitted when checked quantity arithmetic cannot produce a safe repair plan.
1657,no,NO_POLICY_TERM,src/bolt_v3_basket_execution.rs,string,"""basket repair cost arithmetic overflowed""","reason: ""basket repair cost arithmetic overflowed"".to_string(),",executor_contract_diagnostic,Fail-closed repair diagnostic emitted when checked cost arithmetic cannot produce a safe repair plan.
1658,no,NO_POLICY_TERM,src/bolt_v3_basket_execution.rs,string,"""basket repair payout arithmetic overflowed""","reason: ""basket repair payout arithmetic overflowed"".to_string(),",executor_contract_diagnostic,Fail-closed repair diagnostic emitted when checked payout arithmetic cannot produce a safe repair plan.
1659,no,NO_POLICY_TERM,src/bolt_v3_basket_execution.rs,string,"""basket repair edge arithmetic overflowed""","reason: ""basket repair edge arithmetic overflowed"".to_string(),",executor_contract_diagnostic,Fail-closed repair diagnostic emitted when checked edge arithmetic cannot produce a safe repair plan.
1660,no,POLICY_TERM_CONFIG_OR_STRUCTURAL,src/bolt_v3_basket_execution.rs,string,"""fail-closed kill-switch recovery without state: {reason:?}""","""fail-closed kill-switch recovery without state: {reason:?}""",executor_contract_diagnostic,Fail-closed kill-switch diagnostic for a corrupt durable recovery result that reports failure without terminal state.
1661,yes,POLICY_TERM_CONFIG_OR_STRUCTURAL,src/bolt_v3_basket_execution.rs,string,"""cancel""","forwarded_nt_events: vec![""order"", ""fill"", ""cancel"", ""instrument_status"", ""settlement""],",executor_contract_event_label,Static NT event-forwarding contract label for strategy shell integration tests.
1662,no,POLICY_TERM_CONFIG_OR_STRUCTURAL,src/bolt_v3_basket_execution.rs,string,"""fill""","forwarded_nt_events: vec![""order"", ""fill"", ""cancel"", ""instrument_status"", ""settlement""],",executor_contract_event_label,Static NT event-forwarding contract label for strategy shell integration tests.
1663,no,POLICY_TERM_CONFIG_OR_STRUCTURAL,src/bolt_v3_basket_execution.rs,string,"""instrument_status""","forwarded_nt_events: vec![""order"", ""fill"", ""cancel"", ""instrument_status"", ""settlement""],",executor_contract_event_label,Static NT event-forwarding contract label for strategy shell integration tests.
1664,yes,POLICY_TERM_CONFIG_OR_STRUCTURAL,src/bolt_v3_basket_execution.rs,string,"""min(M * (filled_qty + repair_qty)) - (filled_cost + repair_cost) preserves admitted absolute edge floor and normalized edge_bps floor""","pub const REPAIR_EDGE_INEQUALITY: &str = ""min(M * (filled_qty + repair_qty)) - (filled_cost + repair_cost) preserves admitted absolute edge floor and normalized edge_bps floor"";",algorithm_contract,Static documentation of the repair admissibility inequality checked by basket execution tests.
1665,no,POLICY_TERM_CONFIG_OR_STRUCTURAL,src/bolt_v3_basket_execution.rs,string,"""order""","forwarded_nt_events: vec![""order"", ""fill"", ""cancel"", ""instrument_status"", ""settlement""],",executor_contract_event_label,Static NT event-forwarding contract label for strategy shell integration tests.
1666,yes,POLICY_TERM_CONFIG_OR_STRUCTURAL,src/bolt_v3_basket_execution.rs,string,"""repair cannot preserve admitted edge floors""","reason: ""repair cannot preserve admitted edge floors"".to_string(),",state_machine_diagnostic,Deterministic repair denial reason emitted after TOML-owned bounds and admitted edge floors fail.
1667,no,POLICY_TERM_CONFIG_OR_STRUCTURAL,src/bolt_v3_basket_execution.rs,string,"""settlement""","forwarded_nt_events: vec![""order"", ""fill"", ""cancel"", ""instrument_status"", ""settlement""],",executor_contract_event_label,Static NT event-forwarding contract label for strategy shell integration tests.
1668,yes,NO_POLICY_TERM,src/bolt_v3_basket_store.rs,number,1,pub const BASKET_STORE_SCHEMA_VERSION: u32 = 1;,schema_version,Durable basket-state schema version for fail-closed recovery compatibility checks.
1669,yes,NO_POLICY_TERM,src/bolt_v3_kill_switch.rs,string,"b""basket_execution_stuck""","KillSwitchHaltTriggerKind::BasketExecutionStuck => b""basket_execution_stuck"".as_slice(),",hash_domain_variant,Stable kill-switch halt-id hash component for the dedicated basket-execution stuck trigger.
1670,yes,POLICY_TERM_CONFIG_OR_STRUCTURAL,src/bolt_v3_archetypes/complete_set_arbitrage.rs,string,"""ioc""","""ioc"" => Some(Self::Ioc),",source_schema_enum_value,Supported complete-set submit_mode value mapped to a pinned NT order-template contract.
1671,no,POLICY_TERM_CONFIG_OR_STRUCTURAL,src/bolt_v3_archetypes/complete_set_arbitrage.rs,string,"""max_basket_notional""","""max_basket_notional"",",source_schema_field,Complete-set parameters.runtime field name used for validation diagnostics; value remains TOML-owned.
1672,no,POLICY_TERM_CONFIG_OR_STRUCTURAL,src/bolt_v3_archetypes/complete_set_arbitrage.rs,string,"""max_open_baskets""","""max_open_baskets"",",source_schema_field,Complete-set parameters.runtime field name used for validation diagnostics; value remains TOML-owned.
1673,no,POLICY_TERM_CONFIG_OR_STRUCTURAL,src/bolt_v3_archetypes/complete_set_arbitrage.rs,string,"""max_repair_attempts""","""max_repair_attempts"",",source_schema_field,Complete-set parameters.runtime field name used for validation diagnostics; value remains TOML-owned.
1674,no,POLICY_TERM_CONFIG_OR_STRUCTURAL,src/bolt_v3_archetypes/complete_set_arbitrage.rs,string,"""max_unwind_attempts""","""max_unwind_attempts"",",source_schema_field,Complete-set parameters.runtime field name used for validation diagnostics; value remains TOML-owned.
1675,no,POLICY_TERM_CONFIG_OR_STRUCTURAL,src/bolt_v3_archetypes/complete_set_arbitrage.rs,string,"""min_edge_bps""","""min_edge_bps"",",source_schema_field,Complete-set parameters.runtime field name used for validation diagnostics; value remains TOML-owned.
1676,yes,POLICY_TERM_CONFIG_OR_STRUCTURAL,src/bolt_v3_archetypes/complete_set_arbitrage.rs,string,"""parameters.runtime.submit_mode.ioc.order_template""","""parameters.runtime.submit_mode.ioc.order_template"",",validation_diagnostic_path,Field path supplied to NT order-template validation for the supported complete-set submit mode.
1677,no,POLICY_TERM_CONFIG_OR_STRUCTURAL,src/bolt_v3_archetypes/complete_set_arbitrage.rs,string,"""ioc""","Self::Ioc => ""ioc"",",source_schema_enum_value,Canonical complete-set submit_mode TOML enum token owned by the archetype parser; consumers call the archetype contract instead of re-declaring it.
1678,no,NO_POLICY_TERM,src/bolt_v3_archetypes/complete_set_arbitrage.rs,string,"""runtime""",".get(""runtime"")",source_schema_field,Complete-set parameters table key used to locate TOML-owned runtime controls.
1679,no,NO_POLICY_TERM,src/bolt_v3_archetypes/complete_set_arbitrage.rs,string,"""slippage_buffer_bps""","""slippage_buffer_bps"",",source_schema_field,Complete-set parameters.runtime field name used for validation diagnostics; value remains TOML-owned.
1680,no,POLICY_TERM_CONFIG_OR_STRUCTURAL,src/bolt_v3_archetypes/complete_set_arbitrage.rs,string,"""submit_mode""","""submit_mode"",",source_schema_field,Complete-set parameters.runtime field name used for validation diagnostics; value remains TOML-owned.
1681,no,POLICY_TERM_CONFIG_OR_STRUCTURAL,src/bolt_v3_archetypes/complete_set_arbitrage.rs,string,"""submit_mode""",".and_then(|runtime| runtime.get(""submit_mode""))",source_schema_field,Complete-set parameters.runtime field lookup used to render unsupported submit-mode diagnostics.
1682,no,POLICY_TERM_CONFIG_OR_STRUCTURAL,src/bolt_v3_archetypes/complete_set_arbitrage.rs,string,"""vwap_depth_limit_bps""","""vwap_depth_limit_bps"",",source_schema_field,Complete-set parameters.runtime field name used for validation diagnostics; value remains TOML-owned.
1683,yes,POLICY_TERM_CONFIG_OR_STRUCTURAL,src/bolt_v3_archetypes/complete_set_arbitrage.rs,string,"""client_id""","""client_id"",",runtime_config_projection_field,Concrete complete-set raw strategy config field populated from TOML-owned execution_client_id.
1684,no,POLICY_TERM_CONFIG_OR_STRUCTURAL,src/bolt_v3_archetypes/complete_set_arbitrage.rs,string,"""external_order_claims""","""external_order_claims"",",runtime_config_projection_field,Concrete complete-set raw strategy config field populated from TOML-owned external_order_claims.
1685,no,POLICY_TERM_CONFIG_OR_STRUCTURAL,src/bolt_v3_archetypes/complete_set_arbitrage.rs,string,"""log_commands""","insert_bool(&mut table, ""log_commands"", strategy.config.log_commands);",runtime_config_projection_field,Concrete complete-set raw strategy config field populated from the common TOML strategy envelope.
1686,no,POLICY_TERM_CONFIG_OR_STRUCTURAL,src/bolt_v3_archetypes/complete_set_arbitrage.rs,string,"""log_events""","insert_bool(&mut table, ""log_events"", strategy.config.log_events);",runtime_config_projection_field,Concrete complete-set raw strategy config field populated from the common TOML strategy envelope.
1687,no,POLICY_TERM_CONFIG_OR_STRUCTURAL,src/bolt_v3_archetypes/complete_set_arbitrage.rs,string,"""log_rejected_due_post_only_as_warning""","""log_rejected_due_post_only_as_warning"",",runtime_config_projection_field,Concrete complete-set raw strategy config field populated from the common TOML strategy envelope.
1688,no,POLICY_TERM_CONFIG_OR_STRUCTURAL,src/bolt_v3_archetypes/complete_set_arbitrage.rs,string,"""manage_contingent_orders""","""manage_contingent_orders"",",runtime_config_projection_field,Concrete complete-set raw strategy config field populated from the common TOML strategy envelope.
1689,no,POLICY_TERM_CONFIG_OR_STRUCTURAL,src/bolt_v3_archetypes/complete_set_arbitrage.rs,string,"""manage_gtd_expiry""","""manage_gtd_expiry"",",runtime_config_projection_field,Concrete complete-set raw strategy config field populated from the common TOML strategy envelope.
1690,no,POLICY_TERM_CONFIG_OR_STRUCTURAL,src/bolt_v3_archetypes/complete_set_arbitrage.rs,string,"""manage_stop""","insert_bool(&mut table, ""manage_stop"", strategy.config.manage_stop);",runtime_config_projection_field,Concrete complete-set raw strategy config field populated from the common TOML strategy envelope.
1691,no,POLICY_TERM_CONFIG_OR_STRUCTURAL,src/bolt_v3_archetypes/complete_set_arbitrage.rs,string,"""market_exit_interval_ms""","""market_exit_interval_ms"",",runtime_config_projection_field,Concrete complete-set raw strategy config field populated from the common TOML strategy envelope.
1692,no,POLICY_TERM_CONFIG_OR_STRUCTURAL,src/bolt_v3_archetypes/complete_set_arbitrage.rs,string,"""market_exit_max_attempts""","""market_exit_max_attempts"",",runtime_config_projection_field,Concrete complete-set raw strategy config field populated from the common TOML strategy envelope.
1693,no,POLICY_TERM_CONFIG_OR_STRUCTURAL,src/bolt_v3_archetypes/complete_set_arbitrage.rs,string,"""market_exit_reduce_only""","""market_exit_reduce_only"",",runtime_config_projection_field,Concrete complete-set raw strategy config field populated from the common TOML strategy envelope.
1694,no,POLICY_TERM_CONFIG_OR_STRUCTURAL,src/bolt_v3_archetypes/complete_set_arbitrage.rs,string,"""max_open_baskets""","insert_u32(&mut table, ""max_open_baskets"", runtime.max_open_baskets);",runtime_config_projection_field,Concrete complete-set raw strategy config field populated from TOML-owned complete-set runtime parameters.
1695,no,POLICY_TERM_CONFIG_OR_STRUCTURAL,src/bolt_v3_archetypes/complete_set_arbitrage.rs,string,"""min_edge_bps""","insert_i64(&mut table, ""min_edge_bps"", runtime.min_edge_bps);",runtime_config_projection_field,Concrete complete-set raw strategy config field populated from TOML-owned complete-set runtime parameters.
1696,no,POLICY_TERM_CONFIG_OR_STRUCTURAL,src/bolt_v3_archetypes/complete_set_arbitrage.rs,string,"""oms_type""","""oms_type"",",runtime_config_projection_field,Concrete complete-set raw strategy config field populated from the common TOML strategy envelope.
1697,no,POLICY_TERM_CONFIG_OR_STRUCTURAL,src/bolt_v3_archetypes/complete_set_arbitrage.rs,string,"""order_id_tag""","""order_id_tag"",",runtime_config_projection_field,Concrete complete-set raw strategy config field populated from the common TOML strategy envelope.
1698,no,POLICY_TERM_CONFIG_OR_STRUCTURAL,src/bolt_v3_archetypes/complete_set_arbitrage.rs,string,"""strategies.{strategy_instance_id} {field} cannot be represented for complete-set config: `{value}`""","""strategies.{strategy_instance_id} {field} cannot be represented for complete-set config: `{value}`""",validation_diagnostic_template,Fail-closed diagnostic for TOML-owned complete-set numeric fields that cannot be projected into the concrete runtime config.
1699,no,POLICY_TERM_CONFIG_OR_STRUCTURAL,src/bolt_v3_archetypes/complete_set_arbitrage.rs,string,"""strategy_id""","insert_string(&mut table, ""strategy_id"", nt_strategy_id(strategy)?);",runtime_config_projection_field,Concrete complete-set raw strategy config field derived from TOML-owned archetype key and order_id_tag.
1700,no,POLICY_TERM_CONFIG_OR_STRUCTURAL,src/bolt_v3_archetypes/complete_set_arbitrage.rs,string,"""submit_mode""","insert_string(&mut table, ""submit_mode"", runtime.submit_mode);",runtime_config_projection_field,Concrete complete-set raw strategy config field populated from TOML-owned complete-set runtime parameters.
1701,no,POLICY_TERM_CONFIG_OR_STRUCTURAL,src/bolt_v3_archetypes/complete_set_arbitrage.rs,string,"""use_hyphens_in_client_order_ids""","""use_hyphens_in_client_order_ids"",",runtime_config_projection_field,Concrete complete-set raw strategy config field populated from the common TOML strategy envelope.
1702,no,POLICY_TERM_CONFIG_OR_STRUCTURAL,src/bolt_v3_archetypes/complete_set_arbitrage.rs,string,"""use_uuid_client_order_ids""","""use_uuid_client_order_ids"",",runtime_config_projection_field,Concrete complete-set raw strategy config field populated from the common TOML strategy envelope.
1703,no,POLICY_TERM_CONFIG_OR_STRUCTURAL,src/strategies/complete_set_arbitrage/mod.rs,number,1,self.forwarded_event_count = self.forwarded_event_count.saturating_add(1);,strategy_loop_constant,Increment-by-one step in a saturating strategy event-forwarding counter; not an operator runtime value.
1704,yes,NO_POLICY_TERM,src/bolt_v3_providers/hyperliquid.rs,string,"""configured target `{}` uses `{}` market family on client `{}`, but Hyperliquid outcome-group targets require execution.product_surfaces `{}`""","""configured target `{}` uses `{}` market family on client `{}`, but Hyperliquid outcome-group targets require execution.product_surfaces `{}`"",",hyperliquid_outcome_group_surface_diagnostic,Provider fail-closed diagnostic when an outcome_group target is routed to a Hyperliquid execution client that does not include the HIP-4 outcomes surface; target and surface values remain TOML-owned.
1705,yes,POLICY_TERM_CONFIG_OR_STRUCTURAL,src/bolt_v3_outcome_group_hyperliquid.rs,number,0,"0 => OutcomeLegRole::PaysOnTerminalState(terminal_label.clone()),",hip4_structured_outcome_side_semantic,NT Hyperliquid HIP-4 BinaryOption.info outcome_side value identifying the side that pays on the named terminal state; instrument metadata remains NT-owned.
1706,no,POLICY_TERM_CONFIG_OR_STRUCTURAL,src/bolt_v3_outcome_group_hyperliquid.rs,number,1,"1 => OutcomeLegRole::PaysUnlessTerminalState(terminal_label.clone()),",hip4_structured_outcome_side_semantic,NT Hyperliquid HIP-4 BinaryOption.info outcome_side value identifying the side that pays unless the named terminal state resolves; instrument metadata remains NT-owned.
1707,no,NO_POLICY_TERM,src/bolt_v3_outcome_group_hyperliquid.rs,string,""",""",".join("",""),",outcome_group_normalizer_evidence_separator,Stable separator for canonical HIP-4 outcome-group evidence hashing; joined values come from NT BinaryOption.info or TOML source configuration.
1708,yes,NO_POLICY_TERM,src/bolt_v3_outcome_group_hyperliquid.rs,string,"""is_fallback""","if info.get_bool(""is_fallback"").unwrap_or(false) {",hip4_nt_binary_option_info_field,Structured NT Hyperliquid BinaryOption.info key emitted by parse_outcome_instruments for fallback HIP-4 outcomes; runtime values remain NT-discovery-owned.
1709,no,POLICY_TERM_CONFIG_OR_STRUCTURAL,src/bolt_v3_outcome_group_hyperliquid.rs,string,"""named_index""","let named_index = info_u32(info, ""named_index"", &instrument_id)?;",hip4_nt_binary_option_info_field,Structured NT Hyperliquid BinaryOption.info key emitted by parse_outcome_instruments for parent question outcome ordering; runtime values remain NT-discovery-owned.
1710,no,NO_POLICY_TERM,src/bolt_v3_outcome_group_hyperliquid.rs,string,"""outcome_index""","let outcome_index = info_u32(info, ""outcome_index"", &instrument_id)?;",hip4_nt_binary_option_info_field,Structured NT Hyperliquid BinaryOption.info key emitted by parse_outcome_instruments for HIP-4 outcome identity; runtime values remain NT-discovery-owned.
1711,no,NO_POLICY_TERM,src/bolt_v3_outcome_group_hyperliquid.rs,string,"""outcome_side""","let outcome_side = info_u8(info, ""outcome_side"", &instrument_id)?;",hip4_nt_binary_option_info_field,Structured NT Hyperliquid BinaryOption.info key emitted by parse_outcome_instruments for HIP-4 side identity; runtime values remain NT-discovery-owned.
1712,no,NO_POLICY_TERM,src/bolt_v3_outcome_group_hyperliquid.rs,string,"""question""","let Some(candidate_question) = info.get_u64(""question"") else {",hip4_nt_binary_option_info_field,Structured NT Hyperliquid BinaryOption.info key emitted by parse_outcome_instruments for parent OutcomeQuestion binding; runtime values remain NT-discovery-owned.
1713,no,NO_POLICY_TERM,src/bolt_v3_outcome_group_hyperliquid.rs,string,"""side_name""",".get_str(""side_name"")",hip4_nt_binary_option_info_field,Structured NT Hyperliquid BinaryOption.info key emitted by parse_outcome_instruments for the display side name; runtime values remain NT-discovery-owned.
1714,no,POLICY_TERM_CONFIG_OR_STRUCTURAL,src/bolt_v3_outcome_group_hyperliquid.rs,string,"""non_standard_terminal_payouts.payout_per_unit""","""non_standard_terminal_payouts.payout_per_unit"",",outcome_group_source_schema_field,TOML schema-field label used only to report parse failures for operator-configured HIP-4 outcome-group payout vectors; values remain TOML-owned.
1715,no,NO_POLICY_TERM,src/bolt_v3_outcome_group_hyperliquid.rs,string,"""operator_attested_static_payout_per_unit""","""operator_attested_static_payout_per_unit""",outcome_group_refund_convention_schema_token,Closed TOML enum token recorded in HIP-4 attested payout evidence; payout values remain supplied by TOML/operator attestation.
1716,no,POLICY_TERM_CONFIG_OR_STRUCTURAL,src/bolt_v3_outcome_group_hyperliquid.rs,string,"""order_constraints.default_min_notional""","""order_constraints.default_min_notional"",",outcome_group_source_schema_field,TOML schema-field label used only to report parse failures for operator-configured HIP-4 outcome-group order constraints; values remain TOML-owned.
1717,no,POLICY_TERM_CONFIG_OR_STRUCTURAL,src/bolt_v3_outcome_group_hyperliquid.rs,string,"""order_constraints.default_min_quantity""","""order_constraints.default_min_quantity"",",outcome_group_source_schema_field,TOML schema-field label used only to report parse failures for operator-configured HIP-4 outcome-group order constraints; values remain TOML-owned.
1718,no,POLICY_TERM_CONFIG_OR_STRUCTURAL,src/bolt_v3_outcome_group_hyperliquid.rs,string,"""order_constraints.per_leg.min_notional""","""order_constraints.per_leg.min_notional"",",outcome_group_source_schema_field,TOML schema-field label used only to report parse failures for operator-configured HIP-4 outcome-group order constraints; values remain TOML-owned.
1719,no,POLICY_TERM_CONFIG_OR_STRUCTURAL,src/bolt_v3_outcome_group_hyperliquid.rs,string,"""order_constraints.per_leg.min_quantity""","Some(value) => parse_decimal(""order_constraints.per_leg.min_quantity"", value)?,",outcome_group_source_schema_field,TOML schema-field label used only to report parse failures for operator-configured HIP-4 outcome-group order constraints; values remain TOML-owned.
1720,no,NO_POLICY_TERM,src/bolt_v3_outcome_group_hyperliquid.rs,string,"""grouping""","CanonicalField::new([""grouping"", ""question""], question.to_string()),",outcome_group_normalizer_evidence_schema_label,Stable HIP-4 normalizer canonical evidence label; runtime values remain supplied by NT BinaryOption.info or TOML source configuration.
1721,no,NO_POLICY_TERM,src/bolt_v3_outcome_group_hyperliquid.rs,string,"""grouping""","CanonicalField::new([""grouping"", ""source_id""], &source.source_id),",outcome_group_normalizer_evidence_schema_label,Stable HIP-4 normalizer canonical evidence label; runtime values remain supplied by NT BinaryOption.info or TOML source configuration.
1722,no,NO_POLICY_TERM,src/bolt_v3_outcome_group_hyperliquid.rs,string,"""grouping""","[""grouping"", ""outcome_indices""],",outcome_group_normalizer_evidence_schema_label,Stable HIP-4 normalizer canonical evidence label; runtime values remain supplied by NT BinaryOption.info or TOML source configuration.
1723,no,NO_POLICY_TERM,src/bolt_v3_outcome_group_hyperliquid.rs,string,"""native_leg_id""","CanonicalField::new([""price_scale"", ""native_leg_id""], &leg.native_leg_id),",outcome_group_normalizer_evidence_schema_label,Stable HIP-4 normalizer canonical evidence label; runtime values remain supplied by NT BinaryOption.info or TOML source configuration.
1724,no,NO_POLICY_TERM,src/bolt_v3_outcome_group_hyperliquid.rs,string,"""outcome_index""","[""price_scale"", ""outcome_index""],",outcome_group_normalizer_evidence_schema_label,Stable HIP-4 normalizer canonical evidence label; runtime values remain supplied by NT BinaryOption.info or TOML source configuration.
1725,no,NO_POLICY_TERM,src/bolt_v3_outcome_group_hyperliquid.rs,string,"""outcome_indices""","[""grouping"", ""outcome_indices""],",outcome_group_normalizer_evidence_schema_label,Stable HIP-4 normalizer canonical evidence label; runtime values remain supplied by NT BinaryOption.info or TOML source configuration.
1726,no,NO_POLICY_TERM,src/bolt_v3_outcome_group_hyperliquid.rs,string,"""outcome_indices""","[""role_binding"", ""outcome_indices""],",outcome_group_normalizer_evidence_schema_label,Stable HIP-4 normalizer canonical evidence label; runtime values remain supplied by NT BinaryOption.info or TOML source configuration.
1727,no,NO_POLICY_TERM,src/bolt_v3_outcome_group_hyperliquid.rs,string,"""outcome_side""","[""price_scale"", ""outcome_side""],",outcome_group_normalizer_evidence_schema_label,Stable HIP-4 normalizer canonical evidence label; runtime values remain supplied by NT BinaryOption.info or TOML source configuration.
1728,no,NO_POLICY_TERM,src/bolt_v3_outcome_group_hyperliquid.rs,string,"""price_scale""","CanonicalField::new([""price_scale"", ""native_leg_id""], &leg.native_leg_id),",outcome_group_normalizer_evidence_schema_label,Stable HIP-4 normalizer canonical evidence label; runtime values remain supplied by NT BinaryOption.info or TOML source configuration.
1729,no,NO_POLICY_TERM,src/bolt_v3_outcome_group_hyperliquid.rs,string,"""price_scale""","[""price_scale"", ""outcome_index""],",outcome_group_normalizer_evidence_schema_label,Stable HIP-4 normalizer canonical evidence label; runtime values remain supplied by NT BinaryOption.info or TOML source configuration.
1730,no,NO_POLICY_TERM,src/bolt_v3_outcome_group_hyperliquid.rs,string,"""price_scale""","[""price_scale"", ""outcome_side""],",outcome_group_normalizer_evidence_schema_label,Stable HIP-4 normalizer canonical evidence label; runtime values remain supplied by NT BinaryOption.info or TOML source configuration.
1731,no,NO_POLICY_TERM,src/bolt_v3_outcome_group_hyperliquid.rs,string,"""price_scale""","[""price_scale"", ""settlement_asset_id""],",outcome_group_normalizer_evidence_schema_label,Stable HIP-4 normalizer canonical evidence label; runtime values remain supplied by NT BinaryOption.info or TOML source configuration.
1732,no,NO_POLICY_TERM,src/bolt_v3_outcome_group_hyperliquid.rs,string,"""question""","CanonicalField::new([""grouping"", ""question""], question.to_string()),",outcome_group_normalizer_evidence_schema_label,Stable HIP-4 normalizer canonical evidence label; runtime values remain supplied by NT BinaryOption.info or TOML source configuration.
1733,no,NO_POLICY_TERM,src/bolt_v3_outcome_group_hyperliquid.rs,string,"""question""","CanonicalField::new([""role_binding"", ""question""], question.to_string()),",outcome_group_normalizer_evidence_schema_label,Stable HIP-4 normalizer canonical evidence label; runtime values remain supplied by NT BinaryOption.info or TOML source configuration.
1734,no,NO_POLICY_TERM,src/bolt_v3_outcome_group_hyperliquid.rs,string,"""role_binding""","CanonicalField::new([""role_binding"", ""question""], question.to_string()),",outcome_group_normalizer_evidence_schema_label,Stable HIP-4 normalizer canonical evidence label; runtime values remain supplied by NT BinaryOption.info or TOML source configuration.
1735,no,NO_POLICY_TERM,src/bolt_v3_outcome_group_hyperliquid.rs,string,"""role_binding""","CanonicalField::new([""role_binding"", ""source_id""], &source.source_id),",outcome_group_normalizer_evidence_schema_label,Stable HIP-4 normalizer canonical evidence label; runtime values remain supplied by NT BinaryOption.info or TOML source configuration.
1736,no,NO_POLICY_TERM,src/bolt_v3_outcome_group_hyperliquid.rs,string,"""role_binding""","[""role_binding"", ""outcome_indices""],",outcome_group_normalizer_evidence_schema_label,Stable HIP-4 normalizer canonical evidence label; runtime values remain supplied by NT BinaryOption.info or TOML source configuration.
1737,no,NO_POLICY_TERM,src/bolt_v3_outcome_group_hyperliquid.rs,string,"""settlement_asset_id""","[""price_scale"", ""settlement_asset_id""],",outcome_group_normalizer_evidence_schema_label,Stable HIP-4 normalizer canonical evidence label; runtime values remain supplied by NT BinaryOption.info or TOML source configuration.
1738,no,NO_POLICY_TERM,src/bolt_v3_outcome_group_hyperliquid.rs,string,"""source_id""","CanonicalField::new([""grouping"", ""source_id""], &source.source_id),",outcome_group_normalizer_evidence_schema_label,Stable HIP-4 normalizer canonical evidence label; runtime values remain supplied by NT BinaryOption.info or TOML source configuration.
1739,no,NO_POLICY_TERM,src/bolt_v3_outcome_group_hyperliquid.rs,string,"""source_id""","CanonicalField::new([""role_binding"", ""source_id""], &source.source_id),",outcome_group_normalizer_evidence_schema_label,Stable HIP-4 normalizer canonical evidence label; runtime values remain supplied by NT BinaryOption.info or TOML source configuration.
1740,no,POLICY_TERM_CONFIG_OR_STRUCTURAL,src/bolt_v3_decision_evidence.rs,string,"""bolt_v3.capital_admission_rebuild""","pub const BOLT_V3_CAPITAL_ADMISSION_REBUILD_GATE_ID: &str = ""bolt_v3.capital_admission_rebuild"";",decision_evidence_gate_id,"Stable gate identifier stamped on capital-admission rebuild audit records; it is part of the evidence contract, not an operator runtime value."
1741,no,POLICY_TERM_CONFIG_OR_STRUCTURAL,src/bolt_v3_decision_evidence.rs,string,"""capital_admission_rebuild""","const BOLT_V3_CAPITAL_ADMISSION_REBUILD_RECORD_KIND: &str = ""capital_admission_rebuild"";",decision_evidence_envelope_kind,"JSONL envelope discriminator for capital-admission rebuild audit records; it is a schema tag, not an operator runtime value."
1742,no,POLICY_TERM_CONFIG_OR_STRUCTURAL,src/bolt_v3_decision_evidence.rs,string,"""capital_admission_rebuild""","""capital_admission_rebuild"" => {",decision_evidence_envelope_kind,"Replay discriminator for capital-admission rebuild audit records; it is a schema tag, not an operator runtime value."
1743,yes,POLICY_TERM_CONFIG_OR_STRUCTURAL,src/bolt_v3_decision_evidence.rs,string,"""position_sizer_rebuild""","| ""position_sizer_rebuild""",decision_evidence_legacy_non_recovery_skip_kind,Legacy pre-v14 audit-only discriminator retained only so below-schema rebuild audit records skip instead of blocking reservation recovery.
1744,no,POLICY_TERM_CONFIG_OR_STRUCTURAL,src/bolt_v3_decision_evidence.rs,string,"""submit_reservation_metadata""","const BOLT_V3_SUBMIT_RESERVATION_METADATA_RECORD_KIND: &str = ""submit_reservation_metadata"";",decision_evidence_envelope_kind,"JSONL envelope discriminator for submit-reservation metadata records used during startup recovery; it is a schema tag, not an operator runtime value."
1745,no,POLICY_TERM_CONFIG_OR_STRUCTURAL,src/bolt_v3_decision_evidence.rs,string,"""submit_reservation_metadata""","""submit_reservation_metadata"" => {",decision_evidence_envelope_kind,"Replay discriminator for submit-reservation metadata records used during startup recovery; it is a schema tag, not an operator runtime value."
1746,no,POLICY_TERM_CONFIG_OR_STRUCTURAL,src/bolt_v3_decision_evidence.rs,string,"""submit_reservation_fill""","const BOLT_V3_SUBMIT_RESERVATION_FILL_RECORD_KIND: &str = ""submit_reservation_fill"";",decision_evidence_envelope_kind,"JSONL envelope discriminator for submit-reservation fill records used during recovery replay; it is a schema tag, not an operator runtime value."
1747,no,POLICY_TERM_CONFIG_OR_STRUCTURAL,src/bolt_v3_decision_evidence.rs,string,"""submit_reservation_fill""","""submit_reservation_fill"" => {",decision_evidence_envelope_kind,"Replay discriminator for submit-reservation fill records used during recovery replay; it is a schema tag, not an operator runtime value."
1748,yes,POLICY_TERM_CONFIG_OR_STRUCTURAL,src/bolt_v3_decision_evidence.rs,string,"""prediction_market_binary""","const SUBMIT_RESERVATION_METADATA_PRODUCT_KIND_BINARY: &str = ""prediction_market_binary"";",capital_admission_product_kind_tag,Canonical schema tag accepted by the startup recovery evidence reader for binary prediction-market reservation metadata.
1749,yes,POLICY_TERM_CONFIG_OR_STRUCTURAL,src/bolt_v3_decision_evidence.rs,string,"""buy""","const SUBMIT_RESERVATION_METADATA_SIDE_BUY: &str = ""buy"";",capital_admission_order_side_tag,Canonical schema tag accepted by the startup recovery evidence reader for buy-side reservation metadata.
1750,no,POLICY_TERM_CONFIG_OR_STRUCTURAL,src/bolt_v3_decision_evidence.rs,string,"""sell""","const SUBMIT_RESERVATION_METADATA_SIDE_SELL: &str = ""sell"";",capital_admission_order_side_tag,Canonical schema tag accepted by the startup recovery evidence reader for sell-side reservation metadata.
1751,yes,POLICY_TERM_CONFIG_OR_STRUCTURAL,src/bolt_v3_decision_evidence.rs,string,"""client_order_id""","(""client_order_id"", metadata.client_order_id.as_str()),",decision_evidence_field_name,"Submit-reservation metadata field label used for recovery validation; it is schema text, not an operator runtime value."
1752,no,POLICY_TERM_CONFIG_OR_STRUCTURAL,src/bolt_v3_decision_evidence.rs,string,"""submit_reservation_id""","""submit_reservation_id"",",decision_evidence_field_name,"Submit-reservation id field label used for recovery validation; it is schema text, not an operator runtime value."
1753,no,POLICY_TERM_CONFIG_OR_STRUCTURAL,src/bolt_v3_decision_evidence.rs,string,"""venue_id""","(""venue_id"", metadata.venue_id.as_str()),",decision_evidence_field_name,"Submit-reservation metadata venue field label used for recovery validation; it is schema text, not an operator runtime value."
1754,no,POLICY_TERM_CONFIG_OR_STRUCTURAL,src/bolt_v3_decision_evidence.rs,string,"""account_id""","(""account_id"", metadata.account_id.as_str()),",decision_evidence_field_name,"Submit-reservation metadata account field label used for recovery validation; it is schema text, not an operator runtime value."
1755,no,POLICY_TERM_CONFIG_OR_STRUCTURAL,src/bolt_v3_decision_evidence.rs,string,"""product_kind""","(""product_kind"", metadata.product_kind.as_str()),",decision_evidence_field_name,"Submit-reservation metadata product-kind field label used for recovery validation; it is schema text, not an operator runtime value."
1756,no,POLICY_TERM_CONFIG_OR_STRUCTURAL,src/bolt_v3_decision_evidence.rs,string,"""collateral_currency""","(""collateral_currency"", metadata.collateral_currency.as_str()),",decision_evidence_field_name,"Submit-reservation metadata collateral-currency field label used for recovery validation; it is schema text, not an operator runtime value."
1757,no,POLICY_TERM_CONFIG_OR_STRUCTURAL,src/bolt_v3_decision_evidence.rs,string,"""capital_pool_id""","(""capital_pool_id"", metadata.capital_pool_id.as_str()),",decision_evidence_field_name,"Submit-reservation metadata capital-pool field label used for recovery validation; it is schema text, not an operator runtime value."
1758,no,POLICY_TERM_CONFIG_OR_STRUCTURAL,src/bolt_v3_decision_evidence.rs,string,"""collateral_group_id""","(""collateral_group_id"", metadata.collateral_group_id.as_str()),",decision_evidence_field_name,"Submit-reservation metadata collateral-group field label used for recovery validation; it is schema text, not an operator runtime value."
1759,no,POLICY_TERM_CONFIG_OR_STRUCTURAL,src/bolt_v3_decision_evidence.rs,string,"""instrument_id""","(""instrument_id"", metadata.instrument_id.as_str()),",decision_evidence_field_name,"Submit-reservation metadata instrument field label used for recovery validation; it is schema text, not an operator runtime value."
1760,no,POLICY_TERM_CONFIG_OR_STRUCTURAL,src/bolt_v3_decision_evidence.rs,string,"""side""","(""side"", metadata.side.as_str()),",decision_evidence_field_name,"Submit-reservation metadata side field label used for recovery validation; it is schema text, not an operator runtime value."
1761,no,POLICY_TERM_CONFIG_OR_STRUCTURAL,src/bolt_v3_decision_evidence.rs,string,"""source""","(""source"", metadata.source.as_str()),",decision_evidence_field_name,"Submit-reservation metadata source field label used for recovery validation; it is schema text, not an operator runtime value."
1762,yes,POLICY_TERM_CONFIG_OR_STRUCTURAL,src/bolt_v3_decision_evidence.rs,string,"""submit reservation metadata submitted_quantity""","""submit reservation metadata submitted_quantity"",",decision_evidence_validation_label,Submit-reservation metadata quantity validation label for recovery replay diagnostics; it is not an operator runtime value.
1763,no,POLICY_TERM_CONFIG_OR_STRUCTURAL,src/bolt_v3_decision_evidence.rs,string,"""submit reservation metadata liability_factor""","""submit reservation metadata liability_factor"",",decision_evidence_validation_label,Submit-reservation metadata liability-factor validation label for recovery replay diagnostics; it is not an operator runtime value.
1764,no,POLICY_TERM_CONFIG_OR_STRUCTURAL,src/bolt_v3_decision_evidence.rs,string,"""submit reservation metadata additive_liability""","""submit reservation metadata additive_liability"",",decision_evidence_validation_label,Submit-reservation metadata additive-liability validation label for recovery replay diagnostics; it is not an operator runtime value.
1765,no,POLICY_TERM_CONFIG_OR_STRUCTURAL,src/bolt_v3_decision_evidence.rs,string,"""submit reservation metadata reserved_liability""","""submit reservation metadata reserved_liability"",",decision_evidence_validation_label,Submit-reservation metadata reserved-liability validation label for recovery replay diagnostics; it is not an operator runtime value.
1766,no,POLICY_TERM_CONFIG_OR_STRUCTURAL,src/bolt_v3_decision_evidence.rs,string,"""client_order_id""","(""client_order_id"", fill.client_order_id.as_str()),",decision_evidence_field_name,"Submit-reservation fill client-order field label used for recovery validation; it is schema text, not an operator runtime value."
1767,no,POLICY_TERM_CONFIG_OR_STRUCTURAL,src/bolt_v3_decision_evidence.rs,string,"""submit_reservation_id""","(""submit_reservation_id"", fill.submit_reservation_id.as_str()),",decision_evidence_field_name,"Submit-reservation fill reservation field label used for recovery validation; it is schema text, not an operator runtime value."
1768,no,POLICY_TERM_CONFIG_OR_STRUCTURAL,src/bolt_v3_decision_evidence.rs,string,"""trade_id""","(""trade_id"", fill.trade_id.as_str()),",decision_evidence_field_name,"Submit-reservation fill trade field label used for recovery validation; it is schema text, not an operator runtime value."
1769,no,POLICY_TERM_CONFIG_OR_STRUCTURAL,src/bolt_v3_decision_evidence.rs,string,"""instrument_id""","(""instrument_id"", fill.instrument_id.as_str()),",decision_evidence_field_name,"Submit-reservation fill instrument field label used for recovery validation; it is schema text, not an operator runtime value."
1770,no,POLICY_TERM_CONFIG_OR_STRUCTURAL,src/bolt_v3_decision_evidence.rs,string,"""side""","(""side"", fill.side.as_str()),",decision_evidence_field_name,"Submit-reservation fill side field label used for recovery validation; it is schema text, not an operator runtime value."
1771,no,POLICY_TERM_CONFIG_OR_STRUCTURAL,src/bolt_v3_decision_evidence.rs,string,"""source""","(""source"", fill.source.as_str()),",decision_evidence_field_name,"Submit-reservation fill source field label used for recovery validation; it is schema text, not an operator runtime value."
1772,no,POLICY_TERM_CONFIG_OR_STRUCTURAL,src/bolt_v3_decision_evidence.rs,string,"""submit reservation fill fill_quantity""","require_positive_decimal(&fill.fill_quantity, ""submit reservation fill fill_quantity"")?;",decision_evidence_validation_label,Submit-reservation fill quantity validation label for recovery replay diagnostics; it is not an operator runtime value.
1773,yes,POLICY_TERM_CONFIG_OR_STRUCTURAL,src/bolt_v3_loss_governor.rs,string,"""daily_loss_limit""","Self::DailyLossLimit => ""daily_loss_limit"",",loss_governor_halt_reason_code,Stable evidence reason code for a TOML-configured loss-governor threshold breach; the threshold remains config-owned.
1774,no,POLICY_TERM_CONFIG_OR_STRUCTURAL,src/bolt_v3_loss_governor.rs,string,"""max_drawdown_limit""","Self::MaxDrawdownLimit => ""max_drawdown_limit"",",loss_governor_halt_reason_code,Stable evidence reason code for a TOML-configured loss-governor threshold breach; the threshold remains config-owned.
1775,no,POLICY_TERM_CONFIG_OR_STRUCTURAL,src/bolt_v3_loss_governor.rs,string,"""per_trade_loss_limit""","Self::PerTradeLossLimit => ""per_trade_loss_limit"",",loss_governor_halt_reason_code,Stable evidence reason code for a TOML-configured loss-governor threshold breach; the threshold remains config-owned.
1776,no,POLICY_TERM_CONFIG_OR_STRUCTURAL,src/bolt_v3_loss_governor.rs,string,"""rolling_loss_limit""","Self::RollingLossLimit => ""rolling_loss_limit"",",loss_governor_halt_reason_code,Stable evidence reason code for a TOML-configured loss-governor threshold breach; the threshold remains config-owned.
1777,no,POLICY_TERM_CONFIG_OR_STRUCTURAL,src/bolt_v3_loss_governor.rs,string,"""stale_loss_snapshot""","Self::StaleLossSnapshot => ""stale_loss_snapshot"",",loss_governor_halt_reason_code,Stable evidence reason code for fail-closed stale loss-governor state; the freshness bound remains config-owned.
1778,yes,POLICY_TERM_CONFIG_OR_STRUCTURAL,src/bolt_v3_capital_admission_runtime_feed.rs,number,0,"open_order_count: 0,",capital_admission_order_lifecycle_identity,"Empty live-order count used before NT cache or order-event evidence arrives; it is an internal identity, not an operator runtime value."
1779,no,POLICY_TERM_CONFIG_OR_STRUCTURAL,src/bolt_v3_capital_admission_runtime_feed.rs,string,"""nt_account_cache""","const NT_ACCOUNT_CACHE_PORTFOLIO_SOURCE: &str = ""nt_account_cache"";",capital_admission_evidence_source_label,Evidence source label for startup account sizing components seeded from NT cache; balances remain NT-owned facts.
1780,no,POLICY_TERM_CONFIG_OR_STRUCTURAL,src/bolt_v3_capital_admission_runtime_feed.rs,string,"""nt_account_free_collateral""","const NT_ACCOUNT_FREE_COLLATERAL_SPENDABILITY_SOURCE: &str = ""nt_account_free_collateral"";",capital_admission_evidence_source_label,Evidence source label for spendable collateral derived from NT account free collateral; the value remains NT-owned.
1781,no,POLICY_TERM_CONFIG_OR_STRUCTURAL,src/bolt_v3_capital_admission_runtime_feed.rs,string,"""nt_open_order_cache""","source: ""nt_open_order_cache"".to_string(),",capital_admission_evidence_source_label,Evidence source label for order-lifecycle state seeded from NT cache open orders; the open-order set remains NT-owned.
1782,no,POLICY_TERM_CONFIG_OR_STRUCTURAL,src/bolt_v3_capital_admission_runtime_feed.rs,string,"""nt_order_event""","source: ""nt_order_event"".to_string(),",capital_admission_evidence_source_label,Evidence source label for order-lifecycle state derived from NT order events; event payloads remain NT-owned.
1783,no,POLICY_TERM_CONFIG_OR_STRUCTURAL,src/bolt_v3_capital_admission_runtime_feed.rs,string,"""nt_order_fill""","evidence_label: ""nt_order_fill"".to_string(),",capital_admission_evidence_source_label,Evidence source label for authoritative NT fill events before submit admission releases the matching reservation.
1784,no,POLICY_TERM_CONFIG_OR_STRUCTURAL,src/bolt_v3_capital_admission_runtime_feed.rs,string,"""nt_order_fill""","snapshot.source = ""nt_order_fill"".to_string();",capital_admission_evidence_source_label,Evidence source label for product inventory updated from authoritative NT fill events.
1785,no,POLICY_TERM_CONFIG_OR_STRUCTURAL,src/bolt_v3_capital_admission_runtime_feed.rs,string,"""nt_order_lifecycle_seed""","source: ""nt_order_lifecycle_seed"".to_string(),",capital_admission_evidence_source_label,Evidence source label for the empty startup lifecycle seed before NT cache or live-order evidence is applied.
1786,no,POLICY_TERM_CONFIG_OR_STRUCTURAL,src/bolt_v3_capital_admission_runtime_feed.rs,string,"""nt_portfolio_snapshot""","source: ""nt_portfolio_snapshot"".to_string(),",capital_admission_evidence_source_label,Evidence source label for portfolio/account sizing components derived from NT account and portfolio events.
1787,no,POLICY_TERM_CONFIG_OR_STRUCTURAL,src/bolt_v3_capital_admission_runtime_feed.rs,string,"""nt_position_cache""","snapshot.source = ""nt_position_cache"".to_string();",capital_admission_evidence_source_label,Evidence source label for product inventory seeded from NT cache positions.
1788,no,POLICY_TERM_CONFIG_OR_STRUCTURAL,src/bolt_v3_capital_admission_runtime_feed.rs,string,"""nt_capital_admission_runtime_components""","source: ""nt_capital_admission_runtime_components"".to_string(),",capital_admission_evidence_source_label,Evidence source label for the composed NT-derived capital-admission component packet before submit admission adds Bolt reservation state.
1789,yes,POLICY_TERM_CONFIG_OR_STRUCTURAL,src/bolt_v3_capital_admission_state.rs,number,1,pub const VENUE_SPENDABILITY_SOURCE_SCHEMA_VERSION: u32 = 1;,venue_spendability_source_schema_version,"Schema version for persisted venue-spendability source evidence; it is an evidence contract version, not an operator runtime value."
1790,yes,POLICY_TERM_CONFIG_OR_STRUCTURAL,src/bolt_v3_capital_admission_state.rs,number,1,.take(max_bytes.saturating_add(1)),venue_spendability_read_overflow_sentinel,Single-byte sentinel used to detect files larger than the configured maximum read size; the maximum remains caller/config-owned.
1791,yes,POLICY_TERM_CONFIG_OR_STRUCTURAL,src/bolt_v3_capital_admission_state.rs,number,64,value.len() == 64,sha256_hex_length,"Canonical SHA-256 hex digest length used while validating evidence identity, not an operator runtime value."
1792,yes,POLICY_TERM_CONFIG_OR_STRUCTURAL,src/bolt_v3_capital_admission_state.rs,string,"""bolt_v3.venue_spendability_source.v1""","pub const VENUE_SPENDABILITY_SOURCE_RECORD_KIND: &str = ""bolt_v3.venue_spendability_source.v1"";",venue_spendability_source_record_kind,"Stable record-kind tag for persisted venue-spendability source evidence; it is a schema discriminator, not an operator runtime value."
1793,yes,POLICY_TERM_CONFIG_OR_STRUCTURAL,src/bolt_v3_capital_admission_state.rs,string,"""account_id""","require_identity(""account_id"", &source.account_id, expected.account_id)?;",venue_spendability_validation_field_name,"Field label used when validating a spendability source account identity against expected config; it is schema text, not an operator runtime value."
1794,no,POLICY_TERM_CONFIG_OR_STRUCTURAL,src/bolt_v3_capital_admission_state.rs,string,"""account_id""","require_non_empty(""account_id"", &source.account_id)?;",venue_spendability_validation_field_name,"Field label used when validating a spendability source account field; it is schema text, not an operator runtime value."
1795,no,POLICY_TERM_CONFIG_OR_STRUCTURAL,src/bolt_v3_capital_admission_state.rs,string,"""collateral_allowance""","parse_non_negative_decimal(""collateral_allowance"", &source.collateral_allowance)?;",venue_spendability_validation_field_name,"Field label used when validating a spendability collateral allowance; it is schema text, not an operator runtime value."
1796,no,POLICY_TERM_CONFIG_OR_STRUCTURAL,src/bolt_v3_capital_admission_state.rs,string,"""collateral_currency""","""collateral_currency"",",venue_spendability_validation_field_name,"Field label used when validating spendability collateral currency identity; it is schema text, not an operator runtime value."
1797,no,POLICY_TERM_CONFIG_OR_STRUCTURAL,src/bolt_v3_capital_admission_state.rs,string,"""collateral_currency""","require_non_empty(""collateral_currency"", &source.collateral_currency)?;",venue_spendability_validation_field_name,"Field label used when validating a spendability collateral-currency field; it is schema text, not an operator runtime value."
1798,no,POLICY_TERM_CONFIG_OR_STRUCTURAL,src/bolt_v3_capital_admission_state.rs,string,"""source""","require_non_empty(""source"", &source.source)?;",venue_spendability_validation_field_name,"Field label used when validating a spendability evidence source; it is schema text, not an operator runtime value."
1799,no,POLICY_TERM_CONFIG_OR_STRUCTURAL,src/bolt_v3_capital_admission_state.rs,string,"""spendable_collateral""","parse_non_negative_decimal(""spendable_collateral"", &source.spendable_collateral)?;",venue_spendability_validation_field_name,"Field label used when validating spendable collateral evidence; it is schema text, not an operator runtime value."
1800,no,POLICY_TERM_CONFIG_OR_STRUCTURAL,src/bolt_v3_capital_admission_state.rs,string,"""venue_id""","require_identity(""venue_id"", &source.venue_id, expected.venue_id)?;",venue_spendability_validation_field_name,"Field label used when validating a spendability source venue identity against expected config; it is schema text, not an operator runtime value."
1801,no,POLICY_TERM_CONFIG_OR_STRUCTURAL,src/bolt_v3_capital_admission_state.rs,string,"""venue_id""","require_non_empty(""venue_id"", &source.venue_id)?;",venue_spendability_validation_field_name,"Field label used when validating a spendability source venue field; it is schema text, not an operator runtime value."
1802,yes,POLICY_TERM_CONFIG_OR_STRUCTURAL,src/bolt_v3_submit_admission.rs,number,0,"next_sequence: 0,",capital_admission_reservation_sequence_identity,"Initial value for the in-memory submit-reservation sequence; it is a counter identity, not an operator runtime value."
1803,yes,POLICY_TERM_CONFIG_OR_STRUCTURAL,src/bolt_v3_submit_admission.rs,number,0,&& components.order_lifecycle.open_order_count > 0,capital_admission_non_empty_order_lifecycle_guard,"Non-empty live-order count used to revoke reservation-ledger reconciliation when runtime components report unattributed open orders; it is an internal identity, not an operator runtime value."
1804,yes,POLICY_TERM_CONFIG_OR_STRUCTURAL,src/bolt_v3_submit_admission.rs,number,0,&& components.order_lifecycle.open_order_count == 0,capital_admission_empty_order_lifecycle_guard,"Empty live-order count used to reconcile an empty startup reservation ledger only after runtime components confirm there are no live orders; it is an internal identity, not an operator runtime value."
1805,yes,POLICY_TERM_CONFIG_OR_STRUCTURAL,src/bolt_v3_submit_admission.rs,number,1,capital_admission.next_sequence += 1;,capital_admission_reservation_sequence_increment,Single-reservation counter increment used to produce unique reservation ids under the configured pool.
1806,yes,POLICY_TERM_CONFIG_OR_STRUCTURAL,src/bolt_v3_submit_admission.rs,number,0,"rebuilt_reservation_count: 0,",capital_admission_rebuild_counter_identity,"Initial rebuilt-reservation count for a startup reconciliation audit; it is a counter identity, not an operator runtime value."
1807,no,POLICY_TERM_CONFIG_OR_STRUCTURAL,src/bolt_v3_submit_admission.rs,number,0,"attempted_reservation_count: 0,",capital_admission_rebuild_counter_identity,"Initial attempted-reservation count for a startup reconciliation audit; it is a counter identity, not an operator runtime value."
1808,yes,POLICY_TERM_CONFIG_OR_STRUCTURAL,src/bolt_v3_submit_admission.rs,number,1,"attempted_reservation_count: index + 1,",capital_admission_rebuild_counter_increment,Single-item increment used while reporting attempted reservation rebuild progress; it is not an operator runtime value.
1809,yes,POLICY_TERM_CONFIG_OR_STRUCTURAL,src/bolt_v3_submit_admission.rs,number,1,let Some(next_observed_at_ns) = metadata.last_lifecycle_observed_at_ns.checked_add(1),capital_admission_fill_lifecycle_sequence_increment,One-nanosecond internal sequence advance used to order same-timestamp fill lifecycle observations deterministically.
1810,yes,POLICY_TERM_CONFIG_OR_STRUCTURAL,src/bolt_v3_submit_admission.rs,string,""",""",".join("","");",loss_governor_diagnostic_separator,Separator used to join loss-governor reason codes into an error diagnostic; it does not configure trading behavior.
1811,yes,POLICY_TERM_CONFIG_OR_STRUCTURAL,src/bolt_v3_submit_admission.rs,string,"""bolt-v3 submit admission loss governor halted: {reasons}""","""bolt-v3 submit admission loss governor halted: {reasons}""",loss_governor_diagnostic_message,Diagnostic message template for a fail-closed loss-governor halt; it is not an operator runtime value.
1812,no,POLICY_TERM_CONFIG_OR_STRUCTURAL,src/bolt_v3_submit_admission.rs,string,"""nt_order_fill_clamped""","""nt_order_fill_clamped"".to_string()",capital_admission_evidence_source_label,Evidence label for authoritative NT fill evidence clamped to the original reservation quantity.
1813,no,POLICY_TERM_CONFIG_OR_STRUCTURAL,src/bolt_v3_submit_admission.rs,string,"""bolt_known_reservation_metadata""","evidence_label: ""bolt_known_reservation_metadata"".to_string(),",capital_admission_evidence_source_label,Evidence label for startup-recovered reservations attributed through Bolt-owned durable metadata.
1814,no,POLICY_TERM_CONFIG_OR_STRUCTURAL,src/bolt_v3_submit_admission.rs,string,"""bolt_recovered_open_order_reservations""","evidence_label: ""bolt_recovered_open_order_reservations"".to_string(),",capital_admission_evidence_source_label,Evidence label for reservations rebuilt from attributed NT open orders during startup reconciliation.
1815,no,POLICY_TERM_CONFIG_OR_STRUCTURAL,src/bolt_v3_submit_admission.rs,string,"""bolt_reservation_ledger""","""bolt_reservation_ledger"".to_string(),",capital_admission_evidence_source_label,Evidence label for the Bolt-owned reservation ledger snapshot composed into capital-admission state.
1816,no,POLICY_TERM_CONFIG_OR_STRUCTURAL,src/bolt_v3_submit_admission.rs,string,"""bolt_reservation_ledger""","source: ""bolt_reservation_ledger"".to_string(),",capital_admission_evidence_source_label,Evidence source label for the Bolt-owned reservation ledger snapshot.
1817,no,POLICY_TERM_CONFIG_OR_STRUCTURAL,src/bolt_v3_submit_admission.rs,string,"""prediction_market_binary""","BoltV3CompiledProductKind::PredictionMarketBinary => ""prediction_market_binary"",",capital_admission_product_kind_tag,Schema tag used when serializing compiled binary prediction-market product metadata into reservation evidence.
1818,no,POLICY_TERM_CONFIG_OR_STRUCTURAL,src/bolt_v3_submit_admission.rs,string,"""prediction_market_binary""","ProductKind::PredictionMarketBinary => ""prediction_market_binary"",",capital_admission_product_kind_tag,Schema tag used when serializing configured binary prediction-market product metadata into reservation evidence.
1819,no,POLICY_TERM_CONFIG_OR_STRUCTURAL,src/bolt_v3_submit_admission.rs,string,"""buy""","BoltV3CompiledOrderSide::Buy => ""buy"",",capital_admission_order_side_tag,Schema tag used when serializing compiled buy side into reservation metadata.
1820,no,POLICY_TERM_CONFIG_OR_STRUCTURAL,src/bolt_v3_submit_admission.rs,string,"""sell""","BoltV3CompiledOrderSide::Sell => ""sell"",",capital_admission_order_side_tag,Schema tag used when serializing compiled sell side into reservation metadata.
1821,no,POLICY_TERM_CONFIG_OR_STRUCTURAL,src/bolt_v3_submit_admission.rs,string,"""submit_admission""","source: ""submit_admission"".to_string(),",capital_admission_evidence_source_label,Evidence source label for durable reservation metadata written by submit admission.
1822,yes,POLICY_TERM_CONFIG_OR_STRUCTURAL,src/bolt_v3_submit_admission.rs,string,"""{}#{}""","""{}#{}"",",capital_admission_reservation_id_template,Internal composite-id formatting template for client order id plus sequence; it does not configure trading behavior.
1823,yes,POLICY_TERM_CONFIG_OR_STRUCTURAL,src/bolt_v3_validate.rs,number,0usize,let mut enforced_pool_count = 0usize;,capital_pool_validation_counter_identity,Initial validation count of TOML capital pools that enabled submit-admission enforcement.
1824,yes,POLICY_TERM_CONFIG_OR_STRUCTURAL,src/bolt_v3_validate.rs,number,1,enforced_pool_count += 1;,capital_pool_validation_counter_increment,Single-pool validation counter increment for TOML capital pools that enabled submit-admission enforcement.
1825,yes,POLICY_TERM_CONFIG_OR_STRUCTURAL,src/bolt_v3_validate.rs,string,"""prediction_market_binary""","if pool.product_kind != ""prediction_market_binary"" {",capital_pool_config_enum_value,Supported TOML product-kind discriminator for capital-pool validation; the pool assignment remains config-owned.
1826,no,POLICY_TERM_CONFIG_OR_STRUCTURAL,src/bolt_v3_validate.rs,string,"""prediction_market_binary""","if pool.enforce_submit_admission && pool.product_kind == ""prediction_market_binary"" {",capital_pool_config_enum_value,Supported TOML product-kind discriminator that requires binary-product metadata when submit admission is enabled.
1827,yes,POLICY_TERM_CONFIG_OR_STRUCTURAL,src/bolt_v3_live_node.rs,number,0,"observed_at_ns: 0,",capital_admission_startup_snapshot_seed,Startup capital-pool snapshot seed before the NT runtime feed publishes an observed snapshot; admission remains fail-closed until configured runtime facts reconcile.
1828,no,POLICY_TERM_CONFIG_OR_STRUCTURAL,src/bolt_v3_iv/derive.rs,string,"""s,r,b,is_call,k,t,price""","Self::ImplyVolAndGreeks => ""s,r,b,is_call,k,t,price"",",iv_helper_contract_literal,IV derivation validates the configured helper parameter signature against the pinned NT helper ABI; operator helper selection remains policy/config-owned.
1829,no,POLICY_TERM_CONFIG_OR_STRUCTURAL,src/bolt_v3_live_node.rs,string,"""bolt_configured_binary_product""","source: ""bolt_configured_binary_product"".to_string(),",capital_admission_evidence_source_label,Evidence source label for configured binary product metadata used to seed the runtime feed before NT-derived state arrives.
1830,yes,POLICY_TERM_CONFIG_OR_STRUCTURAL,src/bolt_v3_live_node.rs,string,"""capital admission venue spendability source configured without runtime feed""","""capital admission venue spendability source configured without runtime feed""",capital_admission_source_diagnostic,Fail-closed diagnostic when a TOML-configured venue spendability source has no runtime feed; it does not configure trading behavior.
1831,no,NO_POLICY_TERM,src/bolt_v3_validate.rs,number,64,value.len() == 64,sha256_hex_length,"Canonical SHA-256 hex digest length used while validating venue spendability source binding shape, not an operator runtime value."
1832,no,NO_POLICY_TERM,src/bolt_v3_live_node.rs,string,"""; ""","iv_client_errors.join(""; "")",live_node_fail_closed_diagnostic_template,The live-node IV client validator joins fail-closed config diagnostics; the referenced profile/source/client identifiers are TOML-owned.
1833,no,POLICY_TERM_CONFIG_OR_STRUCTURAL,src/bolt_v3_live_node.rs,string,"""multiple execution clients share venue `{}` in the live transport scope: {}; only one execution client may be active per venue""","""multiple execution clients share venue `{}` in the live transport scope: {}; only one execution client may be active per venue"",",live_node_fail_closed_diagnostic_template,Fail-closed live transport diagnostic for multiple strategy-referenced execution clients on one NT venue; venue and client identifiers are TOML-owned.
1834,no,NO_POLICY_TERM,src/bolt_v3_live_node.rs,string,""", ""","client_keys.join("", "")",live_node_fail_closed_diagnostic_template,Diagnostic separator for listing TOML-owned execution client identifiers that share one NT venue in the live transport scope.
1835,no,NO_POLICY_TERM,src/bolt_v3_validate.rs,string,"""iv.profiles.{}.sources.{}""","""iv.profiles.{}.sources.{}"",",iv_config_schema_literal,"IV root validation emits fail-closed diagnostics for profile/source client binding errors; operator profile, source, and client identifiers remain TOML-owned."
1836,yes,NO_POLICY_TERM,src/shadow_pnl.rs,string,"""settlement inconsistency for {}: winning_side {} marks a win but settlement_price {settlement_price} is below entry_price {entry_price}""","""settlement inconsistency for {}: winning_side {} marks a win but settlement_price {settlement_price} is below entry_price {entry_price}"",",shadow_pnl_settlement_consistency_diagnostic_template,"Fail-loud diagnostic asserting the settlement winning_side agrees with settlement_price direction relative to entry_price before a would-be trade is scored; error-message template, not a runtime value."
1837,no,NO_POLICY_TERM,src/shadow_pnl.rs,string,"""settlement inconsistency for {}: winning_side {} marks a loss but settlement_price {settlement_price} is above entry_price {entry_price}""","""settlement inconsistency for {}: winning_side {} marks a loss but settlement_price {settlement_price} is above entry_price {entry_price}"",",shadow_pnl_settlement_consistency_diagnostic_template,"Fail-loud diagnostic asserting the settlement winning_side agrees with settlement_price direction relative to entry_price before a would-be trade is scored; error-message template, not a runtime value."
1838,yes,POLICY_TERM_CONFIG_OR_STRUCTURAL,src/shadow_pnl.rs,string,"""duplicate {record_kind} decision evidence for client_order_id {client_order_id} at line {line_number}; cannot disambiguate would-be trades""","""duplicate {record_kind} decision evidence for client_order_id {client_order_id} at line {line_number}; cannot disambiguate would-be trades""",shadow_pnl_duplicate_decision_evidence_diagnostic_template,"Fail-loud diagnostic rejecting a second decision-evidence record for an already-seen client_order_id so would-be trades cannot be silently disambiguated; error-message template, not a runtime value."
1839,yes,POLICY_TERM_CONFIG_OR_STRUCTURAL,src/bolt_v3_archetypes/binary_oracle_edge_taker.rs,string,"""asset""","""asset"",",binary_oracle_reference_current_price_runtime_schema,Runtime config schema key or enum label for reference_current_price passed from validated TOML into the strategy.
1840,no,POLICY_TERM_CONFIG_OR_STRUCTURAL,src/bolt_v3_archetypes/binary_oracle_edge_taker.rs,string,"""block""","crate::bolt_v3_config::ReferencePriceDriftPolicy::Block => ""block"",",binary_oracle_reference_current_price_runtime_schema,Runtime config schema key or enum label for reference_current_price passed from validated TOML into the strategy.
1841,no,POLICY_TERM_CONFIG_OR_STRUCTURAL,src/bolt_v3_archetypes/binary_oracle_edge_taker.rs,string,"""block""","crate::bolt_v3_config::ReferencePriceStalePolicy::Block => ""block"",",binary_oracle_reference_current_price_runtime_schema,Runtime config schema key or enum label for reference_current_price passed from validated TOML into the strategy.
1842,no,POLICY_TERM_CONFIG_OR_STRUCTURAL,src/bolt_v3_archetypes/binary_oracle_edge_taker.rs,string,"""client_id""","insert_string(&mut source_table, ""client_id"", source.client_id.to_string());",binary_oracle_reference_current_price_runtime_schema,Runtime config schema key or enum label for reference_current_price passed from validated TOML into the strategy.
1843,no,POLICY_TERM_CONFIG_OR_STRUCTURAL,src/bolt_v3_archetypes/binary_oracle_edge_taker.rs,string,"""drift_policy""","""drift_policy"",",binary_oracle_reference_current_price_runtime_schema,Runtime config schema key or enum label for reference_current_price passed from validated TOML into the strategy.
1844,no,POLICY_TERM_CONFIG_OR_STRUCTURAL,src/bolt_v3_archetypes/binary_oracle_edge_taker.rs,string,"""enabled""","insert_bool(&mut source_table, ""enabled"", source.enabled);",binary_oracle_reference_current_price_runtime_schema,Runtime config schema key or enum label for reference_current_price passed from validated TOML into the strategy.
1845,no,POLICY_TERM_CONFIG_OR_STRUCTURAL,src/bolt_v3_archetypes/binary_oracle_edge_taker.rs,string,"""first_valid_per_interval""","""first_valid_per_interval""",binary_oracle_reference_current_price_runtime_schema,Runtime config schema key or enum label for reference_current_price passed from validated TOML into the strategy.
1846,yes,POLICY_TERM_CONFIG_OR_STRUCTURAL,src/bolt_v3_archetypes/binary_oracle_edge_taker.rs,string,"""instrument_id `{}` has no matching feed_binding in root chainlink_data_streams.feed_bindings for client `{}`""","""instrument_id `{}` has no matching feed_binding in root chainlink_data_streams.feed_bindings for client `{}`"",",binary_oracle_reference_validation_diagnostic,Config-load validation diagnostic for reference/resolution bindings; interpolated values come from TOML.
1847,no,POLICY_TERM_CONFIG_OR_STRUCTURAL,src/bolt_v3_archetypes/binary_oracle_edge_taker.rs,string,"""instrument_id""","insert_string(&mut source_table, ""instrument_id"", instrument_id.clone());",binary_oracle_reference_current_price_runtime_schema,Runtime config schema key or enum label for reference_current_price passed from validated TOML into the strategy.
1848,no,POLICY_TERM_CONFIG_OR_STRUCTURAL,src/bolt_v3_archetypes/binary_oracle_edge_taker.rs,string,"""max_source_age_ms""","""max_source_age_ms"",",binary_oracle_reference_current_price_runtime_schema,Runtime config schema key or enum label for reference_current_price passed from validated TOML into the strategy.
1849,no,POLICY_TERM_CONFIG_OR_STRUCTURAL,src/bolt_v3_archetypes/binary_oracle_edge_taker.rs,string,"""max_source_drift_bps""","""max_source_drift_bps"",",binary_oracle_reference_current_price_runtime_schema,Runtime config schema key or enum label for reference_current_price passed from validated TOML into the strategy.
1850,no,POLICY_TERM_CONFIG_OR_STRUCTURAL,src/bolt_v3_archetypes/binary_oracle_edge_taker.rs,string,"""min_valid_sources""","""min_valid_sources"",",binary_oracle_reference_current_price_runtime_schema,Runtime config schema key or enum label for reference_current_price passed from validated TOML into the strategy.
1851,no,POLICY_TERM_CONFIG_OR_STRUCTURAL,src/bolt_v3_archetypes/binary_oracle_edge_taker.rs,string,"""observe""","crate::bolt_v3_config::ReferencePriceDriftPolicy::Observe => ""observe"",",binary_oracle_reference_current_price_runtime_schema,Runtime config schema key or enum label for reference_current_price passed from validated TOML into the strategy.
1852,no,POLICY_TERM_CONFIG_OR_STRUCTURAL,src/bolt_v3_archetypes/binary_oracle_edge_taker.rs,string,"""provider""","""provider"",",binary_oracle_reference_current_price_runtime_schema,Runtime config schema key or enum label for reference_current_price passed from validated TOML into the strategy.
1853,no,POLICY_TERM_CONFIG_OR_STRUCTURAL,src/bolt_v3_archetypes/binary_oracle_edge_taker.rs,string,"""reference_current_price""","""reference_current_price"".to_string(),",binary_oracle_reference_current_price_runtime_schema,Runtime config schema key or enum label for reference_current_price passed from validated TOML into the strategy.
1854,no,POLICY_TERM_CONFIG_OR_STRUCTURAL,src/bolt_v3_archetypes/binary_oracle_edge_taker.rs,string,"""reference_current_price.min_valid_sources""","""reference_current_price.min_valid_sources"",",binary_oracle_reference_current_price_runtime_schema,Runtime config schema key or enum label for reference_current_price passed from validated TOML into the strategy.
1855,no,POLICY_TERM_CONFIG_OR_STRUCTURAL,src/bolt_v3_archetypes/binary_oracle_edge_taker.rs,string,"""selection_policy""","""selection_policy"",",binary_oracle_reference_current_price_runtime_schema,Runtime config schema key or enum label for reference_current_price passed from validated TOML into the strategy.
1856,no,POLICY_TERM_CONFIG_OR_STRUCTURAL,src/bolt_v3_archetypes/binary_oracle_edge_taker.rs,string,"""source""","reference_table.insert(""source"".to_string(), Value::Table(source_tables));",binary_oracle_reference_current_price_runtime_schema,Runtime config schema key or enum label for reference_current_price passed from validated TOML into the strategy.
1857,no,POLICY_TERM_CONFIG_OR_STRUCTURAL,src/bolt_v3_archetypes/binary_oracle_edge_taker.rs,string,"""sources""","""sources"",",binary_oracle_reference_current_price_runtime_schema,Runtime config schema key or enum label for reference_current_price passed from validated TOML into the strategy.
1858,no,POLICY_TERM_CONFIG_OR_STRUCTURAL,src/bolt_v3_archetypes/binary_oracle_edge_taker.rs,string,"""stale_policy""","""stale_policy"",",binary_oracle_reference_current_price_runtime_schema,Runtime config schema key or enum label for reference_current_price passed from validated TOML into the strategy.
1859,no,POLICY_TERM_CONFIG_OR_STRUCTURAL,src/bolt_v3_archetypes/binary_oracle_edge_taker.rs,string,"""symbol""","insert_string(&mut source_table, ""symbol"", symbol.clone());",binary_oracle_reference_current_price_runtime_schema,Runtime config schema key or enum label for reference_current_price passed from validated TOML into the strategy.
1860,yes,NO_POLICY_TERM,src/bolt_v3_decision_evidence.rs,number,14,pub const BOLT_V3_DECISION_EVIDENCE_SCHEMA_VERSION: u32 = 14;,decision_evidence_schema_contract,"Decision-evidence JSONL schema/control literal; it defines audit-record compatibility, not operator runtime configuration."
1861,no,NO_POLICY_TERM,src/bolt_v3_decision_evidence.rs,string,"""bolt-v3 decision evidence has no complete entry decision chain""","""bolt-v3 decision evidence has no complete entry decision chain""",decision_evidence_schema_contract,"Decision-evidence JSONL schema/control literal; it defines audit-record compatibility, not operator runtime configuration."
1862,yes,POLICY_TERM_CONFIG_OR_STRUCTURAL,src/bolt_v3_providers/chainlink.rs,string,"""feed_bindings""","""feed_bindings"".to_string(),",chainlink_root_catalog_schema,Root-owned Chainlink feed catalog schema key; actual feed ids remain configured in TOML.
1863,no,POLICY_TERM_CONFIG_OR_STRUCTURAL,src/bolt_v3_providers/chainlink.rs,string,"""feed_bindings""","if table.contains_key(""feed_bindings"") {",chainlink_root_catalog_schema,Root-owned Chainlink feed catalog schema key; actual feed ids remain configured in TOML.
1864,yes,POLICY_TERM_CONFIG_OR_STRUCTURAL,src/bolt_v3_providers/chainlink_reference.rs,number,0.0,if !data.reconnect_backoff_factor.is_finite() || data.reconnect_backoff_factor <= 0.0 {,chainlink_reference_provider_contract,Chainlink reference-price provider protocol/config literal; operator-selected feeds and credentials remain TOML/SSM-owned.
1865,no,POLICY_TERM_CONFIG_OR_STRUCTURAL,src/bolt_v3_providers/chainlink_reference.rs,string,""",""","&feed_ids.join("",""),",chainlink_reference_provider_contract,Chainlink reference-price provider protocol/config literal; operator-selected feeds and credentials remain TOML/SSM-owned.
1866,no,POLICY_TERM_CONFIG_OR_STRUCTURAL,src/bolt_v3_providers/chainlink_reference.rs,string,"""/""","|| !(path.is_empty() || path == ""/"")",chainlink_reference_provider_contract,Chainlink reference-price provider protocol/config literal; operator-selected feeds and credentials remain TOML/SSM-owned.
1867,no,POLICY_TERM_CONFIG_OR_STRUCTURAL,src/bolt_v3_providers/chainlink_reference.rs,string,"""/""","|| value == ""/""",chainlink_reference_provider_contract,Chainlink reference-price provider protocol/config literal; operator-selected feeds and credentials remain TOML/SSM-owned.
1868,no,POLICY_TERM_CONFIG_OR_STRUCTURAL,src/bolt_v3_providers/chainlink_reference.rs,string,"""//""","|| value.starts_with(""//"")",chainlink_reference_provider_contract,Chainlink reference-price provider protocol/config literal; operator-selected feeds and credentials remain TOML/SSM-owned.
1869,no,POLICY_TERM_CONFIG_OR_STRUCTURAL,src/bolt_v3_providers/chainlink_reference.rs,string,"""CHAINLINK_REFERENCE_PRICE""","pub const KEY: &str = ""CHAINLINK_REFERENCE_PRICE"";",chainlink_reference_provider_contract,Chainlink reference-price provider protocol/config literal; operator-selected feeds and credentials remain TOML/SSM-owned.
1870,no,POLICY_TERM_CONFIG_OR_STRUCTURAL,src/bolt_v3_providers/chainlink_reference.rs,string,"""Chainlink reference subscription data_type metadata is inconsistent""","""Chainlink reference subscription data_type metadata is inconsistent"".to_string(),",chainlink_reference_provider_contract,Chainlink reference-price provider protocol/config literal; operator-selected feeds and credentials remain TOML/SSM-owned.
1871,no,POLICY_TERM_CONFIG_OR_STRUCTURAL,src/bolt_v3_providers/chainlink_reference.rs,string,"""Chainlink reference-price source""","consumer: ""Chainlink reference-price source"",",chainlink_reference_provider_contract,Chainlink reference-price provider protocol/config literal; operator-selected feeds and credentials remain TOML/SSM-owned.
1872,no,POLICY_TERM_CONFIG_OR_STRUCTURAL,src/bolt_v3_providers/chainlink_reference.rs,string,"""ChainlinkReferencePriceClientConfig""","const CONFIG_TYPE: &str = ""ChainlinkReferencePriceClientConfig"";",chainlink_reference_provider_contract,Chainlink reference-price provider protocol/config literal; operator-selected feeds and credentials remain TOML/SSM-owned.
1873,no,POLICY_TERM_CONFIG_OR_STRUCTURAL,src/bolt_v3_providers/chainlink_reference.rs,string,"""api_key_ssm_parameter""","""api_key_ssm_parameter"",",chainlink_reference_provider_contract,Chainlink reference-price provider protocol/config literal; operator-selected feeds and credentials remain TOML/SSM-owned.
1874,no,POLICY_TERM_CONFIG_OR_STRUCTURAL,src/bolt_v3_providers/chainlink_reference.rs,string,"""api_key_ssm_parameter""","(""api_key_ssm_parameter"", &secrets.api_key_ssm_parameter),",chainlink_reference_provider_contract,Chainlink reference-price provider protocol/config literal; operator-selected feeds and credentials remain TOML/SSM-owned.
1875,no,POLICY_TERM_CONFIG_OR_STRUCTURAL,src/bolt_v3_providers/chainlink_reference.rs,string,"""api_key_ssm_parameter""","field_name: ""api_key_ssm_parameter"",",chainlink_reference_provider_contract,Chainlink reference-price provider protocol/config literal; operator-selected feeds and credentials remain TOML/SSM-owned.
1876,no,POLICY_TERM_CONFIG_OR_STRUCTURAL,src/bolt_v3_providers/chainlink_reference.rs,string,"""api_key_ssm_parameter""","pub const SECRET_FIELD_NAMES: &[&str] = &[""api_key_ssm_parameter"", ""api_secret_ssm_parameter""];",chainlink_reference_provider_contract,Chainlink reference-price provider protocol/config literal; operator-selected feeds and credentials remain TOML/SSM-owned.
1877,no,POLICY_TERM_CONFIG_OR_STRUCTURAL,src/bolt_v3_providers/chainlink_reference.rs,string,"""api_secret_ssm_parameter""","""api_secret_ssm_parameter"",",chainlink_reference_provider_contract,Chainlink reference-price provider protocol/config literal; operator-selected feeds and credentials remain TOML/SSM-owned.
1878,no,POLICY_TERM_CONFIG_OR_STRUCTURAL,src/bolt_v3_providers/chainlink_reference.rs,string,"""api_secret_ssm_parameter""","""api_secret_ssm_parameter"",",chainlink_reference_provider_contract,Chainlink reference-price provider protocol/config literal; operator-selected feeds and credentials remain TOML/SSM-owned.
1879,no,POLICY_TERM_CONFIG_OR_STRUCTURAL,src/bolt_v3_providers/chainlink_reference.rs,string,"""api_secret_ssm_parameter""","field_name: ""api_secret_ssm_parameter"",",chainlink_reference_provider_contract,Chainlink reference-price provider protocol/config literal; operator-selected feeds and credentials remain TOML/SSM-owned.
1880,no,POLICY_TERM_CONFIG_OR_STRUCTURAL,src/bolt_v3_providers/chainlink_reference.rs,string,"""api_secret_ssm_parameter""","pub const SECRET_FIELD_NAMES: &[&str] = &[""api_key_ssm_parameter"", ""api_secret_ssm_parameter""];",chainlink_reference_provider_contract,Chainlink reference-price provider protocol/config literal; operator-selected feeds and credentials remain TOML/SSM-owned.
1881,no,POLICY_TERM_CONFIG_OR_STRUCTURAL,src/bolt_v3_providers/chainlink_reference.rs,string,"""chainlink_ws""","pub const REFERENCE_PRICE_PROVIDER_KEY: &str = ""chainlink_ws"";",chainlink_reference_provider_contract,Chainlink reference-price provider protocol/config literal; operator-selected feeds and credentials remain TOML/SSM-owned.
1882,no,POLICY_TERM_CONFIG_OR_STRUCTURAL,src/bolt_v3_providers/chainlink_reference.rs,string,"""data_type""","let asset = required_reference_field(metadata, REFERENCE_PRICE_ASSET_PARAM, ""data_type"")?;",chainlink_reference_provider_contract,Chainlink reference-price provider protocol/config literal; operator-selected feeds and credentials remain TOML/SSM-owned.
1883,no,POLICY_TERM_CONFIG_OR_STRUCTURAL,src/bolt_v3_providers/chainlink_reference.rs,string,"""data_type""","let provider = required_reference_field(metadata, REFERENCE_PRICE_PROVIDER_PARAM, ""data_type"")?;",chainlink_reference_provider_contract,Chainlink reference-price provider protocol/config literal; operator-selected feeds and credentials remain TOML/SSM-owned.
1884,no,POLICY_TERM_CONFIG_OR_STRUCTURAL,src/bolt_v3_providers/chainlink_reference.rs,string,"""data_type""","required_reference_field(metadata, REFERENCE_PRICE_SOURCE_KEY_PARAM, ""data_type"")?;",chainlink_reference_provider_contract,Chainlink reference-price provider protocol/config literal; operator-selected feeds and credentials remain TOML/SSM-owned.
1885,no,POLICY_TERM_CONFIG_OR_STRUCTURAL,src/bolt_v3_providers/chainlink_reference.rs,string,"""feedIDs""","const CHAINLINK_REFERENCE_FEED_IDS_QUERY_FIELD: &str = ""feedIDs"";",chainlink_reference_provider_contract,Chainlink reference-price provider protocol/config literal; operator-selected feeds and credentials remain TOML/SSM-owned.
1886,no,POLICY_TERM_CONFIG_OR_STRUCTURAL,src/bolt_v3_providers/chainlink_reference.rs,string,"""params""","let actual = required_reference_field(params, key, ""params"")?;",chainlink_reference_provider_contract,Chainlink reference-price provider protocol/config literal; operator-selected feeds and credentials remain TOML/SSM-owned.
1887,no,POLICY_TERM_CONFIG_OR_STRUCTURAL,src/bolt_v3_providers/chainlink_reference.rs,string,"""params""","required_reference_field(params, REFERENCE_PRICE_INSTRUMENT_ID_PARAM, ""params"")?;",chainlink_reference_provider_contract,Chainlink reference-price provider protocol/config literal; operator-selected feeds and credentials remain TOML/SSM-owned.
1888,no,POLICY_TERM_CONFIG_OR_STRUCTURAL,src/bolt_v3_providers/chainlink_reference.rs,string,"""reconnect_delay_initial_ms""","""reconnect_delay_initial_ms"",",chainlink_reference_provider_contract,Chainlink reference-price provider protocol/config literal; operator-selected feeds and credentials remain TOML/SSM-owned.
1889,no,POLICY_TERM_CONFIG_OR_STRUCTURAL,src/bolt_v3_providers/chainlink_reference.rs,string,"""wss""","|| url.scheme() != ""wss""",chainlink_reference_provider_contract,Chainlink reference-price provider protocol/config literal; operator-selected feeds and credentials remain TOML/SSM-owned.
1890,yes,POLICY_TERM_CONFIG_OR_STRUCTURAL,src/bolt_v3_providers/polyresearch.rs,number,0,PolyResearchReconnectMaxAttempts::Limited(0),polyresearch_reference_provider_contract,PolyResearch reference-price provider protocol/config literal; operator-selected symbols and credentials remain TOML/SSM-owned.
1891,no,NO_POLICY_TERM,src/bolt_v3_providers/polyresearch.rs,number,0,let provider_subscription_generation = Arc::new(AtomicU64::new(0));,polyresearch_reference_provider_contract,PolyResearch reference-price provider protocol/config literal; operator-selected symbols and credentials remain TOML/SSM-owned.
1892,no,NO_POLICY_TERM,src/bolt_v3_providers/polyresearch.rs,number,0,"provider_subscription_generation: Arc::new(AtomicU64::new(0)),",polyresearch_reference_provider_contract,PolyResearch reference-price provider protocol/config literal; operator-selected symbols and credentials remain TOML/SSM-owned.
1893,no,NO_POLICY_TERM,src/bolt_v3_providers/polyresearch.rs,number,0.0,if !data.reconnect_backoff_factor.is_finite() || data.reconnect_backoff_factor <= 0.0 {,polyresearch_reference_provider_contract,PolyResearch reference-price provider protocol/config literal; operator-selected symbols and credentials remain TOML/SSM-owned.
1894,no,POLICY_TERM_CONFIG_OR_STRUCTURAL,src/bolt_v3_providers/polyresearch.rs,number,1,".fetch_add(1, Ordering::SeqCst);",polyresearch_reference_provider_contract,PolyResearch reference-price provider protocol/config literal; operator-selected symbols and credentials remain TOML/SSM-owned.
1895,no,POLICY_TERM_CONFIG_OR_STRUCTURAL,src/bolt_v3_providers/polyresearch.rs,number,1,"provider_subscription_generation.fetch_add(1, Ordering::SeqCst);",polyresearch_reference_provider_contract,PolyResearch reference-price provider protocol/config literal; operator-selected symbols and credentials remain TOML/SSM-owned.
1896,no,NO_POLICY_TERM,src/bolt_v3_providers/polyresearch.rs,string,"""POLYRESEARCH_REFERENCE_PRICE""","pub const KEY: &str = ""POLYRESEARCH_REFERENCE_PRICE"";",polyresearch_reference_provider_contract,PolyResearch reference-price provider protocol/config literal; operator-selected symbols and credentials remain TOML/SSM-owned.
1897,no,NO_POLICY_TERM,src/bolt_v3_providers/polyresearch.rs,string,"""PolyResearch reference subscription {} metadata is inconsistent""","""PolyResearch reference subscription {} metadata is inconsistent"",",polyresearch_reference_provider_contract,PolyResearch reference-price provider protocol/config literal; operator-selected symbols and credentials remain TOML/SSM-owned.
1898,no,NO_POLICY_TERM,src/bolt_v3_providers/polyresearch.rs,string,"""PolyResearch reference-price source""","consumer: ""PolyResearch reference-price source"",",polyresearch_reference_provider_contract,PolyResearch reference-price provider protocol/config literal; operator-selected symbols and credentials remain TOML/SSM-owned.
1899,no,NO_POLICY_TERM,src/bolt_v3_providers/polyresearch.rs,string,"""PolyResearchReferencePriceClientConfig""","const CONFIG_TYPE: &str = ""PolyResearchReferencePriceClientConfig"";",polyresearch_reference_provider_contract,PolyResearch reference-price provider protocol/config literal; operator-selected symbols and credentials remain TOML/SSM-owned.
1900,no,NO_POLICY_TERM,src/bolt_v3_providers/polyresearch.rs,string,"""apiKey""","const POLYRESEARCH_API_KEY_QUERY_FIELD: &str = ""apiKey"";",polyresearch_reference_provider_contract,PolyResearch reference-price provider protocol/config literal; operator-selected symbols and credentials remain TOML/SSM-owned.
1901,no,NO_POLICY_TERM,src/bolt_v3_providers/polyresearch.rs,string,"""api_key_ssm_parameter""","""api_key_ssm_parameter"",",polyresearch_reference_provider_contract,PolyResearch reference-price provider protocol/config literal; operator-selected symbols and credentials remain TOML/SSM-owned.
1902,no,NO_POLICY_TERM,src/bolt_v3_providers/polyresearch.rs,string,"""api_key_ssm_parameter""","""api_key_ssm_parameter"",",polyresearch_reference_provider_contract,PolyResearch reference-price provider protocol/config literal; operator-selected symbols and credentials remain TOML/SSM-owned.
1903,no,NO_POLICY_TERM,src/bolt_v3_providers/polyresearch.rs,string,"""api_key_ssm_parameter""","field_name: ""api_key_ssm_parameter"",",polyresearch_reference_provider_contract,PolyResearch reference-price provider protocol/config literal; operator-selected symbols and credentials remain TOML/SSM-owned.
1904,no,NO_POLICY_TERM,src/bolt_v3_providers/polyresearch.rs,string,"""api_key_ssm_parameter""","pub const SECRET_FIELD_NAMES: &[&str] = &[""api_key_ssm_parameter""];",polyresearch_reference_provider_contract,PolyResearch reference-price provider protocol/config literal; operator-selected symbols and credentials remain TOML/SSM-owned.
1905,no,NO_POLICY_TERM,src/bolt_v3_providers/polyresearch.rs,string,"""chainlink""","const POLYRESEARCH_REFERENCE_SUBSCRIPTION_TYPE: &str = ""chainlink"";",polyresearch_reference_provider_contract,PolyResearch reference-price provider protocol/config literal; operator-selected symbols and credentials remain TOML/SSM-owned.
1906,no,NO_POLICY_TERM,src/bolt_v3_providers/polyresearch.rs,string,"""nautilus_network::websocket::client""","pub const CREDENTIAL_LOG_MODULES: &[&str] = &[""nautilus_network::websocket::client""];",polyresearch_reference_provider_contract,PolyResearch reference-price provider protocol/config literal; operator-selected symbols and credentials remain TOML/SSM-owned.
1907,no,NO_POLICY_TERM,src/bolt_v3_providers/polyresearch.rs,string,"""polyresearch_ws""","pub const REFERENCE_PRICE_PROVIDER_KEY: &str = ""polyresearch_ws"";",polyresearch_reference_provider_contract,PolyResearch reference-price provider protocol/config literal; operator-selected symbols and credentials remain TOML/SSM-owned.
1908,no,POLICY_TERM_CONFIG_OR_STRUCTURAL,src/bolt_v3_providers/polyresearch.rs,string,"""price_feed""","const POLYRESEARCH_PRICE_FEED_FRAME_TYPE: &str = ""price_feed"";",polyresearch_reference_provider_contract,PolyResearch reference-price provider protocol/config literal; operator-selected symbols and credentials remain TOML/SSM-owned.
1909,no,NO_POLICY_TERM,src/bolt_v3_providers/polyresearch.rs,string,"""reconnect_delay_initial_ms""","""reconnect_delay_initial_ms"",",polyresearch_reference_provider_contract,PolyResearch reference-price provider protocol/config literal; operator-selected symbols and credentials remain TOML/SSM-owned.
1910,no,NO_POLICY_TERM,src/bolt_v3_providers/polyresearch.rs,string,"""subscribe""","const POLYRESEARCH_SUBSCRIBE_ACTION: &str = ""subscribe"";",polyresearch_reference_provider_contract,PolyResearch reference-price provider protocol/config literal; operator-selected symbols and credentials remain TOML/SSM-owned.
1911,no,NO_POLICY_TERM,src/bolt_v3_providers/polyresearch.rs,string,"""subscribed""","const POLYRESEARCH_SUBSCRIBED_FRAME_TYPE: &str = ""subscribed"";",polyresearch_reference_provider_contract,PolyResearch reference-price provider protocol/config literal; operator-selected symbols and credentials remain TOML/SSM-owned.
1912,no,POLICY_TERM_CONFIG_OR_STRUCTURAL,src/bolt_v3_providers/polyresearch.rs,string,"""unlimited""","Wire::Text(value) if value == ""unlimited"" => Ok(Self::Unlimited),",polyresearch_reference_provider_contract,PolyResearch reference-price provider protocol/config literal; operator-selected symbols and credentials remain TOML/SSM-owned.
1913,no,NO_POLICY_TERM,src/bolt_v3_providers/polyresearch.rs,string,"""unsubscribe""","const POLYRESEARCH_UNSUBSCRIBE_ACTION: &str = ""unsubscribe"";",polyresearch_reference_provider_contract,PolyResearch reference-price provider protocol/config literal; operator-selected symbols and credentials remain TOML/SSM-owned.
1914,yes,NO_POLICY_TERM,src/bolt_v3_reference_price.rs,number,0.0,value.is_finite() && value > 0.0,reference_price_data_contract,Reference-price normalized data/health contract literal; configured source selection remains TOML-owned.
1915,no,POLICY_TERM_CONFIG_OR_STRUCTURAL,src/bolt_v3_reference_price.rs,number,1,for rhs in quotes.iter().skip(index + 1) {,reference_price_data_contract,Reference-price normalized data/health contract literal; configured source selection remains TOML-owned.
1916,no,POLICY_TERM_CONFIG_OR_STRUCTURAL,src/bolt_v3_reference_price.rs,number,10_000.0,let drift_bps = ((lhs.price - rhs.price).abs() / denominator) * 10_000.0;,reference_price_data_contract,Reference-price normalized data/health contract literal; configured source selection remains TOML-owned.
1917,no,NO_POLICY_TERM,src/bolt_v3_reference_price.rs,string,"""BoltV3ReferencePriceUpdate""","const REFERENCE_PRICE_UPDATE_TYPE: &str = ""BoltV3ReferencePriceUpdate"";",reference_price_data_contract,Reference-price normalized data/health contract literal; configured source selection remains TOML-owned.
1918,yes,NO_POLICY_TERM,src/bolt_v3_reference_price.rs,string,"""api-key ""","|| value_lower.starts_with(""api-key "")",reference_price_secret_redaction_guard,Reference-price credential-redaction guard literal; it prevents credential disclosure and is not an operator runtime value.
1919,no,NO_POLICY_TERM,src/bolt_v3_reference_price.rs,string,"""api_key""","|| key_lower.contains(""api_key"")",reference_price_secret_redaction_guard,Reference-price credential-redaction guard literal; it prevents credential disclosure and is not an operator runtime value.
1920,no,NO_POLICY_TERM,src/bolt_v3_reference_price.rs,string,"""apikey ""","|| value_lower.starts_with(""apikey "")",reference_price_secret_redaction_guard,Reference-price credential-redaction guard literal; it prevents credential disclosure and is not an operator runtime value.
1921,no,NO_POLICY_TERM,src/bolt_v3_reference_price.rs,string,"""apikey""","|| key_lower.contains(""apikey"")",reference_price_secret_redaction_guard,Reference-price credential-redaction guard literal; it prevents credential disclosure and is not an operator runtime value.
1922,no,NO_POLICY_TERM,src/bolt_v3_reference_price.rs,string,"""asset""","const REFERENCE_PRICE_ASSET_METADATA_FIELD: &str = ""asset"";",reference_price_data_contract,Reference-price normalized data/health contract literal; configured source selection remains TOML-owned.
1923,no,NO_POLICY_TERM,src/bolt_v3_reference_price.rs,string,"""auth""","key_lower == ""auth""",reference_price_secret_redaction_guard,Reference-price credential-redaction guard literal; it prevents credential disclosure and is not an operator runtime value.
1924,no,NO_POLICY_TERM,src/bolt_v3_reference_price.rs,string,"""auth_header""","|| key_lower.contains(""auth_header"")",reference_price_secret_redaction_guard,Reference-price credential-redaction guard literal; it prevents credential disclosure and is not an operator runtime value.
1925,no,NO_POLICY_TERM,src/bolt_v3_reference_price.rs,string,"""auth_rejected""","Self::AuthRejected => ""auth_rejected"",",reference_price_secret_redaction_guard,Reference-price credential-redaction guard literal; it prevents credential disclosure and is not an operator runtime value.
1926,no,NO_POLICY_TERM,src/bolt_v3_reference_price.rs,string,"""authorization""","|| key_lower.contains(""authorization"")",reference_price_secret_redaction_guard,Reference-price credential-redaction guard literal; it prevents credential disclosure and is not an operator runtime value.
1927,no,NO_POLICY_TERM,src/bolt_v3_reference_price.rs,string,"""available""","Self::Available => ""available"",",reference_price_data_contract,Reference-price normalized data/health contract literal; configured source selection remains TOML-owned.
1928,no,NO_POLICY_TERM,src/bolt_v3_reference_price.rs,string,"""basic ""","|| value_lower.starts_with(""basic "")",reference_price_secret_redaction_guard,Reference-price credential-redaction guard literal; it prevents credential disclosure and is not an operator runtime value.
1929,no,NO_POLICY_TERM,src/bolt_v3_reference_price.rs,string,"""bearer ""","value_lower.starts_with(""bearer "")",reference_price_secret_redaction_guard,Reference-price credential-redaction guard literal; it prevents credential disclosure and is not an operator runtime value.
1930,no,NO_POLICY_TERM,src/bolt_v3_reference_price.rs,string,"""credential""","|| key_lower.contains(""credential"")",reference_price_secret_redaction_guard,Reference-price credential-redaction guard literal; it prevents credential disclosure and is not an operator runtime value.
1931,no,POLICY_TERM_CONFIG_OR_STRUCTURAL,src/bolt_v3_reference_price.rs,string,"""disabled""","Self::Disabled => ""disabled"",",reference_price_data_contract,Reference-price normalized data/health contract literal; configured source selection remains TOML-owned.
1932,no,NO_POLICY_TERM,src/bolt_v3_reference_price.rs,string,"""disconnected""","Self::Disconnected => ""disconnected"",",reference_price_data_contract,Reference-price normalized data/health contract literal; configured source selection remains TOML-owned.
1933,no,NO_POLICY_TERM,src/bolt_v3_reference_price.rs,string,"""drift_exceeded""","Self::DriftExceeded => ""drift_exceeded"",",reference_price_data_contract,Reference-price normalized data/health contract literal; configured source selection remains TOML-owned.
1934,no,NO_POLICY_TERM,src/bolt_v3_reference_price.rs,string,"""instrument_id""","pub const REFERENCE_PRICE_INSTRUMENT_ID_PARAM: &str = ""instrument_id"";",reference_price_data_contract,Reference-price normalized data/health contract literal; configured source selection remains TOML-owned.
1935,no,NO_POLICY_TERM,src/bolt_v3_reference_price.rs,string,"""key""","validate_provenance_component(key, ""key"")?;",reference_price_data_contract,Reference-price normalized data/health contract literal; configured source selection remains TOML-owned.
1936,yes,POLICY_TERM_CONFIG_OR_STRUCTURAL,src/bolt_v3_providers/reference_boundary_capture.rs,number,0,let observed_binary_frames = Arc::new(AtomicUsize::new(0));,chainlink_fixture_capture_counter_initial_value,"Initializes a diagnostic frame counter in the gated fixture-capture command; the captured endpoint, client, and wait bound are command/config inputs."
1937,no,POLICY_TERM_CONFIG_OR_STRUCTURAL,src/bolt_v3_providers/reference_boundary_capture.rs,number,0,let observed_text_frames = Arc::new(AtomicUsize::new(0));,chainlink_fixture_capture_counter_initial_value,"Initializes a diagnostic frame counter in the gated fixture-capture command; the captured endpoint, client, and wait bound are command/config inputs."
1938,yes,POLICY_TERM_CONFIG_OR_STRUCTURAL,src/bolt_v3_providers/reference_boundary_capture.rs,number,1,const CHAINLINK_REFERENCE_CAPTURE_SCHEMA_VERSION: u32 = 1;,chainlink_fixture_capture_artifact_schema,Stable artifact schema version for the Chainlink reference fixture-capture record; it does not configure runtime trading behavior.
1939,yes,POLICY_TERM_CONFIG_OR_STRUCTURAL,src/bolt_v3_providers/reference_boundary_capture.rs,number,1,"observed_binary_frames.fetch_add(1, Ordering::SeqCst);",chainlink_fixture_capture_counter_increment,Increments a diagnostic frame counter when the gated capture command observes one binary frame event.
1940,no,POLICY_TERM_CONFIG_OR_STRUCTURAL,src/bolt_v3_providers/reference_boundary_capture.rs,number,1,"observed_text_frames.fetch_add(1, Ordering::SeqCst);",chainlink_fixture_capture_counter_increment,Increments a diagnostic frame counter when the gated capture command observes one text frame event.
1941,yes,POLICY_TERM_CONFIG_OR_STRUCTURAL,src/bolt_v3_providers/reference_boundary_capture.rs,string,"""base_sha""","""base_sha"": null,",chainlink_fixture_capture_provenance_schema_field,Required ci_provenance-compatible pull_request field in the capture artifact; the value is null outside pull_request events.
1942,yes,POLICY_TERM_CONFIG_OR_STRUCTURAL,src/bolt_v3_providers/reference_boundary_capture.rs,string,"""binary""","const CHAINLINK_REFERENCE_CAPTURE_FRAME_KIND: &str = ""binary"";",chainlink_fixture_capture_frame_kind,Stable artifact classification for the Chainlink fixture frame kind; the command records observed provider frames and does not configure runtime trading behavior.
1943,yes,SUSPECT_POLICY_REVIEW,src/bolt_v3_providers/reference_boundary_capture.rs,string,"""capture""","required_jobs: serde_json::json!({ ""capture"": ""success"" }),",chainlink_fixture_capture_provenance_job_key,ci_provenance-compatible logical job key for the manual capture workflow artifact.
1944,no,POLICY_TERM_CONFIG_OR_STRUCTURAL,src/bolt_v3_providers/reference_boundary_capture.rs,string,"""chainlink-reference-fixture-capture""","const CHAINLINK_REFERENCE_CAPTURE_KIND: &str = ""chainlink-reference-fixture-capture"";",chainlink_fixture_capture_artifact_schema,Stable artifact record kind for the Chainlink reference fixture-capture command.
1945,yes,POLICY_TERM_CONFIG_OR_STRUCTURAL,src/bolt_v3_providers/reference_boundary_capture.rs,string,"""chainlink-reference-frame.bin""","const CHAINLINK_REFERENCE_CAPTURE_FRAME_FILENAME: &str = ""chainlink-reference-frame.bin"";",chainlink_fixture_capture_artifact_filename,Stable artifact filename inside the gated capture output directory; captured bytes come from the configured provider connection.
1946,yes,SUSPECT_POLICY_REVIEW,src/bolt_v3_providers/reference_boundary_capture.rs,string,"""ci-provenance.json""","const CHAINLINK_REFERENCE_CAPTURE_PROVENANCE_FILENAME: &str = ""ci-provenance.json"";",chainlink_fixture_capture_artifact_filename,Required ci_provenance-compatible artifact filename consumed by the fixture-origin fence.
1947,no,POLICY_TERM_CONFIG_OR_STRUCTURAL,src/bolt_v3_providers/reference_boundary_capture.rs,string,"""full-ci""","kind: ""full-ci"",",chainlink_fixture_capture_provenance_schema_field,Required ci_provenance-compatible kind value in the capture artifact; this does not claim full CI merge readiness.
1948,no,POLICY_TERM_CONFIG_OR_STRUCTURAL,src/bolt_v3_providers/reference_boundary_capture.rs,string,"""number""","""number"": null,",chainlink_fixture_capture_provenance_schema_field,Required ci_provenance-compatible pull_request field in the capture artifact; the value is null outside pull_request events.
1949,yes,SUSPECT_POLICY_REVIEW,src/bolt_v3_providers/reference_boundary_capture.rs,string,"""success""","required_jobs: serde_json::json!({ ""capture"": ""success"" }),",chainlink_fixture_capture_provenance_job_result,ci_provenance-compatible capture job result written only after the Rust capture command returns successfully.
1950,yes,NO_POLICY_TERM,src/bolt_v3_providers/reference_live_probe.rs,number,0,let data_frames = Arc::new(AtomicU64::new(0));,reference_live_probe_counter_initial_value,Read-only reference live probe observation counters start at zero; probe duration and required observations are TOML-owned.
1951,no,NO_POLICY_TERM,src/bolt_v3_providers/reference_live_probe.rs,number,0,let server_pings = Arc::new(AtomicU64::new(0));,reference_live_probe_counter_initial_value,Read-only reference live probe observation counters start at zero; probe duration and required observations are TOML-owned.
1952,yes,POLICY_TERM_CONFIG_OR_STRUCTURAL,src/bolt_v3_providers/reference_live_probe.rs,number,1,"handler_data_frames.fetch_add(1, Ordering::SeqCst);",reference_live_probe_counter_increment,Atomic observation counter increments by one per received frame; required observation thresholds are TOML-owned.
1953,no,POLICY_TERM_CONFIG_OR_STRUCTURAL,src/bolt_v3_providers/reference_live_probe.rs,number,1,"ping_counter.fetch_add(1, Ordering::SeqCst);",reference_live_probe_counter_increment,Atomic observation counter increments by one per received server ping; required observation thresholds are TOML-owned.
1954,yes,POLICY_TERM_CONFIG_OR_STRUCTURAL,src/bolt_v3_providers/reference_live_probe.rs,string,"""Chainlink reference probe ended with connection_mode={connection_mode}""","""Chainlink reference probe ended with connection_mode={connection_mode}""",reference_live_probe_diagnostic,"Read-only pre-live probe diagnostic; endpoint, credentials, client ids, duration, and thresholds are TOML/SSM-owned."
1955,no,POLICY_TERM_CONFIG_OR_STRUCTURAL,src/bolt_v3_providers/reference_live_probe.rs,string,"""Chainlink reference probe observed {observed_data_frames} data frame(s), below reference_live_probe.min_chainlink_data_frames={required_data_frames}""","""Chainlink reference probe observed {observed_data_frames} data frame(s), below reference_live_probe.min_chainlink_data_frames={required_data_frames}""",reference_live_probe_diagnostic,"Read-only pre-live probe diagnostic; endpoint, credentials, client ids, duration, and thresholds are TOML/SSM-owned."
1956,no,POLICY_TERM_CONFIG_OR_STRUCTURAL,src/bolt_v3_providers/reference_live_probe.rs,string,"""PolyResearch reference probe ended with connection_mode={connection_mode}""","""PolyResearch reference probe ended with connection_mode={connection_mode}""",reference_live_probe_diagnostic,"Read-only pre-live probe diagnostic; endpoint, credentials, client ids, duration, and thresholds are TOML/SSM-owned."
1957,no,POLICY_TERM_CONFIG_OR_STRUCTURAL,src/bolt_v3_providers/reference_live_probe.rs,string,"""build Chainlink reference WebSocket config""",".context(""build Chainlink reference WebSocket config"")?;",reference_live_probe_diagnostic,"Read-only pre-live probe diagnostic; endpoint, credentials, client ids, duration, and thresholds are TOML/SSM-owned."
1958,no,POLICY_TERM_CONFIG_OR_STRUCTURAL,src/bolt_v3_providers/reference_live_probe.rs,string,"""build PolyResearch reference WebSocket config""",".context(""build PolyResearch reference WebSocket config"")?;",reference_live_probe_diagnostic,"Read-only pre-live probe diagnostic; endpoint, credentials, client ids, duration, and thresholds are TOML/SSM-owned."
1959,no,POLICY_TERM_CONFIG_OR_STRUCTURAL,src/bolt_v3_providers/reference_live_probe.rs,string,"""connect Chainlink reference WebSocket""",".context(""connect Chainlink reference WebSocket"")?;",reference_live_probe_diagnostic,"Read-only pre-live probe diagnostic; endpoint, credentials, client ids, duration, and thresholds are TOML/SSM-owned."
1960,no,POLICY_TERM_CONFIG_OR_STRUCTURAL,src/bolt_v3_providers/reference_live_probe.rs,string,"""connect PolyResearch reference WebSocket""",".context(""connect PolyResearch reference WebSocket"")?;",reference_live_probe_diagnostic,"Read-only pre-live probe diagnostic; endpoint, credentials, client ids, duration, and thresholds are TOML/SSM-owned."
1961,yes,NO_POLICY_TERM,src/bolt_v3_providers/mod.rs,string,"""reference_live_probe.chainlink_client_id""","""reference_live_probe.chainlink_client_id"",",reference_live_probe_config_schema_field,TOML schema field label used in validation diagnostics; the actual configured client id remains TOML-owned.
1962,no,NO_POLICY_TERM,src/bolt_v3_providers/mod.rs,string,"""reference_live_probe.polyresearch_client_id""","""reference_live_probe.polyresearch_client_id"",",reference_live_probe_config_schema_field,TOML schema field label used in validation diagnostics; the actual configured client id remains TOML-owned.
1963,no,NO_POLICY_TERM,src/bolt_v3_reference_price.rs,string,"""malformed_frame""","Self::MalformedFrame => ""malformed_frame"",",reference_price_data_contract,Reference-price normalized data/health contract literal; configured source selection remains TOML-owned.
1964,no,POLICY_TERM_CONFIG_OR_STRUCTURAL,src/bolt_v3_reference_price.rs,string,"""normalized reference quote constructor mirrors the provider contract fields including provenance""","reason = ""normalized reference quote constructor mirrors the provider contract fields including provenance""",reference_price_data_contract,Reference-price normalized data/health contract literal; configured source selection remains TOML-owned.
1965,no,POLICY_TERM_CONFIG_OR_STRUCTURAL,src/bolt_v3_reference_price.rs,string,"""normalized reference quote constructor mirrors the provider contract fields""","reason = ""normalized reference quote constructor mirrors the provider contract fields""",reference_price_data_contract,Reference-price normalized data/health contract literal; configured source selection remains TOML-owned.
1966,no,POLICY_TERM_CONFIG_OR_STRUCTURAL,src/bolt_v3_reference_price.rs,string,"""normalized reference-price custom data carries explicit provider, price, and timing fields""","reason = ""normalized reference-price custom data carries explicit provider, price, and timing fields""",reference_price_data_contract,Reference-price normalized data/health contract literal; configured source selection remains TOML-owned.
1967,no,POLICY_TERM_CONFIG_OR_STRUCTURAL,src/bolt_v3_reference_price.rs,string,"""normalized reference-price custom data carries explicit provider, price, timing, and provenance fields""","reason = ""normalized reference-price custom data carries explicit provider, price, timing, and provenance fields""",reference_price_data_contract,Reference-price normalized data/health contract literal; configured source selection remains TOML-owned.
1968,no,NO_POLICY_TERM,src/bolt_v3_reference_price.rs,string,"""observed_ts_ms""","let ts_event = reference_timestamp_ms_to_unix_nanos(observed_ts_ms, ""observed_ts_ms"")?;",reference_price_data_contract,Reference-price normalized data/health contract literal; configured source selection remains TOML-owned.
1969,no,NO_POLICY_TERM,src/bolt_v3_reference_price.rs,string,"""password""","|| key_lower.contains(""password"")",reference_price_secret_redaction_guard,Reference-price credential-redaction guard literal; it prevents credential disclosure and is not an operator runtime value.
1970,no,NO_POLICY_TERM,src/bolt_v3_reference_price.rs,string,"""provider""","const REFERENCE_PRICE_PROVIDER_METADATA_FIELD: &str = ""provider"";",reference_price_data_contract,Reference-price normalized data/health contract literal; configured source selection remains TOML-owned.
1971,no,NO_POLICY_TERM,src/bolt_v3_reference_price.rs,string,"""received_ts_ms""","let ts_init = reference_timestamp_ms_to_unix_nanos(received_ts_ms, ""received_ts_ms"")?;",reference_price_data_contract,Reference-price normalized data/health contract literal; configured source selection remains TOML-owned.
1972,no,NO_POLICY_TERM,src/bolt_v3_reference_price.rs,string,"""secret""","|| key_lower.contains(""secret"")",reference_price_secret_redaction_guard,Reference-price credential-redaction guard literal; it prevents credential disclosure and is not an operator runtime value.
1973,no,NO_POLICY_TERM,src/bolt_v3_reference_price.rs,string,"""silent""","Self::Silent => ""silent"",",reference_price_data_contract,Reference-price normalized data/health contract literal; configured source selection remains TOML-owned.
1974,no,NO_POLICY_TERM,src/bolt_v3_reference_price.rs,string,"""source_key""","const REFERENCE_PRICE_SOURCE_KEY_METADATA_FIELD: &str = ""source_key"";",reference_price_data_contract,Reference-price normalized data/health contract literal; configured source selection remains TOML-owned.
1975,no,POLICY_TERM_CONFIG_OR_STRUCTURAL,src/bolt_v3_reference_price.rs,string,"""stale""","Self::Stale => ""stale"",",reference_price_data_contract,Reference-price normalized data/health contract literal; configured source selection remains TOML-owned.
1976,no,NO_POLICY_TERM,src/bolt_v3_reference_price.rs,string,"""subscription_rejected""","Self::SubscriptionRejected => ""subscription_rejected"",",reference_price_data_contract,Reference-price normalized data/health contract literal; configured source selection remains TOML-owned.
1977,no,NO_POLICY_TERM,src/bolt_v3_reference_price.rs,string,"""symbol""","pub const REFERENCE_PRICE_SYMBOL_PARAM: &str = ""symbol"";",reference_price_data_contract,Reference-price normalized data/health contract literal; configured source selection remains TOML-owned.
1978,no,NO_POLICY_TERM,src/bolt_v3_reference_price.rs,string,"""token ""","|| value_lower.starts_with(""token "")",reference_price_secret_redaction_guard,Reference-price credential-redaction guard literal; it prevents credential disclosure and is not an operator runtime value.
1979,no,NO_POLICY_TERM,src/bolt_v3_reference_price.rs,string,"""token""","|| key_lower.contains(""token"")",reference_price_secret_redaction_guard,Reference-price credential-redaction guard literal; it prevents credential disclosure and is not an operator runtime value.
1980,no,NO_POLICY_TERM,src/bolt_v3_reference_price.rs,string,"""unsupported_symbol""","Self::UnsupportedSymbol => ""unsupported_symbol"",",reference_price_data_contract,Reference-price normalized data/health contract literal; configured source selection remains TOML-owned.
1981,no,NO_POLICY_TERM,src/bolt_v3_reference_price.rs,string,"""value""","validate_provenance_component(value, ""value"")?;",reference_price_data_contract,Reference-price normalized data/health contract literal; configured source selection remains TOML-owned.
1982,yes,NO_POLICY_TERM,src/bolt_v3_reference_price_health.rs,string,""", ""","missing_client_keys.join("", "")",reference_current_price_health_contract,Reference-current-price health output/status literal; it reports observed runtime state and does not configure trading behavior.
1983,no,POLICY_TERM_CONFIG_OR_STRUCTURAL,src/bolt_v3_reference_price_health.rs,string,""", ""","registered_strategy_ids.join("", "")",reference_current_price_health_contract,Reference-current-price health output/status literal; it reports observed runtime state and does not configure trading behavior.
1984,no,POLICY_TERM_CONFIG_OR_STRUCTURAL,src/bolt_v3_reference_price_health.rs,string,"""no enabled reference_current_price sources are configured""","""no enabled reference_current_price sources are configured""",reference_current_price_health_contract,Reference-current-price health output/status literal; it reports observed runtime state and does not configure trading behavior.
1985,no,NO_POLICY_TERM,src/bolt_v3_reference_price_health.rs,string,"""no reference_current_price custom data was observed before the configured health bound""","""no reference_current_price custom data was observed before the configured health bound"";",reference_current_price_health_contract,Reference-current-price health output/status literal; it reports observed runtime state and does not configure trading behavior.
1986,no,NO_POLICY_TERM,src/bolt_v3_reference_price_health.rs,string,"""not_observed""","const SOURCE_UPDATE_OBSERVATION_STATUS_NOT_OBSERVED: &str = ""not_observed"";",reference_current_price_health_contract,Reference-current-price health output/status literal; it reports observed runtime state and does not configure trading behavior.
1987,no,NO_POLICY_TERM,src/bolt_v3_reference_price_health.rs,string,"""observed""","const SOURCE_UPDATE_OBSERVATION_STATUS_OBSERVED: &str = ""observed"";",reference_current_price_health_contract,Reference-current-price health output/status literal; it reports observed runtime state and does not configure trading behavior.
1988,no,NO_POLICY_TERM,src/bolt_v3_reference_price_health.rs,string,"""received reference_current_price custom data before the configured health bound""","""received reference_current_price custom data before the configured health bound"";",reference_current_price_health_contract,Reference-current-price health output/status literal; it reports observed runtime state and does not configure trading behavior.
1989,no,POLICY_TERM_CONFIG_OR_STRUCTURAL,src/bolt_v3_reference_price_health.rs,string,"""reference_current_price health registered strategies: {}""","""reference_current_price health registered strategies: {}"",",reference_current_price_health_contract,Reference-current-price health output/status literal; it reports observed runtime state and does not configure trading behavior.
1990,no,POLICY_TERM_CONFIG_OR_STRUCTURAL,src/bolt_v3_reference_price_health.rs,string,"""strategy `{}` lists reference_current_price source `{source_id}` without a matching source block""","""strategy `{}` lists reference_current_price source `{source_id}` without a matching source block"",",reference_current_price_health_contract,Reference-current-price health output/status literal; it reports observed runtime state and does not configure trading behavior.
1991,no,POLICY_TERM_CONFIG_OR_STRUCTURAL,src/bolt_v3_reference_price_health.rs,string,"""strategy-free live node exited before reference_current_price custom data was observed""","""strategy-free live node exited before reference_current_price custom data was observed"";",reference_current_price_health_contract,Reference-current-price health output/status literal; it reports observed runtime state and does not configure trading behavior.
1992,no,NO_POLICY_TERM,src/bolt_v3_reference_price_health.rs,string,"""timed_out""","const SOURCE_UPDATE_OBSERVATION_STATUS_TIMED_OUT: &str = ""timed_out"";",reference_current_price_health_contract,Reference-current-price health output/status literal; it reports observed runtime state and does not configure trading behavior.
1993,yes,POLICY_TERM_CONFIG_OR_STRUCTURAL,src/bolt_v3_validate.rs,number,1,valid_enabled_sources = valid_enabled_sources.saturating_sub(1);,reference_current_price_validation_diagnostic,Reference-current-price validation diagnostic; interpolated values come from configured TOML.
1994,no,POLICY_TERM_CONFIG_OR_STRUCTURAL,src/bolt_v3_validate.rs,string,"""{context}: reference_current_price.min_valid_sources {} exceeds enabled source count {}""","""{context}: reference_current_price.min_valid_sources {} exceeds enabled source count {}"",",reference_current_price_validation_diagnostic,Reference-current-price validation diagnostic; interpolated values come from configured TOML.
1995,no,POLICY_TERM_CONFIG_OR_STRUCTURAL,src/bolt_v3_validate.rs,string,"""{context}: reference_current_price.source.{source_id} uses the same physical reference feed as reference_current_price.source.{existing_source_id}: provider `{}`, client_id `{}`, identifier `{identifier}`""","""{context}: reference_current_price.source.{source_id} uses the same physical reference feed as reference_current_price.source.{existing_source_id}: provider `{}`, client_id `{}`, identifier `{identifier}`"",",reference_current_price_validation_diagnostic,Reference-current-price validation diagnostic; interpolated values come from configured TOML.
1996,yes,POLICY_TERM_CONFIG_OR_STRUCTURAL,src/strategies/binary_oracle_edge_taker/config.rs,string,"""reference_current_price""","Self::validate_optional_table_field(table, field_prefix, ""reference_current_price"", errors);",strategy_reference_current_price_schema,Strategy runtime config schema key for reference_current_price; values are supplied by validated TOML.
1997,yes,POLICY_TERM_CONFIG_OR_STRUCTURAL,src/bolt_v3_live_node.rs,string,"""custom-data subscription references unregistered data client {client_id}""","""custom-data subscription references unregistered data client {client_id}""",strategy_free_custom_data_diagnostic,Strategy-free reference health diagnostic for a custom-data subscription whose client id was not registered; the client id comes from validated TOML.
1998,yes,POLICY_TERM_CONFIG_OR_STRUCTURAL,src/bolt_v3_live_node.rs,number,0,(0..max_targets),strategy_free_probe_sampling_index,Deterministic metadata sampling index arithmetic; source-owned target counts and limits remain TOML-owned.
1999,yes,POLICY_TERM_CONFIG_OR_STRUCTURAL,src/bolt_v3_live_node.rs,number,0,.unwrap_or(0);,strategy_free_probe_required_count_default,Diagnostic default for a probe with no installed fixed targets yet; subscription limits and required observations remain TOML-owned.
2000,yes,POLICY_TERM_CONFIG_OR_STRUCTURAL,src/bolt_v3_live_node.rs,number,0,Some(0) => Err(BoltV3LiveNodeError::StrategyFreeReferenceProbeSetup(,strategy_free_probe_fail_closed_boundary,Fail-closed validation boundary rejecting a zero metadata-response target cap; the cap itself is TOML-owned.
2001,yes,POLICY_TERM_CONFIG_OR_STRUCTURAL,src/bolt_v3_live_node.rs,number,0,"cursor: Cell::new(0),",strategy_free_probe_chunk_walk_index,Initial cursor for deterministic chunk-walk observation bookkeeping; target counts and subscriptions remain TOML-owned.
2002,yes,POLICY_TERM_CONFIG_OR_STRUCTURAL,src/bolt_v3_live_node.rs,number,1,"Some(min_observed) => min_observed.clamp(1, sampled_len.max(1)),",strategy_free_probe_minimum_observation_floor,Lower bound for a non-zero readiness observation requirement after TOML validation rejects zero metadata target caps.
2003,no,POLICY_TERM_CONFIG_OR_STRUCTURAL,src/bolt_v3_live_node.rs,number,1,let last_index = targets.len() - 1;,strategy_free_probe_sampling_index,Last-index arithmetic for deterministic metadata sampling; source-owned target counts and limits remain TOML-owned.
2004,no,POLICY_TERM_CONFIG_OR_STRUCTURAL,src/bolt_v3_live_node.rs,number,1,let last_sample = max_targets - 1;,strategy_free_probe_sampling_index,Last-sample arithmetic for deterministic metadata sampling; source-owned target counts and limits remain TOML-owned.
2005,no,POLICY_TERM_CONFIG_OR_STRUCTURAL,src/bolt_v3_live_node.rs,number,1,required_live_markets >= 1 && distinct_fired >= required_live_markets,strategy_free_probe_minimum_observation_floor,Readiness succeeds only after at least one configured or sampled market fires; required counts remain TOML-owned.
2006,no,POLICY_TERM_CONFIG_OR_STRUCTURAL,src/bolt_v3_live_node.rs,number,2,return vec![targets[targets.len() / 2].clone()];,strategy_free_probe_sampling_index,Median index arithmetic for deterministic metadata sampling; source-owned target counts and limits remain TOML-owned.
2007,yes,POLICY_TERM_CONFIG_OR_STRUCTURAL,src/bolt_v3_live_node.rs,string,"""book""","DataClientReadinessProbeMarketDataKind::Book => ""book"",",strategy_free_probe_market_data_label,Stable display label for an already parsed readiness probe enum variant; it does not configure a runtime subscription.
2008,no,POLICY_TERM_CONFIG_OR_STRUCTURAL,src/bolt_v3_live_node.rs,string,"""book""","self.ensure_strategy_free_data_client_registered(client_id, ""book"")?;",strategy_free_probe_market_data_label,Diagnostic label for an already selected book subscription branch; the selected client and probe kind remain TOML-owned.
2009,yes,POLICY_TERM_CONFIG_OR_STRUCTURAL,src/bolt_v3_live_node.rs,string,"""clients.<id>.readiness_probe.min_observed_targets={min_observed} exceeds the {} configured readiness_probe.quote_targets""","""clients.<id>.readiness_probe.min_observed_targets={min_observed} exceeds the {} configured readiness_probe.quote_targets"",",strategy_free_probe_fail_closed_diagnostic,Fail-closed diagnostic comparing two TOML-owned readiness probe fields; it does not provide a runtime value.
2010,no,POLICY_TERM_CONFIG_OR_STRUCTURAL,src/bolt_v3_live_node.rs,string,"""clients.<id>.readiness_probe.min_observed_targets={min_observed} exceeds the {} source-owned metadata_response target(s) sampled this run""","""clients.<id>.readiness_probe.min_observed_targets={min_observed} exceeds the {} source-owned metadata_response target(s) sampled this run"",",strategy_free_probe_fail_closed_diagnostic,Fail-closed diagnostic comparing a TOML-owned minimum with source-owned metadata targets observed during the probe.
2011,no,POLICY_TERM_CONFIG_OR_STRUCTURAL,src/bolt_v3_live_node.rs,string,"""metadata_response produced {metadata_quote_targets} source-owned quote targets, exceeding clients.<id>.readiness_probe.max_metadata_quote_targets={max_quote_targets}; tighten TOML-owned metadata filters or set clients.<id>.readiness_probe.allow_metadata_target_sampling=true before using this client for production readiness""","""metadata_response produced {metadata_quote_targets} source-owned quote targets, exceeding clients.<id>.readiness_probe.max_metadata_quote_targets={max_quote_targets}; tighten TOML-owned metadata filters or set clients.<id>.readiness_probe.allow_metadata_target_sampling=true before using this client for production readiness""",strategy_free_probe_fail_closed_diagnostic,Fail-closed diagnostic for metadata-response fanout beyond the TOML-owned cap; it instructs the operator to tighten TOML policy.
2012,no,POLICY_TERM_CONFIG_OR_STRUCTURAL,src/bolt_v3_live_node.rs,string,"""metadata_response readiness probe produced no source-owned instrument targets""","""metadata_response readiness probe produced no source-owned instrument targets""",strategy_free_probe_fail_closed_diagnostic,Fail-closed readiness probe diagnostic when the data client returns no owned targets; it does not configure behavior.
2013,no,POLICY_TERM_CONFIG_OR_STRUCTURAL,src/bolt_v3_live_node.rs,string,"""quote""","DataClientReadinessProbeMarketDataKind::Quote => ""quote"",",strategy_free_probe_market_data_label,Stable display label for an already parsed readiness probe enum variant; it does not configure a runtime subscription.
2014,no,POLICY_TERM_CONFIG_OR_STRUCTURAL,src/bolt_v3_live_node.rs,string,"""quote""","self.ensure_strategy_free_data_client_registered(client_id, ""quote"")?;",strategy_free_probe_market_data_label,Diagnostic label for an already selected quote subscription branch; the selected client and probe kind remain TOML-owned.
2015,no,POLICY_TERM_CONFIG_OR_STRUCTURAL,src/bolt_v3_live_node.rs,string,"""trade""","DataClientReadinessProbeMarketDataKind::Trade => ""trade"",",strategy_free_probe_market_data_label,Stable display label for an already parsed readiness probe enum variant; it does not configure a runtime subscription.
2016,no,POLICY_TERM_CONFIG_OR_STRUCTURAL,src/bolt_v3_live_node.rs,string,"""trade""","self.ensure_strategy_free_data_client_registered(client_id, ""trade"")?;",strategy_free_probe_market_data_label,Diagnostic label for an already selected trade subscription branch; the selected client and probe kind remain TOML-owned.
2017,no,POLICY_TERM_CONFIG_OR_STRUCTURAL,src/bolt_v3_live_node.rs,string,"""{market_data_kind} subscription references unregistered data client {client_id}""","""{market_data_kind} subscription references unregistered data client {client_id}""",strategy_free_probe_fail_closed_diagnostic,Fail-closed readiness probe diagnostic for a selected TOML client missing from the registered transport.
2018,yes,POLICY_TERM_CONFIG_OR_STRUCTURAL,src/bolt_v3_strategy_registration.rs,string,"""; ""","errors.join(""; "")",rv_registration_validation_diagnostic_separator,Validation diagnostic separator for realized-volatility source-client errors; it does not configure runtime behavior.
2019,no,POLICY_TERM_CONFIG_OR_STRUCTURAL,src/bolt_v3_strategy_registration.rs,string,"""; ""","missing.into_iter().collect::<Vec<_>>().join(""; "")",rv_registration_validation_diagnostic_separator,Validation diagnostic separator for realized-volatility transport membership errors; it does not configure runtime behavior.
2020,yes,POLICY_TERM_CONFIG_OR_STRUCTURAL,src/bolt_v3_strategy_registration.rs,string,"""realized_volatility_surfaces.{surface_id}.sources.{}.data_client_id `{}`""","""realized_volatility_surfaces.{surface_id}.sources.{}.data_client_id `{}`"",",rv_registration_validation_diagnostic_context,Diagnostic context naming the TOML-owned realized-volatility source client field that failed node transport membership.
2021,yes,POLICY_TERM_CONFIG_OR_STRUCTURAL,src/bolt_v3_validate.rs,string,"""realized_volatility_surfaces.{surface_id}.sources.{}""","""realized_volatility_surfaces.{surface_id}.sources.{}"",",rv_config_validation_diagnostic_context,Validation diagnostic context naming the TOML-owned realized-volatility source field being checked.
2022,yes,NO_POLICY_TERM,src/main.rs,string,"""{}""","println!(""{}"", serde_json::to_string_pretty(&report)?);",ops_probe_json_stdout_template,CLI output format template for printing the structured readiness probe report; report values come from runtime observation and TOML.
2023,yes,POLICY_TERM_CONFIG_OR_STRUCTURAL,src/bolt_v3_live_node.rs,string,"""instrument census""","""instrument census"",",ops_census_registration_diagnostic_label,Diagnostic label used when validating that the selected strategy-free data client is registered for the census command; it does not configure runtime behavior.
2024,yes,POLICY_TERM_CONFIG_OR_STRUCTURAL,src/bolt_v3_live_node.rs,string,"""data-client census observed zero cached instruments""","reason: ""data-client census observed zero cached instruments"".to_string(),",ops_census_fail_closed_diagnostic,Fail-closed diagnostic emitted when the strategy-free data-client census reaches NT Running without any cached instruments; it does not configure runtime behavior.
2025,yes,POLICY_TERM_CONFIG_OR_STRUCTURAL,src/bolt_v3_live_node.rs,string,"b""\0""","hasher.update(b""\0"");",ops_census_hash_delimiter,NUL byte delimiter for the deterministic SHA-256 framing of sorted instrument IDs in the ops census report; it is not a runtime value.
2026,yes,POLICY_TERM_CONFIG_OR_STRUCTURAL,src/bolt_v3_providers/chainlink/report.rs,number,7,const CHAINLINK_REPORT_V3_BID_PRICE_WORD_INDEX: usize = 7;,chainlink_report_protocol_layout,Fixed Chainlink Data Streams V3 ABI word index for bid price decoding; the selected feed remains TOML-owned.
2027,no,POLICY_TERM_CONFIG_OR_STRUCTURAL,src/bolt_v3_providers/chainlink/report.rs,number,8,const CHAINLINK_REPORT_V3_ASK_PRICE_WORD_INDEX: usize = 8;,chainlink_report_protocol_layout,Fixed Chainlink Data Streams V3 ABI word index for ask price decoding; the selected feed remains TOML-owned.
2028,no,POLICY_TERM_CONFIG_OR_STRUCTURAL,src/strategies/binary_oracle_edge_taker/config.rs,string,"""reference_current_price""","| ""reference_current_price""",strategy_reference_current_price_schema,Strategy runtime config schema key for reference_current_price; values are supplied by validated TOML.
2029,no,NO_POLICY_TERM,src/bolt_v3_reference_price.rs,string,"""asset""","validate_reference_identity_field(&asset, ""asset"")?;",reference_price_data_contract,Reference-price normalized data validation label; configured source selection remains TOML-owned.
2030,no,POLICY_TERM_CONFIG_OR_STRUCTURAL,src/strategies/binary_oracle_maker/config.rs,string,"""trade_flow_window_secs""","const TRADE_FLOW_WINDOW_SECS_FIELD: &str = ""trade_flow_window_secs"";",strategy_config_field_name,Stable maker config field label for the signed-trade-flow retention window (μ estimator input) used by the validation whitelist; the runtime value remains TOML-owned in [parameters.runtime].
2031,no,POLICY_TERM_CONFIG_OR_STRUCTURAL,src/strategies/binary_oracle_maker/config.rs,string,"""trade_flow_max_samples""","const TRADE_FLOW_MAX_SAMPLES_FIELD: &str = ""trade_flow_max_samples"";",strategy_config_field_name,Stable maker config field label for the signed-trade-flow retention sample cap (μ estimator input) used by the validation whitelist; the runtime value remains TOML-owned in [parameters.runtime].
2032,no,POLICY_TERM_CONFIG_OR_STRUCTURAL,src/strategies/binary_oracle_maker/config.rs,string,"""mu_min_classified_samples""","const MU_MIN_CLASSIFIED_SAMPLES_FIELD: &str = ""mu_min_classified_samples"";",strategy_config_field_name,Stable maker config field label for the μ-estimator warmup threshold (minimum classified samples) used by the validation whitelist; the runtime value remains TOML-owned in [parameters.runtime].
2033,no,POLICY_TERM_CONFIG_OR_STRUCTURAL,src/strategies/binary_oracle_maker/config.rs,string,"""mu_stale_window_ms""","const MU_STALE_WINDOW_MS_FIELD: &str = ""mu_stale_window_ms"";",strategy_config_field_name,Stable maker config field label for the μ-health-gate staleness window used by the validation whitelist; the runtime value remains TOML-owned in [parameters.runtime].
2034,no,POLICY_TERM_CONFIG_OR_STRUCTURAL,src/strategies/binary_oracle_maker/config.rs,string,"""mu_min_floor""","const MU_MIN_FLOOR_FIELD: &str = ""mu_min_floor"";",strategy_config_field_name,Stable maker config field label for the μ-health-gate degenerate-flow floor used by the validation whitelist; the runtime value remains TOML-owned in [parameters.runtime].
2035,no,POLICY_TERM_CONFIG_OR_STRUCTURAL,src/strategies/binary_oracle_maker/archetype.rs,string,"""trade_flow_window_secs""","""trade_flow_window_secs"",",strategy_runtime_schema_field,"Maker runtime config schema field name written into the flat NT config table from the operator [parameters.runtime] block; must match the BinaryOracleMakerConfig field name. A stable schema key, not an operator runtime value."
2036,no,POLICY_TERM_CONFIG_OR_STRUCTURAL,src/strategies/binary_oracle_maker/archetype.rs,string,"""trade_flow_max_samples""","""trade_flow_max_samples"",",strategy_runtime_schema_field,"Maker runtime config schema field name written into the flat NT config table from the operator [parameters.runtime] block; must match the BinaryOracleMakerConfig field name. A stable schema key, not an operator runtime value."
2037,no,POLICY_TERM_CONFIG_OR_STRUCTURAL,src/strategies/binary_oracle_maker/archetype.rs,string,"""mu_min_classified_samples""","""mu_min_classified_samples"",",strategy_runtime_schema_field,"Maker runtime config schema field name written into the flat NT config table from the operator [parameters.runtime] block; must match the BinaryOracleMakerConfig field name. A stable schema key, not an operator runtime value."
2038,no,POLICY_TERM_CONFIG_OR_STRUCTURAL,src/strategies/binary_oracle_maker/archetype.rs,string,"""mu_stale_window_ms""","insert_u64_field(table, ""mu_stale_window_ms"", runtime.mu_stale_window_ms)?;",strategy_runtime_schema_field,"Maker runtime config schema field name written into the flat NT config table from the operator [parameters.runtime] block; must match the BinaryOracleMakerConfig field name. A stable schema key, not an operator runtime value."
2039,no,POLICY_TERM_CONFIG_OR_STRUCTURAL,src/strategies/binary_oracle_maker/archetype.rs,string,"""mu_min_floor""","""mu_min_floor"".to_string(),",strategy_runtime_schema_field,"Maker runtime config schema field name written into the flat NT config table from the operator [parameters.runtime] block; must match the BinaryOracleMakerConfig field name. A stable schema key, not an operator runtime value."
2040,no,POLICY_TERM_CONFIG_OR_STRUCTURAL,src/strategies/binary_oracle_maker/archetype.rs,string,"""strategy_id""","table.insert(""strategy_id"".to_string(), Value::String(strategy_id));",strategy_runtime_schema_field,"This is the maker strategy config schema field name, populated into the runtime config table from the bolt-v3 TOML-derived NT strategy id; mirrors the taker archetype's strategy_id table key."
2041,no,POLICY_TERM_CONFIG_OR_STRUCTURAL,src/strategies/binary_oracle_maker/archetype.rs,string,"""order_id_tag""","""order_id_tag"".to_string(),",strategy_runtime_schema_field,"This is the maker strategy config schema field name, populated into the runtime config table from the bolt-v3 TOML order_id_tag; mirrors the taker archetype's order_id_tag table key."
2042,no,POLICY_TERM_CONFIG_OR_STRUCTURAL,src/strategies/binary_oracle_maker/archetype.rs,string,"""oms_type""","""oms_type"".to_string(),",strategy_runtime_schema_field,"This is the maker strategy config schema field name, populated into the runtime config table from the bolt-v3 TOML oms_type; mirrors the taker archetype's oms_type table key."
2043,no,POLICY_TERM_CONFIG_OR_STRUCTURAL,src/strategies/binary_oracle_maker/archetype.rs,string,"""client_id""","""client_id"".to_string(),",strategy_runtime_schema_field,This is the maker strategy config schema field name populated from the configured bolt-v3 TOML execution_client_id; the client value remains TOML-owned and venue-generic.
2044,yes,POLICY_TERM_CONFIG_OR_STRUCTURAL,src/strategies/binary_oracle_maker/archetype.rs,string,"""{context}: parameters.backtest.{} {}""","""{context}: parameters.backtest.{} {}"",",strategy_runtime_validation_diagnostic_template,This formats maker backtest go-live validation diagnostics using schema-field labels supplied by bolt_v3_maker_go_live_gate; the evidence values remain TOML-owned in [parameters.backtest].
2045,yes,POLICY_TERM_CONFIG_OR_STRUCTURAL,src/strategies/binary_oracle_maker/archetype.rs,string,"""nt_backtest_node""","const NT_BACKTEST_NODE_EXECUTION_MODEL: &str = ""nt_backtest_node"";",bte_result_contract_execution_model,BTE BacktestResultContract execution_model discriminant required to prove NT BacktestNode replay; the observed execution_model value remains TOML-owned in [parameters.backtest.result_contract_replay].
2046,yes,NO_POLICY_TERM,src/bolt_v3_maker_go_live_gate.rs,string,"""verdict""","Self::VerdictNotPass => ""verdict"",",maker_backtest_go_live_schema_field,Stable maker backtest go-live evidence schema-field label used only to format startup-validation diagnostics; the evidence value remains TOML-owned in [parameters.backtest].
2047,no,NO_POLICY_TERM,src/bolt_v3_maker_go_live_gate.rs,string,"""build_head_sha""","Self::MissingBuildHeadSha => ""build_head_sha"",",maker_backtest_go_live_schema_field,Stable maker backtest go-live evidence identity schema-field label used only to format startup-validation diagnostics; the evidence value remains TOML-owned in [parameters.backtest].
2048,no,POLICY_TERM_CONFIG_OR_STRUCTURAL,src/bolt_v3_maker_go_live_gate.rs,string,"""strategy_config_hash""","Self::MissingStrategyConfigHash => ""strategy_config_hash"",",maker_backtest_go_live_schema_field,Stable maker backtest go-live evidence identity schema-field label used only to format startup-validation diagnostics; the evidence value remains TOML-owned in [parameters.backtest].
2049,no,NO_POLICY_TERM,src/bolt_v3_maker_go_live_gate.rs,string,"""run_artifact""","Self::MissingRunArtifact => ""run_artifact"",",maker_backtest_go_live_schema_field,Stable maker backtest go-live evidence schema-field label used only to format startup-validation diagnostics; the evidence value remains TOML-owned in [parameters.backtest].
2050,no,NO_POLICY_TERM,src/bolt_v3_maker_go_live_gate.rs,string,"""run_artifact_sha256""","Self::MissingRunArtifactDigest => ""run_artifact_sha256"",",maker_backtest_go_live_schema_field,Stable maker backtest go-live evidence digest schema-field label used only to format startup-validation diagnostics; the digest value remains TOML-owned in [parameters.backtest].
2051,no,POLICY_TERM_CONFIG_OR_STRUCTURAL,src/bolt_v3_maker_go_live_gate.rs,string,"""threshold_artifact""","Self::MissingThresholdArtifact => ""threshold_artifact"",",maker_backtest_go_live_schema_field,Stable maker backtest go-live evidence schema-field label used only to format startup-validation diagnostics; the evidence value remains TOML-owned in [parameters.backtest].
2052,no,POLICY_TERM_CONFIG_OR_STRUCTURAL,src/bolt_v3_maker_go_live_gate.rs,string,"""threshold_artifact_sha256""","Self::MissingThresholdArtifactDigest => ""threshold_artifact_sha256"",",maker_backtest_go_live_schema_field,Stable maker backtest go-live evidence digest schema-field label used only to format startup-validation diagnostics; the digest value remains TOML-owned in [parameters.backtest].
2053,no,NO_POLICY_TERM,src/bolt_v3_maker_go_live_gate.rs,string,"""execution_model_artifact""","Self::MissingExecutionModelArtifact => ""execution_model_artifact"",",maker_backtest_go_live_schema_field,Stable maker backtest go-live evidence schema-field label used only to format startup-validation diagnostics; the evidence value remains TOML-owned in [parameters.backtest].
2054,no,NO_POLICY_TERM,src/bolt_v3_maker_go_live_gate.rs,string,"""execution_model_artifact_sha256""","Self::MissingExecutionModelArtifactDigest => ""execution_model_artifact_sha256"",",maker_backtest_go_live_schema_field,Stable maker backtest go-live evidence digest schema-field label used only to format startup-validation diagnostics; the digest value remains TOML-owned in [parameters.backtest].
2055,no,POLICY_TERM_CONFIG_OR_STRUCTURAL,src/bolt_v3_maker_go_live_gate.rs,string,"""maker_order_count""","Self::MissingMakerOrders => ""maker_order_count"",",maker_backtest_go_live_schema_field,Stable maker backtest go-live evidence count schema-field label used only to format startup-validation diagnostics; the count value remains TOML-owned in [parameters.backtest].
2056,yes,POLICY_TERM_CONFIG_OR_STRUCTURAL,src/strategies/binary_oracle_maker/archetype.rs,number,0,"maker_orders_observed: self.maker_order_count > 0,",maker_backtest_go_live_count_lower_bound,Fail-closed lower bound for operator-supplied maker backtest order count evidence; the actual count remains TOML-owned in [parameters.backtest].
2057,no,NO_POLICY_TERM,src/bolt_v3_maker_go_live_gate.rs,string,"""passive_fill_count""","Self::MissingPassiveFills => ""passive_fill_count"",",maker_backtest_go_live_schema_field,Stable maker backtest go-live evidence count schema-field label used only to format startup-validation diagnostics; the count value remains TOML-owned in [parameters.backtest].
2058,no,POLICY_TERM_CONFIG_OR_STRUCTURAL,src/strategies/binary_oracle_maker/archetype.rs,number,0,"passive_fills_observed: self.passive_fill_count > 0,",maker_backtest_go_live_count_lower_bound,Fail-closed lower bound for operator-supplied maker backtest passive-fill count evidence; the actual count remains TOML-owned in [parameters.backtest].
2059,no,NO_POLICY_TERM,src/bolt_v3_maker_go_live_gate.rs,string,"""built_maker_replayed""","Self::BuiltMakerNotReplayed => ""built_maker_replayed"",",maker_backtest_go_live_schema_field,Stable maker backtest go-live evidence schema-field label used only to format startup-validation diagnostics; the evidence value remains TOML-owned in [parameters.backtest].
2060,no,NO_POLICY_TERM,src/bolt_v3_maker_go_live_gate.rs,string,"""net_score_micros""","Self::MissingFullNetScoring => ""net_score_micros"",",maker_backtest_go_live_schema_field,Stable maker backtest go-live score schema-field label used only to format startup-validation diagnostics; score component values remain TOML-owned in [parameters.backtest].
2061,no,POLICY_TERM_CONFIG_OR_STRUCTURAL,src/bolt_v3_maker_go_live_gate.rs,string,"""thresholds_registered_before_run""","Self::ThresholdsNotPreRegistered => ""thresholds_registered_before_run"",",maker_backtest_go_live_schema_field,Stable maker backtest go-live evidence schema-field label used only to format startup-validation diagnostics; the evidence value remains TOML-owned in [parameters.backtest].
2062,no,NO_POLICY_TERM,src/bolt_v3_maker_go_live_gate.rs,string,"""balanced_gate_evaluated""","Self::BalancedGateNotEvaluated => ""balanced_gate_evaluated"",",maker_backtest_go_live_schema_field,Stable maker backtest go-live evidence schema-field label used only to format startup-validation diagnostics; the evidence value remains TOML-owned in [parameters.backtest].
2063,no,NO_POLICY_TERM,src/bolt_v3_maker_go_live_gate.rs,string,"""strict_gate_evaluated""","Self::StrictGateNotEvaluated => ""strict_gate_evaluated"",",maker_backtest_go_live_schema_field,Stable maker backtest go-live evidence schema-field label used only to format startup-validation diagnostics; the evidence value remains TOML-owned in [parameters.backtest].
2064,no,NO_POLICY_TERM,src/bolt_v3_maker_go_live_gate.rs,string,"""balanced_gate_passed""","Self::BalancedGateNotPassed => ""balanced_gate_passed"",",maker_backtest_go_live_schema_field,Stable maker backtest go-live evidence schema-field label used only to format startup-validation diagnostics; the evidence value remains TOML-owned in [parameters.backtest].
2065,no,NO_POLICY_TERM,src/bolt_v3_maker_go_live_gate.rs,string,"""historical_full_depth_l2""","Self::MissingHistoricalFullDepthL2 => ""historical_full_depth_l2"",",maker_backtest_go_live_schema_field,Stable maker backtest go-live evidence schema-field label used only to format startup-validation diagnostics; the evidence value remains TOML-owned in [parameters.backtest].
2066,no,NO_POLICY_TERM,src/bolt_v3_maker_go_live_gate.rs,string,"""full_population_corpus""","Self::MissingFullPopulationCorpus => ""full_population_corpus"",",maker_backtest_go_live_schema_field,Stable maker backtest go-live evidence schema-field label used only to format startup-validation diagnostics; the evidence value remains TOML-owned in [parameters.backtest].
2067,no,NO_POLICY_TERM,src/bolt_v3_maker_go_live_gate.rs,string,"""entry_gated_corpus_used""","Self::EntryGatedCorpusUsed => ""entry_gated_corpus_used"",",maker_backtest_go_live_schema_field,Stable maker backtest go-live evidence schema-field label used only to format startup-validation diagnostics; the evidence value remains TOML-owned in [parameters.backtest].
2068,yes,NO_POLICY_TERM,src/bolt_v3_maker_go_live_gate.rs,string,"""result_contract_replay.catalog_data_types""","Self::MissingTradeTicks => ""result_contract_replay.catalog_data_types"",",maker_backtest_result_contract_schema_field,Stable maker backtest result-contract replay evidence schema-field label used only to format startup-validation diagnostics; the observed BTE catalog data types remain TOML-owned in [parameters.backtest.result_contract_replay].
2069,no,POLICY_TERM_CONFIG_OR_STRUCTURAL,src/bolt_v3_maker_go_live_gate.rs,string,"""result_contract_replay.catalog_data_types""","Self::MissingOrderBookDeltas => ""result_contract_replay.catalog_data_types"",",maker_backtest_result_contract_schema_field,Stable maker backtest result-contract replay evidence schema-field label used only to format startup-validation diagnostics; the observed BTE catalog data types remain TOML-owned in [parameters.backtest.result_contract_replay].
2070,no,POLICY_TERM_CONFIG_OR_STRUCTURAL,src/bolt_v3_maker_go_live_gate.rs,string,"""result_contract_replay.venue_queue_position""","Self::QueuePositionDisabled => ""result_contract_replay.venue_queue_position"",",maker_backtest_result_contract_schema_field,Stable maker backtest result-contract replay evidence schema-field label used only to format startup-validation diagnostics; the observed BTE queue-position flag remains TOML-owned in [parameters.backtest.result_contract_replay].
2071,no,NO_POLICY_TERM,src/bolt_v3_maker_go_live_gate.rs,string,"""result_contract_replay.execution_model""","Self::MissingNtExecutionModel => ""result_contract_replay.execution_model"",",maker_backtest_result_contract_schema_field,Stable maker backtest result-contract replay evidence schema-field label used only to format startup-validation diagnostics; the observed BTE execution_model remains TOML-owned in [parameters.backtest.result_contract_replay].
2072,no,NO_POLICY_TERM,src/bolt_v3_maker_go_live_gate.rs,string,"""custom_fill_model_source_proven""","Self::CustomFillModelWithoutSourceProof => ""custom_fill_model_source_proven"",",maker_backtest_go_live_schema_field,Stable maker backtest go-live evidence schema-field label used only to format startup-validation diagnostics; the evidence value remains TOML-owned in [parameters.backtest].
2073,no,NO_POLICY_TERM,src/bolt_v3_maker_go_live_gate.rs,string,"""underlying_spot_causal_join""","Self::MissingUnderlyingSpotCausalJoin => ""underlying_spot_causal_join"",",maker_backtest_go_live_schema_field,Stable maker backtest go-live evidence schema-field label used only to format startup-validation diagnostics; the evidence value remains TOML-owned in [parameters.backtest].
2074,no,NO_POLICY_TERM,src/bolt_v3_maker_go_live_gate.rs,string,"""net_score_micros""","Self::NetEdgeNotPositive => ""net_score_micros"",",maker_backtest_go_live_schema_field,Stable maker backtest go-live score schema-field label used only to format startup-validation diagnostics; score component values remain TOML-owned in [parameters.backtest].
2075,yes,POLICY_TERM_CONFIG_OR_STRUCTURAL,src/strategies/binary_oracle_maker/archetype.rs,number,0,"net_edge_positive: self.net_score_micros > 0,",maker_backtest_go_live_score_lower_bound,Fail-closed lower bound requiring a positive reconciled maker backtest net score; the actual score remains TOML-owned in [parameters.backtest].
2076,no,NO_POLICY_TERM,src/bolt_v3_maker_go_live_gate.rs,string,"""statistical_significance""","Self::MissingStatisticalSignificance => ""statistical_significance"",",maker_backtest_go_live_schema_field,Stable maker backtest go-live evidence schema-field label used only to format startup-validation diagnostics; the evidence value remains TOML-owned in [parameters.backtest].
2077,no,NO_POLICY_TERM,src/bolt_v3_maker_go_live_gate.rs,string,"""passive_fill_count""","Self::MissingPassiveFillPowerFloor => ""passive_fill_count"",",maker_backtest_go_live_schema_field,Stable maker backtest go-live count schema-field label used only to format startup-validation diagnostics; count and floor values remain TOML-owned in [parameters.backtest].
2078,yes,POLICY_TERM_CONFIG_OR_STRUCTURAL,src/strategies/binary_oracle_maker/archetype.rs,number,0,self.min_passive_fill_count > 0 && self.passive_fill_count >= self.min_passive_fill_count,maker_backtest_go_live_count_floor_lower_bound,Fail-closed lower bound requiring a non-zero pre-registered passive-fill count floor; actual count and floor values remain TOML-owned in [parameters.backtest].
2079,no,NO_POLICY_TERM,src/bolt_v3_maker_go_live_gate.rs,string,"""resolved_market_count""","Self::MissingResolvedMarketCorpusFloor => ""resolved_market_count"",",maker_backtest_go_live_schema_field,Stable maker backtest go-live count schema-field label used only to format startup-validation diagnostics; count and floor values remain TOML-owned in [parameters.backtest].
2080,no,POLICY_TERM_CONFIG_OR_STRUCTURAL,src/strategies/binary_oracle_maker/archetype.rs,number,0,self.min_resolved_market_count > 0,maker_backtest_go_live_count_floor_lower_bound,Fail-closed lower bound requiring a non-zero pre-registered resolved-market count floor; actual count and floor values remain TOML-owned in [parameters.backtest].
2081,no,NO_POLICY_TERM,src/bolt_v3_maker_go_live_gate.rs,string,"""shared_fair_value_pricing""","Self::MissingSharedFairValuePricing => ""shared_fair_value_pricing"",",maker_backtest_go_live_schema_field,Stable maker backtest go-live evidence schema-field label used only to format startup-validation diagnostics; the evidence value remains TOML-owned in [parameters.backtest].
2082,no,NO_POLICY_TERM,src/bolt_v3_maker_go_live_gate.rs,string,"""shared_settlement_primitive""","Self::MissingSharedSettlementPrimitive => ""shared_settlement_primitive"",",maker_backtest_go_live_schema_field,Stable maker backtest go-live evidence schema-field label used only to format startup-validation diagnostics; the evidence value remains TOML-owned in [parameters.backtest].
2083,no,POLICY_TERM_CONFIG_OR_STRUCTURAL,src/strategies/binary_oracle_maker/config.rs,string,"""wrong_type""","const WRONG_TYPE_CODE: &str = ""wrong_type"";",strategy_runtime_validation_code,"This validation code labels a maker config field with the wrong TOML type; it is a stable diagnostic tag, not an operator runtime value."
2084,no,POLICY_TERM_CONFIG_OR_STRUCTURAL,src/strategies/binary_oracle_maker/config.rs,string,"""missing_strategy_id""","const MISSING_STRATEGY_ID_CODE: &str = ""missing_strategy_id"";",strategy_runtime_validation_code,"This validation code labels a missing required maker strategy_id envelope field; it is a stable diagnostic tag, not an operator runtime value."
2085,no,POLICY_TERM_CONFIG_OR_STRUCTURAL,src/strategies/binary_oracle_maker/config.rs,string,"""missing_order_id_tag""","const MISSING_ORDER_ID_TAG_CODE: &str = ""missing_order_id_tag"";",strategy_runtime_validation_code,"This validation code labels a missing required maker order_id_tag envelope field; it is a stable diagnostic tag, not an operator runtime value."
2086,no,POLICY_TERM_CONFIG_OR_STRUCTURAL,src/strategies/binary_oracle_maker/config.rs,string,"""missing_oms_type""","const MISSING_OMS_TYPE_CODE: &str = ""missing_oms_type"";",strategy_runtime_validation_code,"This validation code labels a missing required maker oms_type envelope field; it is a stable diagnostic tag, not an operator runtime value."
2087,no,POLICY_TERM_CONFIG_OR_STRUCTURAL,src/strategies/binary_oracle_maker/config.rs,string,"""missing_client_id""","const MISSING_CLIENT_ID_CODE: &str = ""missing_client_id"";",strategy_runtime_validation_code,"This validation code labels a missing required maker execution client field; it is a stable diagnostic tag, not an operator runtime value."
2088,no,POLICY_TERM_CONFIG_OR_STRUCTURAL,src/strategies/binary_oracle_maker/config.rs,string,"""invalid_oms_type""","const INVALID_OMS_TYPE_CODE: &str = ""invalid_oms_type"";",strategy_runtime_validation_code,"This validation code labels a maker oms_type envelope value that is a string but does not parse as a NautilusTrader OmsType (so the build-path .expect can never fire on operator input); it is a stable diagnostic tag, not an operator runtime value."
2089,no,POLICY_TERM_CONFIG_OR_STRUCTURAL,src/strategies/binary_oracle_maker/config.rs,string,"""invalid_order_id_tag""","const INVALID_ORDER_ID_TAG_CODE: &str = ""invalid_order_id_tag"";",strategy_runtime_validation_code,"This validation code labels a maker order_id_tag that contains the `-` delimiter the per-leg client order id is joined on, which would make the positional id encoding ambiguous; it is a stable diagnostic tag, not an operator runtime value."
2090,yes,POLICY_TERM_CONFIG_OR_STRUCTURAL,src/bolt_v3_maker_runtime_order.rs,string,"""maker order compiler returned neither command nor block reason""",".context(""maker order compiler returned neither command nor block reason"")?;",maker_runtime_order_invariant_diagnostic,Fail-closed invariant diagnostic for an impossible maker order-compiler state where neither a command nor a typed block reason is returned; it carries no operator runtime value.
2091,no,POLICY_TERM_CONFIG_OR_STRUCTURAL,src/strategies/binary_oracle_maker/config.rs,string,"""unknown_field""","const UNKNOWN_FIELD_CODE: &str = ""unknown_field"";",strategy_runtime_validation_code,"This validation code labels a stray unknown key in the maker config table; it is a stable diagnostic tag, not an operator runtime value."
2092,no,POLICY_TERM_CONFIG_OR_STRUCTURAL,src/strategies/binary_oracle_maker/config.rs,string,"""strategy_id""","const STRATEGY_ID_FIELD: &str = ""strategy_id"";",strategy_config_field_name,This is the stable maker strategy_id config field label used in validation diagnostics; the runtime value remains TOML-owned.
2093,no,POLICY_TERM_CONFIG_OR_STRUCTURAL,src/strategies/binary_oracle_maker/config.rs,string,"""order_id_tag""","const ORDER_ID_TAG_FIELD: &str = ""order_id_tag"";",strategy_config_field_name,This is the stable maker order_id_tag config field label used in validation diagnostics; the runtime value remains TOML-owned.
2094,no,POLICY_TERM_CONFIG_OR_STRUCTURAL,src/strategies/binary_oracle_maker/config.rs,string,"""oms_type""","const OMS_TYPE_FIELD: &str = ""oms_type"";",strategy_config_field_name,This is the stable maker oms_type config field label used in validation diagnostics; the runtime value remains TOML-owned.
2095,no,POLICY_TERM_CONFIG_OR_STRUCTURAL,src/strategies/binary_oracle_maker/config.rs,string,"""client_id""","const CLIENT_ID_FIELD: &str = ""client_id"";",strategy_config_field_name,This is the stable maker execution-client config field label used in validation diagnostics; the runtime value remains TOML-owned.
2096,no,POLICY_TERM_CONFIG_OR_STRUCTURAL,src/strategies/binary_oracle_maker/mod.rs,string,"""binary_oracle_maker""","pub const KEY: &str = ""binary_oracle_maker"";",strategy_archetype_key,"The single archetype key constant for the inert maker (its StrategyBuilder::kind, RUNTIME_BINDING.key, validation-binding key, and operator TOML strategy_archetype value); a stable internal archetype identifier owned here, not an operator runtime value."
2097,no,NO_POLICY_TERM,src/bolt_v3_reference_price.rs,string,"""asset""","validate_reference_identity_field(&asset, ""asset"")?;",reference_price_data_contract,Reference-price normalized data validation label; configured source selection remains TOML-owned.
2098,no,NO_POLICY_TERM,src/bolt_v3_reference_price.rs,string,"""asset""","validate_reference_identity_field(asset, ""asset"")?;",reference_price_data_contract,Reference-price normalized data validation label; configured source selection remains TOML-owned.
2099,no,NO_POLICY_TERM,src/bolt_v3_reference_price.rs,string,"""provider""","validate_reference_identity_field(&provider, ""provider"")?;",reference_price_data_contract,Reference-price normalized data validation label; configured source selection remains TOML-owned.
2100,no,NO_POLICY_TERM,src/bolt_v3_reference_price.rs,string,"""provider""","validate_reference_identity_field(provider, ""provider"")?;",reference_price_data_contract,Reference-price normalized data validation label; configured source selection remains TOML-owned.
2101,no,NO_POLICY_TERM,src/bolt_v3_reference_price.rs,string,"""provider_instrument""","validate_reference_identity_field(&provider_instrument, ""provider_instrument"")?;",reference_price_data_contract,Reference-price normalized data validation label; configured source selection remains TOML-owned.
2102,no,NO_POLICY_TERM,src/bolt_v3_reference_price.rs,string,"""provider_instrument""","validate_reference_identity_field(&provider_instrument, ""provider_instrument"")?;",reference_price_data_contract,Reference-price normalized data validation label; configured source selection remains TOML-owned.
2103,no,POLICY_TERM_CONFIG_OR_STRUCTURAL,src/strategies/binary_oracle_maker/config.rs,string,"""requote_min_interval_ms""","const REQUOTE_MIN_INTERVAL_MS_FIELD: &str = ""requote_min_interval_ms"";",strategy_config_field_name,Stable maker config field label for the requote min-interval (the requote budget's same-tick throttle) used by the validation whitelist; the runtime value remains TOML-owned in [parameters.runtime].
2104,no,NO_POLICY_TERM,src/bolt_v3_reference_price.rs,string,"""source_id""","validate_reference_identity_field(&source_id, ""source_id"")?;",reference_price_data_contract,Reference-price normalized data validation label; configured source selection remains TOML-owned.
2105,no,NO_POLICY_TERM,src/bolt_v3_reference_price.rs,string,"""source_id""","validate_reference_identity_field(&source_id, ""source_id"")?;",reference_price_data_contract,Reference-price normalized data validation label; configured source selection remains TOML-owned.
2106,no,NO_POLICY_TERM,src/bolt_v3_reference_price.rs,string,"""source_id""","validate_reference_identity_field(source_id, ""source_id"")?;",reference_price_data_contract,Reference-price normalized data validation label; configured source selection remains TOML-owned.
2107,no,NO_POLICY_TERM,src/bolt_v3_outcome_group_polymarket.rs,string,"""grouping""","""grouping"".to_string(),",outcome_group_normalizer_evidence_schema_label,Stable Polymarket grouping-proof canonical evidence label; runtime values remain supplied by TOML or Gamma metadata.
2108,no,NO_POLICY_TERM,src/bolt_v3_outcome_group_polymarket.rs,string,"""grouping""","CanonicalField::new([""grouping"", ""source_id""], source_id),",outcome_group_normalizer_evidence_schema_label,Stable Polymarket grouping-proof canonical evidence label; runtime values remain supplied by TOML or Gamma metadata.
2109,no,NO_POLICY_TERM,src/bolt_v3_outcome_group_polymarket.rs,string,"""source_id""","CanonicalField::new([""grouping"", ""source_id""], source_id),",outcome_group_normalizer_evidence_schema_label,Stable Polymarket grouping-proof canonical evidence label; runtime values remain supplied by TOML or Gamma metadata.
2110,no,NO_POLICY_TERM,src/bolt_v3_outcome_groups.rs,string,"""attestation_id""","prefixed_path(&prefix, ""attestation_id""),",outcome_group_model_evidence_schema_label,"Stable outcome-group model canonical evidence label; runtime values remain supplied by TOML, NT instruments, or operator attestations."
2111,no,NO_POLICY_TERM,src/bolt_v3_outcome_groups.rs,string,"""attestation_sha256""","prefixed_path(&prefix, ""attestation_sha256""),",outcome_group_model_evidence_schema_label,"Stable outcome-group model canonical evidence label; runtime values remain supplied by TOML, NT instruments, or operator attestations."
2112,no,NO_POLICY_TERM,src/bolt_v3_outcome_groups.rs,string,"""cols""","append_string_list_fields(fields, prefixed_path(&prefix, ""cols""), &payout_matrix.cols);",outcome_group_model_evidence_schema_label,"Stable outcome-group model canonical evidence label; runtime values remain supplied by TOML, NT instruments, or operator attestations."
2113,no,NO_POLICY_TERM,src/bolt_v3_outcome_groups.rs,string,"""cols""","[prefix.clone(), vec![""cols"".to_string(), index.to_string()]].concat(),",outcome_group_model_evidence_schema_label,"Stable outcome-group model canonical evidence label; runtime values remain supplied by TOML, NT instruments, or operator attestations."
2114,no,NO_POLICY_TERM,src/bolt_v3_outcome_groups.rs,string,"""exactly_one_winner""","""exactly_one_winner"",",outcome_group_model_evidence_schema_label,"Stable outcome-group settlement convention label in canonical evidence; runtime values remain supplied by TOML, NT instruments, or operator attestations."
2115,no,NO_POLICY_TERM,src/bolt_v3_outcome_groups.rs,string,"""label""","prefixed_path(&prefix, ""label""),",outcome_group_model_evidence_schema_label,"Stable outcome-group model canonical evidence label; runtime values remain supplied by TOML, NT instruments, or operator attestations."
2116,no,POLICY_TERM_CONFIG_OR_STRUCTURAL,src/bolt_v3_outcome_groups.rs,string,"""non_standard_terminal_payouts""","""non_standard_terminal_payouts"".to_string(),",outcome_group_model_evidence_schema_label,"Stable outcome-group model canonical evidence label; runtime values remain supplied by TOML, NT instruments, or operator attestations."
2117,no,NO_POLICY_TERM,src/bolt_v3_outcome_groups.rs,string,"""operator_attested""","SettlementSourceKind::OperatorAttested => ""operator_attested"",",outcome_group_model_evidence_schema_label,"Stable outcome-group settlement-source label in canonical evidence; runtime values remain supplied by TOML, NT instruments, or operator attestations."
2118,no,NO_POLICY_TERM,src/bolt_v3_outcome_groups.rs,string,"""outcome_indices""","vec![""outcome_indices"".to_string(), index.to_string()],",outcome_group_model_evidence_schema_label,"Stable outcome-group model canonical evidence label; runtime values remain supplied by TOML, NT instruments, or operator attestations."
2119,no,NO_POLICY_TERM,src/bolt_v3_outcome_groups.rs,string,"""payout_matrix""","vec![""payout_matrix"".to_string()],",outcome_group_model_evidence_schema_label,"Stable outcome-group model canonical evidence label; runtime values remain supplied by TOML, NT instruments, or operator attestations."
2120,no,NO_POLICY_TERM,src/bolt_v3_outcome_groups.rs,string,"""payout_per_unit_by_state""","""payout_per_unit_by_state"".to_string(),",outcome_group_model_evidence_schema_label,"Stable outcome-group model canonical evidence label; runtime values remain supplied by TOML, NT instruments, or operator attestations."
2121,no,NO_POLICY_TERM,src/bolt_v3_outcome_groups.rs,string,"""positive_side_bindings""","vec![""positive_side_bindings"".to_string(), index.to_string()],",outcome_group_model_evidence_schema_label,"Stable outcome-group model canonical evidence label; runtime values remain supplied by TOML, NT instruments, or operator attestations."
2122,no,NO_POLICY_TERM,src/bolt_v3_outcome_groups.rs,string,"""proof_fingerprint""","prefixed_path(&prefix, ""proof_fingerprint""),",outcome_group_model_evidence_schema_label,"Stable outcome-group model canonical evidence label; runtime values remain supplied by TOML, NT instruments, or operator attestations."
2123,no,NO_POLICY_TERM,src/bolt_v3_outcome_groups.rs,string,"""question""","prefixed_path(&prefix, ""question""),",outcome_group_model_evidence_schema_label,"Stable outcome-group model canonical evidence label; runtime values remain supplied by TOML, NT instruments, or operator attestations."
2124,no,NO_POLICY_TERM,src/bolt_v3_outcome_groups.rs,string,"""refund_convention""","prefixed_path(&prefix, ""refund_convention""),",outcome_group_model_evidence_schema_label,"Stable outcome-group model canonical evidence label; runtime values remain supplied by TOML, NT instruments, or operator attestations."
2125,no,NO_POLICY_TERM,src/bolt_v3_outcome_groups.rs,string,"""role_binding_proof""","vec![""role_binding_proof"".to_string()],",outcome_group_model_evidence_schema_label,"Stable outcome-group model canonical evidence label; runtime values remain supplied by TOML, NT instruments, or operator attestations."
2126,no,NO_POLICY_TERM,src/bolt_v3_outcome_groups.rs,string,"""settlement_rules""","vec![""settlement_rules"".to_string()],",outcome_group_model_evidence_schema_label,"Stable outcome-group model canonical evidence label; runtime values remain supplied by TOML, NT instruments, or operator attestations."
2127,no,NO_POLICY_TERM,src/bolt_v3_outcome_groups.rs,string,"""settlement_source_kind""","prefixed_path(&prefix, ""settlement_source_kind""),",outcome_group_model_evidence_schema_label,"Stable outcome-group model canonical evidence label; runtime values remain supplied by TOML, NT instruments, or operator attestations."
2128,no,NO_POLICY_TERM,src/bolt_v3_outcome_groups.rs,string,"""source_id""","prefixed_path(&prefix, ""source_id""),",outcome_group_model_evidence_schema_label,"Stable outcome-group model canonical evidence label; runtime values remain supplied by TOML, NT instruments, or operator attestations."
2129,no,NO_POLICY_TERM,src/bolt_v3_outcome_groups.rs,string,"""standard_rows_plus_attested_vectors""","""standard_rows_plus_attested_vectors""",outcome_group_model_evidence_schema_label,"Stable outcome-group settlement derivation label in canonical evidence; runtime values remain supplied by TOML, NT instruments, or operator attestations."
2130,no,POLICY_TERM_CONFIG_OR_STRUCTURAL,src/bolt_v3_outcome_groups.rs,string,"""terminal_payout_derivation""","prefixed_path(&prefix, ""terminal_payout_derivation""),",outcome_group_model_evidence_schema_label,"Stable outcome-group model canonical evidence label; runtime values remain supplied by TOML, NT instruments, or operator attestations."
2131,no,POLICY_TERM_CONFIG_OR_STRUCTURAL,src/bolt_v3_outcome_groups.rs,string,"""terminal_state_convention""","prefixed_path(&prefix, ""terminal_state_convention""),",outcome_group_model_evidence_schema_label,"Stable outcome-group model canonical evidence label; runtime values remain supplied by TOML, NT instruments, or operator attestations."
2132,no,POLICY_TERM_CONFIG_OR_STRUCTURAL,src/bolt_v3_outcome_groups.rs,string,"""terminal_state_convention_value""","prefixed_path(&prefix, ""terminal_state_convention_value""),",outcome_group_model_evidence_schema_label,"Stable outcome-group model canonical evidence label; runtime values remain supplied by TOML, NT instruments, or operator attestations."
2133,no,NO_POLICY_TERM,src/bolt_v3_outcome_groups.rs,string,"""venue_structured_fields""","SettlementSourceKind::VenueStructuredFields => ""venue_structured_fields"",",outcome_group_model_evidence_schema_label,"Stable outcome-group settlement-source label in canonical evidence; runtime values remain supplied by TOML, NT instruments, or operator attestations."
2134,no,POLICY_TERM_CONFIG_OR_STRUCTURAL,src/bolt_v3_archetypes/binary_oracle_edge_taker.rs,string,"""static_condition_id""","""static_condition_id"",",strategy_runtime_schema_field,Static binary-event condition-id strategy config field name; the value is projected from the TOML target and remains operator-configured.
2135,no,POLICY_TERM_CONFIG_OR_STRUCTURAL,src/bolt_v3_archetypes/binary_oracle_edge_taker.rs,string,"""static_fair_probability_source""","""static_fair_probability_source"",",strategy_runtime_schema_field,Static binary-event fair-probability source strategy config field name; the value is projected from the TOML target and remains operator-configured.
2136,no,POLICY_TERM_CONFIG_OR_STRUCTURAL,src/bolt_v3_archetypes/binary_oracle_edge_taker.rs,string,"""static_no_outcome""","insert_optional_string(&mut table, ""static_no_outcome"", target.static_no_outcome);",strategy_runtime_schema_field,Static binary-event NO outcome strategy config field name; the value is projected from the TOML target and remains operator-configured.
2137,no,POLICY_TERM_CONFIG_OR_STRUCTURAL,src/bolt_v3_archetypes/binary_oracle_edge_taker.rs,string,"""static_yes_outcome""","insert_optional_string(&mut table, ""static_yes_outcome"", target.static_yes_outcome);",strategy_runtime_schema_field,Static binary-event YES outcome strategy config field name; the value is projected from the TOML target and remains operator-configured.
2138,yes,POLICY_TERM_CONFIG_OR_STRUCTURAL,src/bolt_v3_market_families/static_binary_event.rs,number,2,const REQUIRED_STATIC_OUTCOME_INSTRUMENT_COUNT: usize = 2;,static_binary_event_outcome_count,A binary event must resolve exactly one YES and one NO outcome instrument; market identity values remain TOML and NT metadata owned.
2139,yes,NO_POLICY_TERM,src/bolt_v3_market_families/static_binary_event.rs,string,"""binary_option""","const BINARY_OPTION_MARKET_CLASS: &str = ""binary_option"";",selected_market_requirement_schema_value,Selected-market requirement market-class value for NT BinaryOption instruments; it labels schema provenance and does not configure a market.
2140,no,NO_POLICY_TERM,src/bolt_v3_market_families/static_binary_event.rs,string,"""binary_outcome""","const STATIC_VALUE_KIND: &str = ""binary_outcome"";",selected_market_requirement_schema_value,Selected-market requirement value-kind label for binary outcome markets; it labels schema provenance and does not configure a market.
2141,yes,NO_POLICY_TERM,src/bolt_v3_market_families/static_binary_event.rs,string,"""condition_id""","const METADATA_CONDITION_ID_FIELD: &str = ""condition_id"";",nt_instrument_metadata_field,NT Polymarket BinaryOption metadata field name used to read the configured condition identity from adapter metadata.
2142,no,NO_POLICY_TERM,src/bolt_v3_market_families/static_binary_event.rs,string,"""family_key""","const METADATA_FAMILY_KEY_FIELD: &str = ""family_key"";",selected_market_requirement_schema_field,Selected-market requirement provenance field name; it records the static market-family key for auditability.
2143,no,NO_POLICY_TERM,src/bolt_v3_market_families/static_binary_event.rs,string,"""instrument_ids""","const METADATA_INSTRUMENT_IDS_FIELD: &str = ""instrument_ids"";",selected_market_requirement_schema_field,Selected-market requirement provenance field name for the NT instrument IDs selected from cache metadata.
2144,no,NO_POLICY_TERM,src/bolt_v3_market_families/static_binary_event.rs,string,"""market_class""","const METADATA_MARKET_CLASS_FIELD: &str = ""market_class"";",selected_market_requirement_schema_field,Selected-market requirement provenance field name for the selected market class label.
2145,no,NO_POLICY_TERM,src/bolt_v3_market_families/static_binary_event.rs,string,"""market_id""","const METADATA_MARKET_ID_FIELD: &str = ""market_id"";",nt_instrument_metadata_field,NT Polymarket BinaryOption metadata field name used to read the adapter-provided market ID.
2146,no,NO_POLICY_TERM,src/bolt_v3_market_families/static_binary_event.rs,string,"""market_slug""","const METADATA_MARKET_SLUG_FIELD: &str = ""market_slug"";",nt_instrument_metadata_field,NT Polymarket BinaryOption metadata field name used to match the TOML-configured static market slug.
2147,no,NO_POLICY_TERM,src/bolt_v3_market_families/static_binary_event.rs,string,"""no_outcome""","const METADATA_NO_OUTCOME_FIELD: &str = ""no_outcome"";",selected_market_requirement_schema_field,Selected-market requirement provenance field name for the TOML-configured NO outcome label.
2148,no,NO_POLICY_TERM,src/bolt_v3_market_families/static_binary_event.rs,string,"""nt_instrument_metadata""","const NT_INSTRUMENT_METADATA_SOURCE_KIND: &str = ""nt_instrument_metadata"";",selected_market_requirement_schema_value,Selected-market requirement provenance source-kind label identifying NT instrument metadata as the source.
2149,no,NO_POLICY_TERM,src/bolt_v3_market_families/static_binary_event.rs,string,"""static_binary_event_condition""","const STATIC_RESOLUTION_KIND: &str = ""static_binary_event_condition"";",selected_market_requirement_schema_value,Selected-market requirement resolution-kind label for a configured static binary-event condition ID selected from NT metadata.
2150,no,NO_POLICY_TERM,src/bolt_v3_market_families/static_binary_event.rs,string,"""question_id""","const METADATA_QUESTION_ID_FIELD: &str = ""question_id"";",nt_instrument_metadata_field,NT Polymarket BinaryOption metadata field name used to verify both selected outcomes share the same question.
2151,yes,NO_POLICY_TERM,src/bolt_v3_market_families/static_binary_event.rs,string,"""reference_current_price""","pub const REFERENCE_CURRENT_PRICE_FAIR_PROBABILITY_SOURCE: &str = ""reference_current_price"";",static_binary_event_fair_probability_source_token,Allowed static-event fair-probability source token projected from TOML; PR 730 owns the source table and provider runtime.
2152,no,NO_POLICY_TERM,src/bolt_v3_market_families/static_binary_event.rs,string,"""source_kind""","const METADATA_SOURCE_KIND_FIELD: &str = ""source_kind"";",selected_market_requirement_schema_field,Selected-market requirement provenance field name identifying the source kind for selected metadata.
2153,no,NO_POLICY_TERM,src/bolt_v3_market_families/static_binary_event.rs,string,"""static_binary_event""","pub const KEY: &str = ""static_binary_event"";",market_family_key,"Market-family registry key selected from TOML rotating_market_family; it is a dispatch label, not a hardcoded market identity."
2154,yes,NO_POLICY_TERM,src/bolt_v3_market_families/static_binary_event.rs,string,"""target.condition_id""","""target.condition_id"",",target_validation_field,Validation field label for the optional static target condition ID; the condition value remains TOML-owned.
2155,no,NO_POLICY_TERM,src/bolt_v3_market_families/static_binary_event.rs,string,"""target.configured_target_id""","""target.configured_target_id"",",target_validation_field,Validation field label for the static target identifier; the target identifier value remains TOML-owned.
2156,no,NO_POLICY_TERM,src/bolt_v3_market_families/static_binary_event.rs,string,"""target.no_outcome""","""target.no_outcome"",",target_validation_field,Validation field label for the TOML-configured static NO outcome.
2157,no,POLICY_TERM_CONFIG_OR_STRUCTURAL,src/bolt_v3_market_families/static_binary_event.rs,string,"""target.selection_window_secs""","cadence_seconds_source_field: ""target.selection_window_secs"",",strategy_archetype_source_field_name,Runtime config provenance label for the TOML static target selection window field.
2158,no,NO_POLICY_TERM,src/bolt_v3_market_families/static_binary_event.rs,string,"""target.yes_outcome""","""target.yes_outcome"",",target_validation_field,Validation field label for the TOML-configured static YES outcome.
2159,no,NO_POLICY_TERM,src/bolt_v3_market_families/static_binary_event.rs,string,"""venue""","const METADATA_VENUE_FIELD: &str = ""venue"";",selected_market_requirement_schema_field,Selected-market requirement provenance field name for the NT venue shared by the selected outcomes.
2160,no,NO_POLICY_TERM,src/bolt_v3_market_families/static_binary_event.rs,string,"""yes_outcome""","const METADATA_YES_OUTCOME_FIELD: &str = ""yes_outcome"";",selected_market_requirement_schema_field,Selected-market requirement provenance field name for the TOML-configured YES outcome label.
2161,no,POLICY_TERM_CONFIG_OR_STRUCTURAL,src/strategies/binary_oracle_edge_taker/config.rs,string,"""is only valid when rotating_market_family is `{}`""","""is only valid when rotating_market_family is `{}`"",",strategy_runtime_diagnostic,Fail-closed validation diagnostic explaining that static-event fields are scoped to the static_binary_event family.
2162,no,POLICY_TERM_CONFIG_OR_STRUCTURAL,src/strategies/binary_oracle_edge_taker/config.rs,string,"""missing_static_fair_probability_source""","""missing_static_fair_probability_source"",",strategy_archetype_validation_error_code,Stable machine-readable validation code for a missing static fair-probability source field.
2163,no,POLICY_TERM_CONFIG_OR_STRUCTURAL,src/strategies/binary_oracle_edge_taker/config.rs,string,"""missing_static_no_outcome""","(""static_no_outcome"", ""missing_static_no_outcome""),",strategy_archetype_validation_error_code,Stable machine-readable validation code for a missing static NO outcome field.
2164,no,POLICY_TERM_CONFIG_OR_STRUCTURAL,src/strategies/binary_oracle_edge_taker/config.rs,string,"""missing_static_yes_outcome""","(""static_yes_outcome"", ""missing_static_yes_outcome""),",strategy_archetype_validation_error_code,Stable machine-readable validation code for a missing static YES outcome field.
2165,no,POLICY_TERM_CONFIG_OR_STRUCTURAL,src/strategies/binary_oracle_edge_taker/config.rs,string,"""static_condition_id""","""static_condition_id"",",strategy_runtime_schema_field,Static binary-event condition-id strategy config field name; the value remains TOML-owned.
2166,no,POLICY_TERM_CONFIG_OR_STRUCTURAL,src/strategies/binary_oracle_edge_taker/config.rs,string,"""static_condition_id""","Self::validate_optional_string_field(table, field_prefix, ""static_condition_id"", errors);",strategy_runtime_validation_field,Validation field label for the optional static binary-event condition ID.
2167,no,POLICY_TERM_CONFIG_OR_STRUCTURAL,src/strategies/binary_oracle_edge_taker/config.rs,string,"""static_condition_id""","| ""static_condition_id""",strategy_runtime_schema_field,Static binary-event condition-id field admitted by the strategy config schema.
2168,no,POLICY_TERM_CONFIG_OR_STRUCTURAL,src/strategies/binary_oracle_edge_taker/config.rs,string,"""static_fair_probability_source""","""static_fair_probability_source"",",strategy_runtime_schema_field,Static binary-event fair-probability source strategy config field name; the value remains TOML-owned.
2169,no,POLICY_TERM_CONFIG_OR_STRUCTURAL,src/strategies/binary_oracle_edge_taker/config.rs,string,"""static_fair_probability_source""","if let Some(source) = table.get(""static_fair_probability_source"").and_then(Value::as_str)",strategy_runtime_validation_field,Validation lookup for the static binary-event fair-probability source field.
2170,no,POLICY_TERM_CONFIG_OR_STRUCTURAL,src/strategies/binary_oracle_edge_taker/config.rs,string,"""static_fair_probability_source""","| ""static_fair_probability_source""",strategy_runtime_schema_field,Static binary-event fair-probability source field admitted by the strategy config schema.
2171,no,POLICY_TERM_CONFIG_OR_STRUCTURAL,src/strategies/binary_oracle_edge_taker/config.rs,string,"""static_no_outcome""","""static_no_outcome"",",strategy_runtime_schema_field,Static binary-event NO outcome strategy config field name; the value remains TOML-owned.
2172,no,POLICY_TERM_CONFIG_OR_STRUCTURAL,src/strategies/binary_oracle_edge_taker/config.rs,string,"""static_no_outcome""","(""static_no_outcome"", ""missing_static_no_outcome""),",strategy_runtime_validation_field,Validation lookup for requiring the static binary-event NO outcome field.
2173,no,POLICY_TERM_CONFIG_OR_STRUCTURAL,src/strategies/binary_oracle_edge_taker/config.rs,string,"""static_no_outcome""","Self::validate_optional_string_field(table, field_prefix, ""static_no_outcome"", errors);",strategy_runtime_validation_field,Validation field label for the optional static binary-event NO outcome.
2174,no,POLICY_TERM_CONFIG_OR_STRUCTURAL,src/strategies/binary_oracle_edge_taker/config.rs,string,"""static_no_outcome""","let no = table.get(""static_no_outcome"").and_then(Value::as_str);",strategy_runtime_validation_field,Validation lookup for checking static binary-event YES and NO outcomes are distinct.
2175,no,POLICY_TERM_CONFIG_OR_STRUCTURAL,src/strategies/binary_oracle_edge_taker/config.rs,string,"""static_no_outcome""","| ""static_no_outcome""",strategy_runtime_schema_field,Static binary-event NO outcome field admitted by the strategy config schema.
2176,no,POLICY_TERM_CONFIG_OR_STRUCTURAL,src/strategies/binary_oracle_edge_taker/config.rs,string,"""static_yes_outcome""","""static_yes_outcome"",",strategy_runtime_schema_field,Static binary-event YES outcome strategy config field name; the value remains TOML-owned.
2177,no,POLICY_TERM_CONFIG_OR_STRUCTURAL,src/strategies/binary_oracle_edge_taker/config.rs,string,"""static_yes_outcome""","(""static_yes_outcome"", ""missing_static_yes_outcome""),",strategy_runtime_validation_field,Validation lookup for requiring the static binary-event YES outcome field.
2178,no,POLICY_TERM_CONFIG_OR_STRUCTURAL,src/strategies/binary_oracle_edge_taker/config.rs,string,"""static_yes_outcome""","Self::validate_optional_string_field(table, field_prefix, ""static_yes_outcome"", errors);",strategy_runtime_validation_field,Validation field label for the optional static binary-event YES outcome.
2179,no,POLICY_TERM_CONFIG_OR_STRUCTURAL,src/strategies/binary_oracle_edge_taker/config.rs,string,"""static_yes_outcome""","let yes = table.get(""static_yes_outcome"").and_then(Value::as_str);",strategy_runtime_validation_field,Validation lookup for checking static binary-event YES and NO outcomes are distinct.
2180,no,POLICY_TERM_CONFIG_OR_STRUCTURAL,src/strategies/binary_oracle_edge_taker/config.rs,string,"""static_yes_outcome""","| ""static_yes_outcome""",strategy_runtime_schema_field,Static binary-event YES outcome field admitted by the strategy config schema.
2181,yes,POLICY_TERM_CONFIG_OR_STRUCTURAL,src/main.rs,string,"""persistence.catalog_directory `{}` has {available_bytes} free bytes, below configured persistence.min_free_bytes {min_free_bytes}""","""persistence.catalog_directory `{}` has {available_bytes} free bytes, below configured persistence.min_free_bytes {min_free_bytes}"",",ops_prestart_diagnostic_template,Fail-closed prestart diagnostic reporting measured filesystem bytes against the TOML-owned persistence.min_free_bytes floor.
2182,no,POLICY_TERM_CONFIG_OR_STRUCTURAL,src/main.rs,string,"""ops prestart check ok: catalog_directory={} available_bytes={} min_free_bytes={}""","""ops prestart check ok: catalog_directory={} available_bytes={} min_free_bytes={}"",",ops_prestart_diagnostic_template,"Operator prestart status line echoing the validated catalog path, measured free bytes, and TOML-owned free-space floor without exposing secrets."
2183,no,NO_POLICY_TERM,src/main.rs,string,"""persistence.catalog_directory `{}` cannot be canonicalized before service start: {source}""","""persistence.catalog_directory `{}` cannot be canonicalized before service start: {source}"",",ops_prestart_diagnostic_template,Fail-closed prestart diagnostic when the configured catalog directory cannot be resolved to a real filesystem path before startup.
2184,yes,NO_POLICY_TERM,src/main.rs,string,""".bolt-v2-prestart-write-probe-{}""",""".bolt-v2-prestart-write-probe-{}"",",ops_prestart_probe_filename,Temporary prestart write-probe filename prefix under the TOML-owned catalog directory; it does not configure trading behavior.
2185,yes,POLICY_TERM_CONFIG_OR_STRUCTURAL,src/main.rs,string,"""plain `bolt-v2 run --config {}` is disabled for live arming; use \
         `bolt-v2 ops launch --profile <profile-id> --config-root <config-root>`""","""plain `bolt-v2 run --config {}` is disabled for live arming; use \",ops_launch_run_disabled_diagnostic,"Fail-closed direct-run diagnostic redirecting operators from the disabled plain run path to the `ops launch` prearm chain; agnostic operator guidance, not a runtime configuration value."
2186,no,NO_POLICY_TERM,src/bolt_v3_outcome_group_sources.rs,string,"""{context}.gamma_query.sports_market_types cannot be combined with search or market_query""","""{context}.gamma_query.sports_market_types cannot be combined with search or market_query""",validation_diagnostic_template,Fail-closed validation diagnostic for a Gamma-query selector combination the NT search endpoint cannot represent; no runtime value is configured here.
2187,yes,POLICY_TERM_CONFIG_OR_STRUCTURAL,src/strategies/complete_set_arbitrage/tests/shell.rs,number,1,"assert_eq!(shell.forwarded_event_count(), 1);",strategy_test_fixture,Strategy-local shell unit-test assertion for a single forwarded executor event; not a runtime configuration value.
2188,no,POLICY_TERM_CONFIG_OR_STRUCTURAL,src/strategies/complete_set_arbitrage/tests/shell.rs,number,1_750,const SUBMIT_OBSERVED_UNIX_MS: u64 = 1_750;,strategy_test_fixture,Strategy-local shell unit-test timestamp fixture for submit-intent freshness checks.
2189,no,POLICY_TERM_CONFIG_OR_STRUCTURAL,src/strategies/complete_set_arbitrage/tests/shell.rs,number,2,"max_retries: 2,",strategy_test_fixture,Strategy-local shell unit-test repair/unwind retry fixture; production limits remain TOML-owned.
2190,no,POLICY_TERM_CONFIG_OR_STRUCTURAL,src/strategies/complete_set_arbitrage/tests/shell.rs,number,250,"max_book_age_ms: 250,",strategy_test_fixture,Strategy-local shell unit-test book-age fixture; production limits remain TOML-owned.
2191,no,POLICY_TERM_CONFIG_OR_STRUCTURAL,src/strategies/complete_set_arbitrage/tests/shell.rs,number,2_000,const SUBMIT_NOW_UNIX_MS: u64 = 2_000;,strategy_test_fixture,Strategy-local shell unit-test current-time fixture for submit-intent freshness checks.
2192,no,POLICY_TERM_CONFIG_OR_STRUCTURAL,src/strategies/complete_set_arbitrage/tests/shell.rs,number,4,"max_depth_levels: 4,",strategy_test_fixture,Strategy-local shell unit-test depth fixture; production limits remain TOML-owned.
2193,no,POLICY_TERM_CONFIG_OR_STRUCTURAL,src/strategies/complete_set_arbitrage/tests/shell.rs,number,50,"max_slippage_bps: 50,",strategy_test_fixture,Strategy-local shell unit-test slippage fixture; production limits remain TOML-owned.
2194,no,POLICY_TERM_CONFIG_OR_STRUCTURAL,src/strategies/complete_set_arbitrage/tests/shell.rs,number,500,const SUBMIT_MAX_OBSERVATION_AGE_MS: u64 = 500;,strategy_test_fixture,Strategy-local shell unit-test observation-age fixture for submit-intent freshness checks.
2195,yes,SUSPECT_POLICY_REVIEW,src/strategies/complete_set_arbitrage/tests/shell.rs,string,"""0.0""","vec![vec![dec(""1.0""), dec(""0.0"")], vec![dec(""0.0""), dec(""1.0"")]],",strategy_test_fixture,Strategy-local shell unit-test payout-matrix fixture for a two-leg complete-set basket.
2196,yes,SUSPECT_POLICY_REVIEW,src/strategies/complete_set_arbitrage/tests/shell.rs,string,"""0.10""","dec(""0.10""),",strategy_test_fixture,Strategy-local shell unit-test edge-floor fixture for shared basket execution.
2197,no,POLICY_TERM_CONFIG_OR_STRUCTURAL,src/strategies/complete_set_arbitrage/tests/shell.rs,string,"""0.44""","cost: dec(""0.44""),",strategy_test_fixture,Strategy-local shell unit-test fill-cost fixture for forwarding into shared basket execution.
2198,yes,SUSPECT_POLICY_REVIEW,src/strategies/complete_set_arbitrage/tests/shell.rs,string,"""0.44""","notional: dec(""0.44""),",strategy_test_fixture,Strategy-local shell unit-test leg-notional fixture for submit-command construction.
2199,yes,SUSPECT_POLICY_REVIEW,src/strategies/complete_set_arbitrage/tests/shell.rs,string,"""0.46""","notional: dec(""0.46""),",strategy_test_fixture,Strategy-local shell unit-test leg-notional fixture for submit-command construction.
2200,no,POLICY_TERM_CONFIG_OR_STRUCTURAL,src/strategies/complete_set_arbitrage/tests/shell.rs,string,"""1.0""","(""NO"", ""NO.POLYMARKET"", dec(""1.0"")),",strategy_test_fixture,Strategy-local shell unit-test target-quantity fixture for a complete-set leg.
2201,no,POLICY_TERM_CONFIG_OR_STRUCTURAL,src/strategies/complete_set_arbitrage/tests/shell.rs,string,"""1.0""","(""YES"", ""YES.POLYMARKET"", dec(""1.0"")),",strategy_test_fixture,Strategy-local shell unit-test target-quantity fixture for a complete-set leg.
2202,no,POLICY_TERM_CONFIG_OR_STRUCTURAL,src/strategies/complete_set_arbitrage/tests/shell.rs,string,"""1.0""","quantity: dec(""1.0""),",strategy_test_fixture,Strategy-local shell unit-test fill/submit quantity fixture.
2203,yes,SUSPECT_POLICY_REVIEW,src/strategies/complete_set_arbitrage/tests/shell.rs,string,"""1.0""","vec![vec![dec(""1.0""), dec(""0.0"")], vec![dec(""0.0""), dec(""1.0"")]],",strategy_test_fixture,Strategy-local shell unit-test payout-matrix fixture for a two-leg complete-set basket.
2204,yes,SUSPECT_POLICY_REVIEW,src/strategies/complete_set_arbitrage/tests/shell.rs,string,"""1000""","dec(""1000""),",strategy_test_fixture,Strategy-local shell unit-test edge-bps fixture for shared basket execution.
2205,no,POLICY_TERM_CONFIG_OR_STRUCTURAL,src/strategies/complete_set_arbitrage/tests/shell.rs,string,"""COID-NO""","client_order_id: ""COID-NO"".to_string(),",strategy_test_fixture,Strategy-local shell unit-test client-order-id fixture.
2206,no,POLICY_TERM_CONFIG_OR_STRUCTURAL,src/strategies/complete_set_arbitrage/tests/shell.rs,string,"""COID-YES""","client_order_id: ""COID-YES"".to_string(),",strategy_test_fixture,Strategy-local shell unit-test client-order-id fixture.
2207,yes,SUSPECT_POLICY_REVIEW,src/strategies/complete_set_arbitrage/tests/shell.rs,string,"""NO""","(""NO"", ""NO.POLYMARKET"", dec(""1.0"")),",strategy_test_fixture,Strategy-local shell unit-test complete-set leg-id fixture.
2208,yes,SUSPECT_POLICY_REVIEW,src/strategies/complete_set_arbitrage/tests/shell.rs,string,"""NO""","leg_id: ""NO"".to_string(),",strategy_test_fixture,Strategy-local shell unit-test complete-set leg-id fixture.
2209,no,POLICY_TERM_CONFIG_OR_STRUCTURAL,src/strategies/complete_set_arbitrage/tests/shell.rs,string,"""NO.POLYMARKET""","(""NO"", ""NO.POLYMARKET"", dec(""1.0"")),",strategy_test_fixture,Strategy-local shell unit-test instrument-id fixture.
2210,no,POLICY_TERM_CONFIG_OR_STRUCTURAL,src/strategies/complete_set_arbitrage/tests/shell.rs,string,"""NO.POLYMARKET""","instrument_id: ""NO.POLYMARKET"".to_string(),",strategy_test_fixture,Strategy-local shell unit-test instrument-id fixture.
2211,no,POLICY_TERM_CONFIG_OR_STRUCTURAL,src/strategies/complete_set_arbitrage/tests/shell.rs,string,"""OL-SHELL""","""OL-SHELL"",",strategy_test_fixture,Strategy-local shell unit-test NT order-list id fixture.
2212,yes,SUSPECT_POLICY_REVIEW,src/strategies/complete_set_arbitrage/tests/shell.rs,string,"""POLYMARKET""","venue: ""POLYMARKET"".to_string(),",strategy_test_fixture,Strategy-local shell unit-test venue fixture.
2213,yes,SUSPECT_POLICY_REVIEW,src/strategies/complete_set_arbitrage/tests/shell.rs,string,"""VOID-YES""","venue_order_id: ""VOID-YES"".to_string(),",strategy_test_fixture,Strategy-local shell unit-test venue-order-id fixture.
2214,yes,SUSPECT_POLICY_REVIEW,src/strategies/complete_set_arbitrage/tests/shell.rs,string,"""VOID-YES""","venue_order_id: Some(""VOID-YES"".to_string()),",strategy_test_fixture,Strategy-local shell unit-test venue-order-id fixture.
2215,yes,SUSPECT_POLICY_REVIEW,src/strategies/complete_set_arbitrage/tests/shell.rs,string,"""YES""","(""YES"", ""YES.POLYMARKET"", dec(""1.0"")),",strategy_test_fixture,Strategy-local shell unit-test complete-set leg-id fixture.
2216,yes,SUSPECT_POLICY_REVIEW,src/strategies/complete_set_arbitrage/tests/shell.rs,string,"""YES""","leg_id: ""YES"".to_string(),",strategy_test_fixture,Strategy-local shell unit-test complete-set leg-id fixture.
2217,no,POLICY_TERM_CONFIG_OR_STRUCTURAL,src/strategies/complete_set_arbitrage/tests/shell.rs,string,"""YES.POLYMARKET""","(""YES"", ""YES.POLYMARKET"", dec(""1.0"")),",strategy_test_fixture,Strategy-local shell unit-test instrument-id fixture.
2218,no,POLICY_TERM_CONFIG_OR_STRUCTURAL,src/strategies/complete_set_arbitrage/tests/shell.rs,string,"""YES.POLYMARKET""","instrument_id: ""YES.POLYMARKET"".to_string(),",strategy_test_fixture,Strategy-local shell unit-test instrument-id fixture.
2219,yes,SUSPECT_POLICY_REVIEW,src/strategies/complete_set_arbitrage/tests/shell.rs,string,"""basket-1""","""basket-1"",",strategy_test_fixture,Strategy-local shell unit-test basket-id fixture.
2220,yes,SUSPECT_POLICY_REVIEW,src/strategies/complete_set_arbitrage/tests/shell.rs,string,"""complete-set-main""","""complete-set-main"",",strategy_test_fixture,Strategy-local shell unit-test strategy-id fixture.
2221,yes,SUSPECT_POLICY_REVIEW,src/strategies/complete_set_arbitrage/tests/shell.rs,string,"""complete-set-main""","let mut shell = CompleteSetArbitrageShell::new(""complete-set-main"");",strategy_test_fixture,Strategy-local shell unit-test strategy-id fixture.
2222,no,POLICY_TERM_CONFIG_OR_STRUCTURAL,src/strategies/complete_set_arbitrage/tests/shell.rs,string,"""polymarket-main""","""polymarket-main"",",strategy_test_fixture,Strategy-local shell unit-test execution-client-id fixture.
2223,yes,POLICY_TERM_CONFIG_OR_STRUCTURAL,src/strategies/complete_set_arbitrage/tests/shell.rs,string,"""settlement signal remains gated by Task 0 disposition""",".expect_err(""settlement signal remains gated by Task 0 disposition"");",strategy_test_diagnostic,Strategy-local shell unit-test assertion message; not runtime behavior.
2224,yes,POLICY_TERM_CONFIG_OR_STRUCTURAL,src/source_canonicalization.rs,string,"""OUT_DIR""","include!(concat!(env!(""OUT_DIR""), ""/gated_source_roots.rs""));",source_canonicalization_codegen_include,"Build-time include path literal locating the build.rs-generated GATED_SOURCE_ROOTS under OUT_DIR; a compile-time codegen reference, not an operator runtime value."
2225,no,POLICY_TERM_CONFIG_OR_STRUCTURAL,src/source_canonicalization.rs,string,"""/gated_source_roots.rs""","include!(concat!(env!(""OUT_DIR""), ""/gated_source_roots.rs""));",source_canonicalization_codegen_include,"Build-time include path literal: the build.rs-generated GATED_SOURCE_ROOTS file name under OUT_DIR; a compile-time codegen reference, not an operator runtime value."
2226,no,POLICY_TERM_CONFIG_OR_STRUCTURAL,src/strategies/binary_oracle_maker/archetype.rs,string,"""requote_min_interval_ms""","""requote_min_interval_ms"",",strategy_runtime_schema_field,"Maker runtime config schema field name written into the flat NT config table from the operator [parameters.runtime] block; must match the BinaryOracleMakerConfig field name. A stable schema key, not an operator runtime value."
2227,yes,POLICY_TERM_CONFIG_OR_STRUCTURAL,src/bolt_v3_requote_budget.rs,number,1,const SUBMIT_COMMAND_COST: u64 = 1;,requote_budget_structural_unit_cost,"One NT submit command costs exactly one token against the submit-governor budget. A structural protocol unit (a submit is one submit command), not an operator-tunable value; the tunable cap (max_order_submit_rate) is TOML-owned and passed into RequoteBudget::new by callers."
2228,no,POLICY_TERM_CONFIG_OR_STRUCTURAL,src/bolt_v3_requote_budget.rs,number,1,const REST_CALL_COST: u64 = 1;,requote_budget_structural_unit_cost,"One venue CLOB REST call costs exactly one token against the REST budget. A structural protocol unit (a cancel or submit is one REST call), not an operator-tunable value; the tunable cap (venue clob_per_minute) is TOML/venue-contract-owned and passed into RequoteBudget::new by callers."
2229,yes,POLICY_TERM_CONFIG_OR_STRUCTURAL,src/bolt_v3_requote_budget.rs,number,0,"self.try_reserve(now_ms, 0, REST_CALL_COST)",requote_budget_standalone_cancel_zero_submit_cost,"A standalone cancel issues zero submit commands (a cancel is not a submit), so it charges the submit-governor budget nothing. A structural protocol fact, not a tunable value."
2230,yes,POLICY_TERM_CONFIG_OR_STRUCTURAL,src/bolt_v3_requote_budget.rs,number,0,"let submit_ok = submit_cost == 0 || submit_trial.try_acquire(now_ms, submit_cost);",requote_budget_zero_submit_cost_skip_guard,"A zero submit cost (a standalone cancel) skips the submit-governor acquisition entirely, leaving the submit budget untouched. A structural sentinel guard, not a tunable value."
2231,yes,NO_POLICY_TERM,src/bolt_v3_maker_market_selection.rs,number,0.0,value.is_finite() && value > 0.0,maker_market_selection_positive_notional_guard,This is the zero lower-bound sentinel for caller/TOML-owned maker portfolio notional validation; the bankroll and slot-floor values remain runtime-owned by config.
2232,yes,POLICY_TERM_CONFIG_OR_STRUCTURAL,src/strategies/binary_oracle_maker/archetype.rs,string,"""market_portfolio_max_active_markets""","""market_portfolio_max_active_markets"",",maker_market_portfolio_schema_field,"Maker market-portfolio config schema field name written into the flat NT config table from the operator [parameters.market_portfolio] block; must match the BinaryOracleMakerConfig field name. A stable schema key, not an operator runtime value."
2233,no,POLICY_TERM_CONFIG_OR_STRUCTURAL,src/strategies/binary_oracle_maker/archetype.rs,string,"""market_portfolio_total_bankroll_notional""","""market_portfolio_total_bankroll_notional"".to_string(),",maker_market_portfolio_schema_field,"Maker market-portfolio config schema field name written into the flat NT config table from the operator [parameters.market_portfolio] block; must match the BinaryOracleMakerConfig field name. A stable schema key, not an operator runtime value."
2234,no,POLICY_TERM_CONFIG_OR_STRUCTURAL,src/strategies/binary_oracle_maker/archetype.rs,string,"""market_portfolio_min_slot_notional""","""market_portfolio_min_slot_notional"".to_string(),",maker_market_portfolio_schema_field,"Maker market-portfolio config schema field name written into the flat NT config table from the operator [parameters.market_portfolio] block; must match the BinaryOracleMakerConfig field name. A stable schema key, not an operator runtime value."
2235,no,POLICY_TERM_CONFIG_OR_STRUCTURAL,src/strategies/binary_oracle_maker/archetype.rs,string,"""max_active_markets""","MakerMarketPortfolioBlocker::InvalidMaxActiveMarkets => ""max_active_markets"",",maker_market_portfolio_schema_field,Maker market-portfolio validation diagnostic field label for the operator [parameters.market_portfolio] block; the actual concurrency cap remains TOML-owned.
2236,no,POLICY_TERM_CONFIG_OR_STRUCTURAL,src/strategies/binary_oracle_maker/archetype.rs,string,"""total_bankroll_notional""","MakerMarketPortfolioBlocker::InvalidTotalBankroll => ""total_bankroll_notional"",",maker_market_portfolio_schema_field,Maker market-portfolio validation diagnostic field label for the operator [parameters.market_portfolio] block; the actual bankroll remains TOML-owned.
2237,no,POLICY_TERM_CONFIG_OR_STRUCTURAL,src/strategies/binary_oracle_maker/archetype.rs,string,"""min_slot_notional""","MakerMarketPortfolioBlocker::InvalidMinSlotNotional => ""min_slot_notional"",",maker_market_portfolio_schema_field,Maker market-portfolio validation diagnostic field label for the operator [parameters.market_portfolio] block; the actual minimum slot notional remains TOML-owned.
2238,no,POLICY_TERM_CONFIG_OR_STRUCTURAL,src/strategies/binary_oracle_maker/archetype.rs,string,"""policy""","| MakerMarketPortfolioBlocker::InsufficientSlotAllocation => ""policy"",",maker_market_portfolio_schema_field,Maker market-portfolio validation diagnostic fallback label for candidate/runtime-only policy blockers; the runtime market inputs and policy values remain caller/TOML-owned.
2239,no,POLICY_TERM_CONFIG_OR_STRUCTURAL,src/strategies/binary_oracle_maker/archetype.rs,string,"""{context}: parameters.market_portfolio.{} {}""","""{context}: parameters.market_portfolio.{} {}"",",maker_market_portfolio_schema_field,Stable maker market-portfolio validation diagnostic prefix for the operator [parameters.market_portfolio] block; no runtime value is embedded beyond validated TOML-owned field names.
2240,no,POLICY_TERM_CONFIG_OR_STRUCTURAL,src/strategies/binary_oracle_maker/config.rs,string,"""market_portfolio_max_active_markets""","const MARKET_PORTFOLIO_MAX_ACTIVE_MARKETS_FIELD: &str = ""market_portfolio_max_active_markets"";",maker_market_portfolio_schema_field,Maker flat config schema field name accepted by BinaryOracleMakerConfig; the value remains TOML-owned through [parameters.market_portfolio].
2241,no,POLICY_TERM_CONFIG_OR_STRUCTURAL,src/strategies/binary_oracle_maker/config.rs,string,"""market_portfolio_total_bankroll_notional""","""market_portfolio_total_bankroll_notional"";",maker_market_portfolio_schema_field,Maker flat config schema field name accepted by BinaryOracleMakerConfig; the value remains TOML-owned through [parameters.market_portfolio].
2242,no,POLICY_TERM_CONFIG_OR_STRUCTURAL,src/strategies/binary_oracle_maker/config.rs,string,"""market_portfolio_min_slot_notional""","const MARKET_PORTFOLIO_MIN_SLOT_NOTIONAL_FIELD: &str = ""market_portfolio_min_slot_notional"";",maker_market_portfolio_schema_field,Maker flat config schema field name accepted by BinaryOracleMakerConfig; the value remains TOML-owned through [parameters.market_portfolio].
2243,yes,POLICY_TERM_CONFIG_OR_STRUCTURAL,src/bolt_v3_prod_profile.rs,number,1,pub const GENERATOR_FORMAT_VERSION: u32 = 1;,prod_profile_generator_format_version,"Provenance-header format version stamped onto the generated runtime config and bumped only when the header format changes; it is a code constant, not an operator runtime value."
2244,yes,POLICY_TERM_CONFIG_OR_STRUCTURAL,src/bolt_v3_config.rs,string,"""# bolt-v2:generated-live-config format=""","pub const GENERATED_LIVE_CONFIG_MARKER_PREFIX: &str = ""# bolt-v2:generated-live-config format="";",prod_profile_generation_marker,"Fixed provenance-marker prefix stamped onto, and matched in, the generated runtime config; it is a code constant, not an operator runtime value."
2245,yes,POLICY_TERM_CONFIG_OR_STRUCTURAL,src/bolt_v3_prod_profile.rs,number,63,const MAX_PROFILE_ID_LEN: usize = 63;,prod_profile_id_shape_limit,"Maximum opaque profile ID length accepted before deriving a profile overlay path; this is a structural input-shape bound, not an operator runtime value."
2246,yes,NO_POLICY_TERM,src/bolt_v3_prod_profile.rs,string,"""profiles""","const PROFILES_DIR_NAME: &str = ""profiles"";",prod_profile_source_path_derivation,"Structural directory name under config root for reviewed deploy profile overlays; the operator supplies only an opaque profile ID, not this path."
2247,no,NO_POLICY_TERM,src/bolt_v3_prod_profile.rs,string,"""root.toml""","const ROOT_CONFIG_FILE_NAME: &str = ""root.toml"";",prod_profile_source_path_derivation,Structural base config filename derived from config root; it removes the overlay-owned base redirect and is not an operator runtime value.
2248,yes,POLICY_TERM_CONFIG_OR_STRUCTURAL,src/bolt_v3_prod_profile.rs,string,"""live.toml""","pub const LIVE_CONFIG_FILE_NAME: &str = ""live.toml"";",prod_profile_runtime_path_derivation,Structural generated runtime config filename derived from config root; generate/verify use it to avoid output/deployed path overrides.
2249,no,NO_POLICY_TERM,src/bolt_v3_prod_profile.rs,string,""".overlay.toml""","const PROFILE_OVERLAY_SUFFIX: &str = "".overlay.toml"";",prod_profile_source_path_derivation,"Structural profile overlay filename suffix appended after profile ID validation; this is code-owned layout, not a trading runtime value."
2250,yes,POLICY_TERM_CONFIG_OR_STRUCTURAL,src/bolt_v3_prod_profile.rs,string,"""strategies""","const STRATEGIES_DIR_NAME: &str = ""strategies"";",prod_profile_strategy_bundle_path_derivation,"Structural strategy-config directory under config root used to fence production profile strategy_files to the reviewed config bundle; not a strategy, venue, market, or runtime trading value."
2251,no,POLICY_TERM_CONFIG_OR_STRUCTURAL,src/bolt_v3_prod_profile.rs,string,"""toml""","const STRATEGY_CONFIG_EXTENSION: &str = ""toml"";",prod_profile_strategy_bundle_path_derivation,Structural file-extension guard for strategy config files selected by production overlays; the strategy contents remain TOML-owned.
2252,yes,NO_POLICY_TERM,src/bolt_v3_prod_profile.rs,string,"""config root""","reject_symlink_path(config_root, ""config root"")?;",prod_profile_symlink_guard_context,Diagnostic context label for rejecting a symlinked config root before deriving production profile paths; not an operator runtime value.
2253,no,POLICY_TERM_CONFIG_OR_STRUCTURAL,src/bolt_v3_prod_profile.rs,string,"""strategy_files directory""","reject_symlink_path(&strategies_dir, ""strategy_files directory"")?;",prod_profile_symlink_guard_context,Diagnostic context label for rejecting a symlinked strategy bundle directory; not an operator runtime value.
2254,no,NO_POLICY_TERM,src/bolt_v3_prod_profile.rs,string,"""base root.toml""","reject_symlink_path(&base_path, ""base root.toml"")?;",prod_profile_symlink_guard_context,Diagnostic context label for rejecting a symlinked base root.toml before composition; not an operator runtime value.
2255,no,NO_POLICY_TERM,src/bolt_v3_prod_profile.rs,string,"""profiles directory""","reject_symlink_path(&config_root.join(PROFILES_DIR_NAME), ""profiles directory"")?;",prod_profile_symlink_guard_context,Diagnostic context label for rejecting a symlinked profile directory before overlay resolution; not an operator runtime value.
2256,no,NO_POLICY_TERM,src/bolt_v3_prod_profile.rs,string,"""profile overlay""","reject_symlink_path(&overlay_path, ""profile overlay"")?;",prod_profile_symlink_guard_context,Diagnostic context label for rejecting a symlinked selected overlay before reading profile data; not an operator runtime value.
2257,no,POLICY_TERM_CONFIG_OR_STRUCTURAL,src/bolt_v3_prod_profile.rs,string,"""deployed live.toml""","reject_symlink_path(&deployed_path, ""deployed live.toml"")?;",prod_profile_symlink_guard_context,Diagnostic context label for rejecting a symlinked generated live.toml before verification; not an operator runtime value.
2258,yes,POLICY_TERM_CONFIG_OR_STRUCTURAL,src/bolt_v3_prod_profile.rs,number,2,if components.len() < 2 {,prod_profile_strategy_bundle_path_shape,"Minimum path-component count for a strategy file under strategies/<file>.toml; this is path-shape validation, not an operator runtime value."
2259,yes,POLICY_TERM_CONFIG_OR_STRUCTURAL,src/bolt_v3_prod_profile.rs,string,"""live""","if matches!(raw, ""live"" | ""local"" | ""root"" | ""profiles"") {",prod_profile_reserved_id,Reserved opaque profile ID that avoids confusing a profile selector with the generated live.toml artifact.
2260,no,NO_POLICY_TERM,src/bolt_v3_prod_profile.rs,string,"""local""","if matches!(raw, ""live"" | ""local"" | ""root"" | ""profiles"") {",prod_profile_reserved_id,Reserved opaque profile ID that avoids confusing a profile selector with legacy live.local.toml operator drift.
2261,no,NO_POLICY_TERM,src/bolt_v3_prod_profile.rs,string,"""root""","if matches!(raw, ""live"" | ""local"" | ""root"" | ""profiles"") {",prod_profile_reserved_id,Reserved opaque profile ID that avoids confusing a profile selector with the structural root.toml base.
2262,no,NO_POLICY_TERM,src/bolt_v3_prod_profile.rs,string,"""profiles""","if matches!(raw, ""live"" | ""local"" | ""root"" | ""profiles"") {",prod_profile_reserved_id,Reserved opaque profile ID that avoids confusing a profile selector with the structural profiles directory.
2263,yes,NO_POLICY_TERM,src/bolt_v3_atomic_io.rs,number,0o644,pub const RUNTIME_CONFIG_FILE_MODE: u32 = 0o644;,atomic_io_runtime_config_file_mode,"Unix file mode for non-secret runtime files a service user must read (mirrors PRIVATE_ARTIFACT_FILE_MODE 0o600); it is a code constant, not an operator runtime value."
2264,yes,POLICY_TERM_CONFIG_OR_STRUCTURAL,src/bolt_v3_atomic_io.rs,number,0o640,pub(crate) const GROUP_READABLE_ARTIFACT_FILE_MODE: u32 = 0o640;,atomic_io_group_readable_artifact_file_mode,"Unix file mode for non-secret artifacts carrying host-identifying metadata (launch-identity pid + region/AZ/instance-id): owner+group readable so ops status works, but not world-readable (sits between PRIVATE_ARTIFACT_FILE_MODE 0o600 and RUNTIME_CONFIG_FILE_MODE 0o644). It is a code constant, not an operator runtime value."
2265,yes,NO_POLICY_TERM,src/bolt_v3_atomic_io.rs,string,"""{prefix}.{}.{timestamp_ns}.{counter}""","""{prefix}.{}.{timestamp_ns}.{counter}"",",atomic_io_temp_path_template,"Format template that names a process-unique temp path from a caller-supplied prefix plus the shared atomic-io counter/pid/timestamp identity; it is filesystem plumbing, not an operator runtime value."
2266,yes,POLICY_TERM_CONFIG_OR_STRUCTURAL,src/bolt_v3_prod_profile.rs,string,"""strategy_files""","""strategy_files"".to_string(),",prod_profile_compose_root_key,"TOML root-config key the overlay composition replaces in the base table (mirrors BoltV3RootConfig.strategy_files); a structural schema key navigating the config tree, not an operator runtime value."
2267,no,NO_POLICY_TERM,src/bolt_v3_prod_profile.rs,string,"""clients""","let base_clients = require_table(&root, ""clients"", ""active_clients"")?.clone();",prod_profile_compose_root_key,"TOML root-config key the composition reads/retains from the base table (mirrors BoltV3RootConfig.clients); a structural schema key navigating the config tree, not an operator runtime value."
2268,yes,POLICY_TERM_CONFIG_OR_STRUCTURAL,src/bolt_v3_prod_profile.rs,string,"""active_clients""","let base_clients = require_table(&root, ""clients"", ""active_clients"")?.clone();",prod_profile_compose_diagnostic_context,"Context label naming the overlay field driving the client-retention step in a composition error message; it is a diagnostic anchor, not an operator runtime value."
2269,no,NO_POLICY_TERM,src/bolt_v3_prod_profile.rs,string,"""execution""","""execution"".to_string(),",prod_profile_compose_root_key,"TOML client-block key the composition full-replaces from the overlay (mirrors ClientBlock.execution); a structural schema key navigating the config tree, not an operator runtime value."
2270,no,NO_POLICY_TERM,src/bolt_v3_prod_profile.rs,string,"""clients""","root.insert(""clients"".to_string(), toml::Value::Table(retained_clients));",prod_profile_compose_root_key,"TOML root-config key the composition writes the retained client set back to (mirrors BoltV3RootConfig.clients); a structural schema key navigating the config tree, not an operator runtime value."
2271,no,NO_POLICY_TERM,src/bolt_v3_prod_profile.rs,string,"""realized_volatility_surfaces""","require_table(&root, ""realized_volatility_surfaces"", ""active_rv_surfaces"")?.clone();",prod_profile_compose_root_key,"TOML root-config key the composition reads/retains from the base table (mirrors BoltV3RootConfig.realized_volatility_surfaces); a structural schema key navigating the config tree, not an operator runtime value."
2272,no,POLICY_TERM_CONFIG_OR_STRUCTURAL,src/bolt_v3_prod_profile.rs,string,"""active_rv_surfaces""","require_table(&root, ""realized_volatility_surfaces"", ""active_rv_surfaces"")?.clone();",prod_profile_compose_diagnostic_context,"Context label naming the overlay field driving the RV-surface-retention step in a composition error message; it is a diagnostic anchor, not an operator runtime value."
2273,no,POLICY_TERM_CONFIG_OR_STRUCTURAL,src/bolt_v3_prod_profile.rs,string,"""policy""",".entry(""policy"".to_string())",prod_profile_compose_root_key,"TOML RV-surface-block key whose table receives the overlay's per-surface scalar overrides (mirrors RealizedVolatilitySurfaceBlock.policy); a structural schema key navigating the config tree, not an operator runtime value."
2274,no,NO_POLICY_TERM,src/bolt_v3_prod_profile.rs,string,"""realized_volatility_surfaces""","""realized_volatility_surfaces"".to_string(),",prod_profile_compose_root_key,"TOML root-config key the composition writes the retained RV-surface set back to (mirrors BoltV3RootConfig.realized_volatility_surfaces); a structural schema key navigating the config tree, not an operator runtime value."
2275,no,NO_POLICY_TERM,src/bolt_v3_prod_profile.rs,string,"""risk""",".get_mut(""risk"")",prod_profile_compose_root_key,"TOML root-config key whose table receives the overlay loss_governor block (mirrors BoltV3RootConfig.risk); a structural schema key navigating the config tree, not an operator runtime value."
2276,no,POLICY_TERM_CONFIG_OR_STRUCTURAL,src/bolt_v3_prod_profile.rs,string,"""loss_governor""","""loss_governor"".to_string(),",prod_profile_compose_root_key,"TOML risk-block key the composition inserts the overlay's explicit loss-governor policy block at (mirrors RiskBlock.loss_governor); a structural schema key navigating the config tree, not an operator runtime value."
2277,yes,POLICY_TERM_CONFIG_OR_STRUCTURAL,src/bolt_v3_prod_profile.rs,number,0,"entries.sort_by(|left, right| left.0.cmp(&right.0));",prod_profile_compose_tuple_sort_index,"Tuple field index selecting the (key, value) entry's key for deterministic key-sorted serialization (mirrors the identical config_bundle_checksum sort in bolt_v3_config.rs); it is a tuple accessor, not an operator runtime value."
2278,yes,NO_POLICY_TERM,src/bolt_v3_prod_profile.rs,string,"""composed-live.toml""","let composed_path = temp_dir.path().join(""composed-live.toml"");",prod_profile_compose_temp_filename,Fixed file name of the composed config staged in a private temp dir solely for the validation load; it never reaches the deployed artifact and is not an operator runtime value.
2279,yes,NO_POLICY_TERM,src/bolt_v3_prod_profile.rs,string,"""bolt-v2-compose""","const COMPOSE_TEMP_DIR_PREFIX: &str = ""bolt-v2-compose"";",prod_profile_compose_temp_prefix,"Fixed prefix for the private temp directory used during the validation load; it is filesystem plumbing, not an operator runtime value."
2280,yes,NO_POLICY_TERM,src/bolt_v3_config.rs,string,"""backtest override RV keep selector `{}` matched {matches} sources in surface `{}`""","""backtest override RV keep selector `{}` matched {matches} sources in surface `{}`"",",backtest_config_override_validation_diagnostic,"Run-only config override validation diagnostic; selector, count, and surface values come from the loaded production TOML plus explicit backtest override input."
2281,no,NO_POLICY_TERM,src/bolt_v3_config.rs,string,"""backtest override keep_realized_volatility_sources selector `{label}` is duplicated""","""backtest override keep_realized_volatility_sources selector `{label}` is duplicated""",backtest_config_override_validation_diagnostic,Run-only config override validation diagnostic for duplicate explicit RV keep selectors; it does not configure trading behavior.
2282,no,POLICY_TERM_CONFIG_OR_STRUCTURAL,src/bolt_v3_config.rs,string,"""backtest override surface `{}` min_ready_sources {} exceeds enabled quorum sources {} after filtering""","""backtest override surface `{}` min_ready_sources {} exceeds enabled quorum sources {} after filtering"",",backtest_config_override_validation_diagnostic,Run-only config override validation diagnostic comparing TOML-owned RV quorum policy with the explicit backtest keep-set.
2283,yes,NO_POLICY_TERM,src/bolt_v3_config.rs,string,"""label""","(""label"", override_spec.label.as_str()),",backtest_config_override_validation_field,Field-name label used only to validate the explicit run-only backtest override shape.
2284,no,NO_POLICY_TERM,src/bolt_v3_config.rs,string,"""realized_volatility_surface_id""","""realized_volatility_surface_id"",",backtest_config_override_validation_field,Field-name label used only to validate the explicit run-only backtest override shape.
2285,no,NO_POLICY_TERM,src/bolt_v3_config.rs,string,"""signal_role""","(""signal_role"", override_spec.signal_role.as_str()),",backtest_config_override_validation_field,Field-name label used only to validate the explicit run-only backtest override shape.
2286,no,POLICY_TERM_CONFIG_OR_STRUCTURAL,src/bolt_v3_config.rs,string,"""strategy_instance_id""","""strategy_instance_id"",",backtest_config_override_validation_field,Field-name label used only to validate the explicit run-only backtest override shape.
2287,yes,NO_POLICY_TERM,src/bolt_v3_market_families/static_binary_event.rs,string,"""static_yes_outcome""","validate_non_empty(context, ""static_yes_outcome"", yes, &mut errors);",maker_target_field_label,"Validation field-label for the static-event yes-outcome maker declaration field; structural identifier in a load-time error, not a runtime value."
2288,no,NO_POLICY_TERM,src/bolt_v3_market_families/static_binary_event.rs,string,"""static_no_outcome""","validate_non_empty(context, ""static_no_outcome"", no, &mut errors);",maker_target_field_label,"Validation field-label for the static-event no-outcome maker declaration field; structural identifier in a load-time error, not a runtime value."
2289,no,NO_POLICY_TERM,src/bolt_v3_market_families/static_binary_event.rs,string,"""static_condition_id""","validate_non_empty(context, ""static_condition_id"", condition_id, &mut errors);",maker_target_field_label,"Validation field-label for the static-event condition-id maker declaration field; structural identifier in a load-time error, not a runtime value."
2290,yes,NO_POLICY_TERM,src/bolt_v3_market_families/updown.rs,string,"""target.underlying_asset""","""target.underlying_asset"",",target_field_label,"Validation field-label for the envelope target underlying-asset field; preexisting structural identifier relocated into the shared validate_underlying_asset helper, not a runtime value."
2291,yes,POLICY_TERM_CONFIG_OR_STRUCTURAL,src/strategies/binary_oracle_maker/archetype.rs,string,"""{context}: parameters.markets entry `{}`""","""{context}: parameters.markets entry `{}`"",",maker_validation_context_prefix,"Diagnostic context-prefix naming which declared market a validation error belongs to; assembled into fail-closed error messages, not a runtime trading value."
2292,yes,POLICY_TERM_CONFIG_OR_STRUCTURAL,src/strategies/binary_oracle_maker/config.rs,string,"""markets_config_digest""","pub(crate) const MARKETS_CONFIG_DIGEST_FIELD: &str = ""markets_config_digest"";",maker_config_field_name,"Flat-config field NAME constant for the declared-market-set digest (mirrors the other *_FIELD field-name constants); a config key identifier, not a runtime value."
2293,yes,POLICY_TERM_CONFIG_OR_STRUCTURAL,src/strategies/binary_oracle_maker/config.rs,string,"""missing_markets_config_digest""","const MISSING_MARKETS_CONFIG_DIGEST_CODE: &str = ""missing_markets_config_digest"";",maker_config_validation_code,"Validation error-CODE constant for a missing markets_config_digest field (mirrors the other MISSING_*_CODE constants); a stable diagnostic code, not a runtime value."
2294,no,NO_POLICY_TERM,src/bolt_v3_market_families/updown.rs,string,"""underlying_asset""","super::validate_underlying_asset(context, ""underlying_asset"", target.underlying_asset);",maker_target_field_label,"Validation field-label for the maker per-market underlying-asset declaration field, passed to the shared registry-parent validator; structural identifier in a load-time error, not a runtime value."
2295,no,NO_POLICY_TERM,src/bolt_v3_market_families/static_binary_event.rs,string,"""underlying_asset""","super::validate_underlying_asset(context, ""underlying_asset"", target.underlying_asset);",maker_target_field_label,"Validation field-label for the maker per-market underlying-asset declaration field, passed to the shared registry-parent validator; structural identifier in a load-time error, not a runtime value."
2296,yes,POLICY_TERM_CONFIG_OR_STRUCTURAL,src/bolt_v3_market_families/mod.rs,number,32,const UNDERLYING_ASSET_MAX_CHARS: usize = 32;,underlying_asset_length_bound,"Maximum character length of an underlying-asset symbol; a structural validation bound (named constant), not a runtime trading value."
2297,yes,POLICY_TERM_CONFIG_OR_STRUCTURAL,src/strategies/binary_oracle_maker/runtime.rs,number,0,"const ZERO: Self = Self { yes: 0, no: 0 };",maker_runtime_generation_counter_seed,"Initial value of a never-minted per-(market_key, leg) generation high-water (the LegGenerations::ZERO constant seeded into a brand-new market's counters); the first minted identity increments it to generation 1. A structural monotonic-sequence seed, not an operator runtime value. Both the YES and NO seed fields on this line share this literal and context, so one allowlist entry covers both."
2298,yes,POLICY_TERM_CONFIG_OR_STRUCTURAL,src/strategies/binary_oracle_maker/runtime.rs,number,1,self.yes_generation += 1;,maker_runtime_generation_counter_step,"Monotonic step of the per-market YES-leg order-generation counter so each minted client order id is unique per live order. A structural increment, not an operator runtime value."
2299,no,POLICY_TERM_CONFIG_OR_STRUCTURAL,src/strategies/binary_oracle_maker/runtime.rs,number,1,self.no_generation += 1;,maker_runtime_generation_counter_step,"Monotonic step of the per-market NO-leg order-generation counter so each minted client order id is unique per live order. A structural increment, not an operator runtime value."
2300,yes,POLICY_TERM_CONFIG_OR_STRUCTURAL,src/strategies/binary_oracle_maker/runtime.rs,string,"""yes""","Leg::Yes => ""yes"",",maker_runtime_order_identity_leg_token,"Stable per-leg discriminator embedded in the client order id so the YES and NO orders of one generation never collide; identity-handle structure derived from the Leg enum, not an operator runtime value."
2301,no,POLICY_TERM_CONFIG_OR_STRUCTURAL,src/strategies/binary_oracle_maker/runtime.rs,string,"""no""","Leg::No => ""no"",",maker_runtime_order_identity_leg_token,"Stable per-leg discriminator embedded in the client order id so the YES and NO orders of one generation never collide; identity-handle structure derived from the Leg enum, not an operator runtime value."
2302,yes,POLICY_TERM_CONFIG_OR_STRUCTURAL,src/strategies/binary_oracle_maker/runtime.rs,string,"""{order_id_tag}-{market_key}-{window_start_milliseconds}-{}-{generation}""","""{order_id_tag}-{market_key}-{window_start_milliseconds}-{}-{generation}"",",maker_runtime_order_identity_template,"Client-order-id construction template the order compiler maps verbatim onto the NautilusTrader ClientOrderId; the interpolated parts are runtime values (order-id tag, market key, cadence-window start timestamp in milliseconds, leg token, generation) and the literal is identity-handle structure, not an operator runtime value. Uniqueness across every transition of the same declared market — a window roll, an instrument-only re-issue at an unchanged window, a venue market_id reuse, or a drop and same-window refill — rests on the monotonic per-(market_key, leg) generation high-water (MakerRuntime::generations), which is never reset to 0 once a leg has minted; the embedded window start keeps the id human-readable and the source tuple recoverable but is not relied on to discriminate a re-mint."
2303,no,POLICY_TERM_CONFIG_OR_STRUCTURAL,src/strategies/binary_oracle_maker/config.rs,string,"""markets""","const MARKETS_FIELD: &str = ""markets"";",strategy_config_field_name,"Stable maker flat-config field label for the declared `[[parameters.markets]]` set, used by the validation whitelist; the declared markets remain TOML-owned in the operator [parameters] block."
2304,no,POLICY_TERM_CONFIG_OR_STRUCTURAL,src/strategies/binary_oracle_maker/config.rs,string,"""quote_interval_ms""","const QUOTE_INTERVAL_MS_FIELD: &str = ""quote_interval_ms"";",strategy_config_field_name,"Stable maker flat-config field label for the quote-loop interval, used by the validation whitelist; the runtime value remains TOML-owned in [parameters.runtime]."
2305,no,POLICY_TERM_CONFIG_OR_STRUCTURAL,src/strategies/binary_oracle_maker/archetype.rs,string,"""quote_interval_ms""","insert_u64_field(table, ""quote_interval_ms"", runtime.quote_interval_ms)?;",strategy_runtime_schema_field,Maker flat-config schema field name under which the operator [parameters.runtime].quote_interval_ms is threaded into the flat NT config; the runtime value comes from bolt-v3 TOML.
2306,no,POLICY_TERM_CONFIG_OR_STRUCTURAL,src/strategies/binary_oracle_maker/archetype.rs,string,"""markets""","table.insert(""markets"".to_string(), Value::Array(rows));",strategy_runtime_schema_field,Maker flat-config schema key under which the declared market set is threaded as an array-of-tables into the flat NT config; the declared markets come from the operator [[parameters.markets]] block.
2307,no,POLICY_TERM_CONFIG_OR_STRUCTURAL,src/strategies/binary_oracle_maker/archetype.rs,string,"""market_key""","""market_key"".to_string(),",strategy_runtime_schema_field,Maker per-market flat-config schema field label threaded into each markets array row; the operator-declared market_key value comes from bolt-v3 TOML.
2308,no,POLICY_TERM_CONFIG_OR_STRUCTURAL,src/strategies/binary_oracle_maker/archetype.rs,string,"""family_key""","""family_key"".to_string(),",strategy_runtime_schema_field,Maker per-market flat-config schema field label threaded into each markets array row; the operator-declared family_key value comes from bolt-v3 TOML.
2309,no,POLICY_TERM_CONFIG_OR_STRUCTURAL,src/strategies/binary_oracle_maker/archetype.rs,string,"""underlying_asset""","""underlying_asset"".to_string(),",strategy_runtime_schema_field,Maker per-market flat-config schema field label threaded into each markets array row; the operator-declared underlying_asset value comes from bolt-v3 TOML.
2310,no,POLICY_TERM_CONFIG_OR_STRUCTURAL,src/strategies/binary_oracle_maker/archetype.rs,string,"""cadence_seconds""","insert_u64_field(&mut row, ""cadence_seconds"", market.cadence_seconds)?;",strategy_runtime_schema_field,Maker per-market flat-config schema field label threaded into each markets array row; the operator-declared cadence_seconds value comes from bolt-v3 TOML.
2311,no,POLICY_TERM_CONFIG_OR_STRUCTURAL,src/strategies/binary_oracle_maker/archetype.rs,string,"""cadence_slug_token""","""cadence_slug_token"".to_string(),",strategy_runtime_schema_field,Maker per-market flat-config schema field label threaded into each markets array row; the operator-declared cadence_slug_token value comes from bolt-v3 TOML.
2312,no,POLICY_TERM_CONFIG_OR_STRUCTURAL,src/strategies/binary_oracle_maker/archetype.rs,string,"""static_condition_id""","""static_condition_id"".to_string(),",strategy_runtime_schema_field,Maker per-market flat-config schema field label threaded (when present) into each markets array row; the operator-declared static_condition_id value comes from bolt-v3 TOML.
2313,no,POLICY_TERM_CONFIG_OR_STRUCTURAL,src/strategies/binary_oracle_maker/archetype.rs,string,"""static_yes_outcome""","""static_yes_outcome"".to_string(),",strategy_runtime_schema_field,Maker per-market flat-config schema field label threaded (when present) into each markets array row; the operator-declared static_yes_outcome value comes from bolt-v3 TOML.
2314,no,POLICY_TERM_CONFIG_OR_STRUCTURAL,src/strategies/binary_oracle_maker/archetype.rs,string,"""static_no_outcome""","""static_no_outcome"".to_string(),",strategy_runtime_schema_field,Maker per-market flat-config schema field label threaded (when present) into each markets array row; the operator-declared static_no_outcome value comes from bolt-v3 TOML.
2315,yes,POLICY_TERM_CONFIG_OR_STRUCTURAL,src/bolt_v3_validate.rs,string,"""open""","""open"" => Some(BoltV3KillSwitchOutstandingOrderRiskSurface::Open),",kill_switch_cancel_surface_config_token,Accepted TOML vocabulary for a mandatory outstanding-order-risk surface; the configured mandatory surface set remains TOML-owned.
2316,no,POLICY_TERM_CONFIG_OR_STRUCTURAL,src/bolt_v3_validate.rs,string,"""inflight""","""inflight"" => Some(BoltV3KillSwitchOutstandingOrderRiskSurface::Inflight),",kill_switch_cancel_surface_config_token,Accepted TOML vocabulary for a mandatory outstanding-order-risk surface; the configured mandatory surface set remains TOML-owned.
2317,no,POLICY_TERM_CONFIG_OR_STRUCTURAL,src/bolt_v3_validate.rs,string,"""pending-cancel""","""pending-cancel"" => Some(BoltV3KillSwitchOutstandingOrderRiskSurface::PendingCancel),",kill_switch_cancel_surface_config_token,Accepted TOML vocabulary for a mandatory outstanding-order-risk surface; the configured mandatory surface set remains TOML-owned.
2318,no,POLICY_TERM_CONFIG_OR_STRUCTURAL,src/bolt_v3_validate.rs,string,"""emulated""","""emulated"" => Some(BoltV3KillSwitchOutstandingOrderRiskSurface::Emulated),",kill_switch_cancel_surface_config_token,Accepted TOML vocabulary for a mandatory outstanding-order-risk surface; the configured mandatory surface set remains TOML-owned.
2319,no,POLICY_TERM_CONFIG_OR_STRUCTURAL,src/bolt_v3_validate.rs,string,"""algorithm-managed""","""algorithm-managed"" => Some(BoltV3KillSwitchOutstandingOrderRiskSurface::AlgorithmManaged),",kill_switch_cancel_surface_config_token,Accepted TOML vocabulary for a mandatory outstanding-order-risk surface; the configured mandatory surface set remains TOML-owned.
2320,no,POLICY_TERM_CONFIG_OR_STRUCTURAL,src/bolt_v3_validate.rs,string,"""contingent""","""contingent"" => Some(BoltV3KillSwitchOutstandingOrderRiskSurface::Contingent),",kill_switch_cancel_surface_config_token,Accepted TOML vocabulary for a mandatory outstanding-order-risk surface; the configured mandatory surface set remains TOML-owned.
2321,no,POLICY_TERM_CONFIG_OR_STRUCTURAL,src/bolt_v3_validate.rs,string,"""accepted-but-not-terminal""","""accepted-but-not-terminal"" => {",kill_switch_cancel_surface_config_token,Accepted TOML vocabulary for a mandatory outstanding-order-risk surface; the configured mandatory surface set remains TOML-owned.
2322,yes,NO_POLICY_TERM,src/bolt_v3_kill_switch_flatten.rs,number,1,for right in candidates.iter().skip(index + 1) {,kill_switch_flatten_pairwise_scan_offset,Loop offset used to compare each NT position-proof candidate pair exactly once when detecting conflicting cache/report evidence; not an operator runtime value.
2323,yes,POLICY_TERM_CONFIG_OR_STRUCTURAL,src/bolt_v3_validate.rs,string,"""order_template""","""order_template"",",kill_switch_flatten_order_template_diagnostic_field,Field label passed to the shared NT order-template validator for TOML validation diagnostics; not a runtime trading value.
2324,yes,NO_POLICY_TERM,src/bolt_v3_deploy_target.rs,string,"""deploy.toml""","const DEPLOY_TARGET_FILE_NAME: &str = ""deploy.toml"";",deploy_target_config_file_name,"Fixed name of the tracked deploy-target binding file loaded from the ops config root; a stable config-file name, not an operator runtime value."
2325,yes,NO_POLICY_TERM,src/bolt_v3_operator_artifacts.rs,string,"""launch-identity.json""","const LAUNCH_IDENTITY_FILE_NAME: &str = ""launch-identity.json"";",launch_identity_artifact_file_name,"Fixed name of the durable launch-identity artifact written at node start under the catalog directory and read by ops status; a stable artifact-file name, not an operator runtime value."
2326,yes,POLICY_TERM_CONFIG_OR_STRUCTURAL,src/bolt_v3_operator_artifacts.rs,number,64,const LAUNCH_IDENTITY_MAX_BYTES: u64 = 64 * 1024;,launch_identity_artifact_byte_cap,"Upper-bound byte cap (64 KiB) on the bounded read of the launch-identity artifact to guard against a corrupt or oversized file; a defensive read limit, not an operator runtime value."
2327,no,POLICY_TERM_CONFIG_OR_STRUCTURAL,src/bolt_v3_operator_artifacts.rs,number,1024,const LAUNCH_IDENTITY_MAX_BYTES: u64 = 64 * 1024;,launch_identity_artifact_byte_cap,"KiB multiplier composing the 64 KiB byte cap on the bounded read of the launch-identity artifact; a defensive read limit, not an operator runtime value."
2328,yes,NO_POLICY_TERM,src/main.rs,number,0,.unwrap_or(0);,launch_identity_epoch_seconds_fallback,"Saturating fallback launch timestamp when the system clock is before the Unix epoch while recording the best-effort launch-identity artifact; a defensive clock fallback, not an operator runtime value."
2329,yes,NO_POLICY_TERM,src/main.rs,string,"""ops_launch_identity""","""ops_launch_identity"": ""written"",",launch_identity_cli_summary_field,"Names the CLI JSON summary status field emitted when the best-effort launch-identity artifact is written; evidence output metadata, not an operator runtime value."
2330,no,NO_POLICY_TERM,src/main.rs,string,"""written""","""ops_launch_identity"": ""written"",",launch_identity_cli_summary_field,"Stable CLI JSON summary status value reported when the best-effort launch-identity artifact is written; evidence output metadata, not an operator runtime value."
2331,no,NO_POLICY_TERM,src/main.rs,string,"""path""","""path"": written.path.display().to_string(),",launch_identity_cli_summary_field,"Names the CLI JSON summary path field for the written launch-identity artifact; evidence output metadata, not an operator runtime value."
2332,no,NO_POLICY_TERM,src/main.rs,string,"""sha256""","""sha256"": written.sha256,",launch_identity_cli_summary_field,"Names the CLI JSON summary SHA-256 field for the written launch-identity artifact; evidence output metadata, not an operator runtime value."
2333,no,NO_POLICY_TERM,src/main.rs,string,"""ops_launch_identity""","""ops_launch_identity"": ""write-failed"",",launch_identity_cli_summary_field,"Names the CLI JSON summary status field emitted to stderr when the best-effort launch-identity write fails; evidence output metadata, not an operator runtime value."
2334,yes,NO_POLICY_TERM,src/bolt_v3_deploy_target.rs,string,"""/latest/meta-data/instance-id""","const IMDS_INSTANCE_ID_PATH: &str = ""/latest/meta-data/instance-id"";",imdsv2_metadata_path,"Fixed EC2 IMDSv2 metadata leaf path read to observe the host instance-id; an AWS protocol constant, not an operator runtime value."
2335,no,NO_POLICY_TERM,src/bolt_v3_deploy_target.rs,string,"""/latest/meta-data/placement/availability-zone""","const IMDS_AVAILABILITY_ZONE_PATH: &str = ""/latest/meta-data/placement/availability-zone"";",imdsv2_metadata_path,"Fixed EC2 IMDSv2 metadata leaf path read to observe the host availability zone; an AWS protocol constant, not an operator runtime value."
2336,no,NO_POLICY_TERM,src/bolt_v3_deploy_target.rs,string,"""/latest/meta-data/placement/region""","const IMDS_REGION_PATH: &str = ""/latest/meta-data/placement/region"";",imdsv2_metadata_path,"Fixed EC2 IMDSv2 metadata leaf path read to observe the host region; an AWS protocol constant, not an operator runtime value."
2337,yes,POLICY_TERM_CONFIG_OR_STRUCTURAL,src/bolt_v3_deploy_target.rs,number,2,const IMDS_FETCH_TIMEOUT: Duration = Duration::from_secs(2);,imdsv2_fetch_safety_timeout,"Deliberate fixed fail-fast preflight bound on the link-local IMDSv2 handshake (the service is reachable with no network hops), so TargetVerify fails closed quickly when host facts are unreachable. Not asserted to be operator-irrelevant; promoting it to a configured value is deferred to a follow-up if operations ever observe transient-slowness false-fails."
2338,yes,NO_POLICY_TERM,src/main.rs,string,"""ops_launch_target_verify""","""ops_launch_target_verify"": ""no-target-configured"",",ops_launch_target_verify_log_field,"Names the JSON log field reporting the TargetVerify stage outcome; a diagnostic log key, not an operator runtime value."
2339,yes,NO_POLICY_TERM,src/main.rs,string,"""no-target-configured""","""ops_launch_target_verify"": ""no-target-configured"",",ops_launch_target_verify_log_outcome,"Stable JSON log value reporting that no deploy target was configured and TargetVerify degraded; a diagnostic log token, not an operator runtime value."
2340,no,NO_POLICY_TERM,src/main.rs,string,"""ops_launch_target_verify""","""ops_launch_target_verify"": ""matched"",",ops_launch_target_verify_log_field,"Names the JSON log field reporting the TargetVerify stage outcome; a diagnostic log key, not an operator runtime value."
2341,no,NO_POLICY_TERM,src/main.rs,string,"""matched""","""ops_launch_target_verify"": ""matched"",",ops_launch_target_verify_log_outcome,"Stable JSON log value reporting that the configured deploy target matched the running host; a diagnostic log token, not an operator runtime value."
2342,no,NO_POLICY_TERM,src/main.rs,string,"""ops_launch_target_verify""","""ops_launch_target_verify"": ""mismatched"",",ops_launch_target_verify_log_field,"Names the JSON log field reporting the TargetVerify stage outcome; a diagnostic log key, not an operator runtime value."
2343,no,NO_POLICY_TERM,src/main.rs,string,"""mismatched""","""ops_launch_target_verify"": ""mismatched"",",ops_launch_target_verify_log_outcome,"Stable JSON log value reporting that a configured deploy-target field did not match the running host; a diagnostic log token, not an operator runtime value."
2344,no,NO_POLICY_TERM,src/main.rs,string,"""field_mismatches""","""field_mismatches"": mismatches",ops_launch_target_verify_log_field,"Names the JSON log array of per-field mismatches in a TargetVerify mismatch outcome; a diagnostic log key, not an operator runtime value."
2345,no,NO_POLICY_TERM,src/main.rs,string,"""field""","""field"": mismatch.field,",ops_launch_target_verify_log_field,"Names the JSON log field carrying a mismatched deploy-target field name; a diagnostic log key, not an operator runtime value."
2346,no,NO_POLICY_TERM,src/main.rs,string,"""configured""","""configured"": mismatch.configured,",ops_launch_target_verify_log_field,"Names the JSON log field carrying the configured value of a mismatched deploy-target field; a diagnostic log key, not an operator runtime value."
2347,no,NO_POLICY_TERM,src/main.rs,string,"""observed""","""observed"": mismatch.observed,",ops_launch_target_verify_log_field,"Names the JSON log field carrying the observed value of a mismatched deploy-target field; a diagnostic log key, not an operator runtime value."
2348,yes,NO_POLICY_TERM,src/main.rs,string,"""{}""","println!(""{}"", serde_json::to_string(&log)?);",ops_launch_target_verify_log_format,Stdout format token printing the already-serialized TargetVerify outcome JSON line; not an operator runtime value.
2349,no,NO_POLICY_TERM,src/bolt_v3_decision_evidence.rs,string,"""bolt_v3.entry_skip""","pub const BOLT_V3_ENTRY_SKIP_GATE_ID: &str = ""bolt_v3.entry_skip"";",decision_evidence_gate_id,"Stable gate identifier stamped on durable entry-skip evidence records; part of the JSONL audit schema, not operator runtime configuration."
2350,no,NO_POLICY_TERM,src/bolt_v3_decision_evidence.rs,string,"""bolt_v3.exit_decision""","pub const BOLT_V3_EXIT_DECISION_GATE_ID: &str = ""bolt_v3.exit_decision"";",decision_evidence_gate_id,"Stable gate identifier stamped on durable exit-decision evidence records; part of the JSONL audit schema, not operator runtime configuration."
2351,no,NO_POLICY_TERM,src/bolt_v3_decision_evidence.rs,string,"""bolt_v3.loss_governor_halt""","pub const BOLT_V3_LOSS_GOVERNOR_HALT_GATE_ID: &str = ""bolt_v3.loss_governor_halt"";",decision_evidence_gate_id,"Stable gate identifier stamped on durable loss-governor halt evidence records; part of the JSONL audit schema, not operator runtime configuration."
2352,no,POLICY_TERM_CONFIG_OR_STRUCTURAL,src/bolt_v3_decision_evidence.rs,string,"""bolt_v3.requote_throttle""","pub const BOLT_V3_REQUOTE_THROTTLE_GATE_ID: &str = ""bolt_v3.requote_throttle"";",decision_evidence_gate_id,"Stable gate identifier stamped on durable maker requote-throttle evidence records; part of the JSONL audit schema, not operator runtime configuration."
2353,no,POLICY_TERM_CONFIG_OR_STRUCTURAL,src/bolt_v3_decision_evidence.rs,string,"""entry_skip""","pub const BOLT_V3_ENTRY_SKIP_RECORD_KIND: &str = ""entry_skip"";",decision_evidence_record_kind,"JSONL envelope discriminator for entry-skip evidence records; it is a stable audit schema tag, not an operator runtime value."
2354,no,POLICY_TERM_CONFIG_OR_STRUCTURAL,src/bolt_v3_decision_evidence.rs,string,"""exit_decision""","pub const BOLT_V3_EXIT_DECISION_RECORD_KIND: &str = ""exit_decision"";",decision_evidence_record_kind,"JSONL envelope discriminator for exit-decision evidence records; it is a stable audit schema tag, not an operator runtime value."
2355,no,POLICY_TERM_CONFIG_OR_STRUCTURAL,src/bolt_v3_decision_evidence.rs,string,"""loss_governor_halt""","pub const BOLT_V3_LOSS_GOVERNOR_HALT_RECORD_KIND: &str = ""loss_governor_halt"";",decision_evidence_record_kind,"JSONL envelope discriminator for loss-governor halt evidence records; it is a stable audit schema tag, not an operator runtime value."
2356,no,POLICY_TERM_CONFIG_OR_STRUCTURAL,src/bolt_v3_decision_evidence.rs,string,"""requote_throttle""","pub const BOLT_V3_REQUOTE_THROTTLE_RECORD_KIND: &str = ""requote_throttle"";",decision_evidence_record_kind,"JSONL envelope discriminator for maker requote-throttle evidence records; it is a stable audit schema tag, not an operator runtime value."
2357,yes,NO_POLICY_TERM,src/bolt_v3_decision_evidence.rs,string,"""loss_governor""","pub const BOLT_V3_LOSS_GOVERNOR_HALT_SUBSYSTEM: &str = ""loss_governor"";",decision_evidence_subsystem_label,"Stable subsystem label embedded in durable loss-governor halt evidence so operators can distinguish the firing subsystem; it is evidence schema text, not runtime configuration."
2358,no,POLICY_TERM_CONFIG_OR_STRUCTURAL,src/strategies/binary_oracle_edge_taker/mod.rs,string,"""historical_entry_fee_unavailable""","""historical_entry_fee_unavailable"";",strategy_entry_block_reason_code,Stable entry-skip evidence reason code for missing historical fee evidence at the final pre-submit guard; it classifies a decision outcome and does not configure trading behavior.
2359,no,POLICY_TERM_CONFIG_OR_STRUCTURAL,src/strategies/binary_oracle_edge_taker/mod.rs,string,"""one_position_invariant_violation""","""one_position_invariant_violation"";",strategy_entry_block_reason_code,Stable entry-skip evidence reason code for one-position invariant races at the final pre-submit guard; it classifies a decision outcome and does not configure trading behavior.
2360,yes,POLICY_TERM_CONFIG_OR_STRUCTURAL,src/strategies/binary_oracle_maker/mod.rs,string,"""yes""","const REQUOTE_THROTTLE_LEG_YES: &str = ""yes"";",requote_throttle_evidence_leg_label,Canonical maker evidence label for the yes/up quote leg; it records which leg was throttled and does not configure quoting behavior.
2361,no,POLICY_TERM_CONFIG_OR_STRUCTURAL,src/strategies/binary_oracle_maker/mod.rs,string,"""no""","const REQUOTE_THROTTLE_LEG_NO: &str = ""no"";",requote_throttle_evidence_leg_label,Canonical maker evidence label for the no/down quote leg; it records which leg was throttled and does not configure quoting behavior.
2362,yes,POLICY_TERM_CONFIG_OR_STRUCTURAL,src/strategies/binary_oracle_maker/mod.rs,number,1,const REQUOTE_THROTTLE_FRESH_SUBMIT_SUBMIT_COST: u64 = 1;,requote_throttle_structural_unit_cost,"A fresh quote submit consumes exactly one submit-command token; this is a structural accounting unit mirrored from RequoteBudget semantics, not an operator-tunable value."
2363,no,POLICY_TERM_CONFIG_OR_STRUCTURAL,src/strategies/binary_oracle_maker/mod.rs,number,1,const REQUOTE_THROTTLE_FRESH_SUBMIT_REST_COST: u64 = 1;,requote_throttle_structural_unit_cost,"A fresh quote submit consumes exactly one venue REST token; this is a structural accounting unit mirrored from RequoteBudget semantics, not an operator-tunable value."
2364,no,POLICY_TERM_CONFIG_OR_STRUCTURAL,src/strategies/binary_oracle_maker/mod.rs,number,1,const REQUOTE_THROTTLE_CANCEL_RESUBMIT_SUBMIT_COST: u64 = 1;,requote_throttle_structural_unit_cost,"A cancel/resubmit requote includes one replacement submit command; this is protocol accounting structure, not an operator-tunable value."
2365,no,POLICY_TERM_CONFIG_OR_STRUCTURAL,src/strategies/binary_oracle_maker/mod.rs,number,2,const REQUOTE_THROTTLE_CANCEL_RESUBMIT_REST_COST: u64 = 2;,requote_throttle_structural_unit_cost,"A cancel/resubmit requote includes one cancel REST call and one submit REST call; this is protocol accounting structure, not an operator-tunable value."
2366,no,POLICY_TERM_CONFIG_OR_STRUCTURAL,src/strategies/binary_oracle_maker/mod.rs,number,0,const REQUOTE_THROTTLE_CANCEL_SUBMIT_COST: u64 = 0;,requote_throttle_structural_unit_cost,"A standalone cancel consumes zero submit-command tokens because it does not submit a new order; this is structural accounting, not an operator-tunable value."
2367,no,POLICY_TERM_CONFIG_OR_STRUCTURAL,src/strategies/binary_oracle_maker/mod.rs,number,1,const REQUOTE_THROTTLE_CANCEL_REST_COST: u64 = 1;,requote_throttle_structural_unit_cost,"A standalone cancel consumes exactly one venue REST token; this is structural accounting, not an operator-tunable value."
2368,yes,POLICY_TERM_CONFIG_OR_STRUCTURAL,src/bolt_v3_loss_runtime_feed.rs,number,0,"account_state_count: 0,",loss_runtime_feed_freshness_counter_identity,Raw-event freshness counter starts at zero for a fresh loss-governor runtime feed state; it records how many raw venue events were observed (RCA #885 evidence) and is not an operator runtime value.
2369,no,POLICY_TERM_CONFIG_OR_STRUCTURAL,src/bolt_v3_loss_runtime_feed.rs,number,0,"portfolio_snapshot_count: 0,",loss_runtime_feed_freshness_counter_identity,Raw-event freshness counter starts at zero for a fresh loss-governor runtime feed state; it records how many raw venue events were observed (RCA #885 evidence) and is not an operator runtime value.
2370,no,POLICY_TERM_CONFIG_OR_STRUCTURAL,src/bolt_v3_loss_runtime_feed.rs,number,0,"position_event_count: 0,",loss_runtime_feed_freshness_counter_identity,Raw-event freshness counter starts at zero for a fresh loss-governor runtime feed state; it records how many raw venue events were observed (RCA #885 evidence) and is not an operator runtime value.
2371,no,POLICY_TERM_CONFIG_OR_STRUCTURAL,src/bolt_v3_loss_runtime_feed.rs,number,1,self.account_state_count = self.account_state_count.saturating_add(1);,loss_runtime_feed_freshness_counter_identity,"Increments the raw-event freshness counter by one per observed venue event; the step is a structural identity, not a config-owned runtime value."
2372,no,POLICY_TERM_CONFIG_OR_STRUCTURAL,src/bolt_v3_loss_runtime_feed.rs,number,1,self.portfolio_snapshot_count = self.portfolio_snapshot_count.saturating_add(1);,loss_runtime_feed_freshness_counter_identity,"Increments the raw-event freshness counter by one per observed venue event; the step is a structural identity, not a config-owned runtime value."
2373,no,POLICY_TERM_CONFIG_OR_STRUCTURAL,src/bolt_v3_loss_runtime_feed.rs,number,1,self.position_event_count = self.position_event_count.saturating_add(1);,loss_runtime_feed_freshness_counter_identity,"Increments the raw-event freshness counter by one per observed venue event; the step is a structural identity, not a config-owned runtime value."
2374,yes,POLICY_TERM_CONFIG_OR_STRUCTURAL,src/bolt_v3_submit_admission.rs,string,"""missing_snapshot""","BoltV3StaleLossReason::MissingSnapshot => ""missing_snapshot"",",loss_governor_stale_reason_code,Stable evidence reason code mapping a BoltV3StaleLossReason variant to its snake_case label for the RCA #885 stale-halt key; the freshness bound and policy remain config-owned.
2375,no,POLICY_TERM_CONFIG_OR_STRUCTURAL,src/bolt_v3_submit_admission.rs,string,"""source_empty""","BoltV3StaleLossReason::SourceEmpty => ""source_empty"",",loss_governor_stale_reason_code,Stable evidence reason code mapping a BoltV3StaleLossReason variant to its snake_case label for the RCA #885 stale-halt key; the freshness bound and policy remain config-owned.
2376,no,POLICY_TERM_CONFIG_OR_STRUCTURAL,src/bolt_v3_submit_admission.rs,string,"""future_dated""","BoltV3StaleLossReason::FutureDated => ""future_dated"",",loss_governor_stale_reason_code,Stable evidence reason code mapping a BoltV3StaleLossReason variant to its snake_case label for the RCA #885 stale-halt key; the freshness bound and policy remain config-owned.
2377,no,POLICY_TERM_CONFIG_OR_STRUCTURAL,src/bolt_v3_submit_admission.rs,string,"""age_exceeded""","BoltV3StaleLossReason::AgeExceeded => ""age_exceeded"",",loss_governor_stale_reason_code,Stable evidence reason code mapping a BoltV3StaleLossReason variant to its snake_case label for the RCA #885 stale-halt key; the freshness bound and policy remain config-owned.
2378,no,POLICY_TERM_CONFIG_OR_STRUCTURAL,src/bolt_v3_submit_admission.rs,string,"""missing_required_field""","BoltV3StaleLossReason::MissingRequiredField => ""missing_required_field"",",loss_governor_stale_reason_code,Stable evidence reason code mapping a BoltV3StaleLossReason variant to its snake_case label for the RCA #885 stale-halt key; the freshness bound and policy remain config-owned.
2379,yes,POLICY_TERM_CONFIG_OR_STRUCTURAL,src/bolt_v3_submit_admission.rs,number,0,"account_state_count: 0,",submit_admission_loss_freshness_counter_identity,"The submit-admission loss-freshness telemetry starts empty for a fresh runtime state; counts are populated from observed raw venue events (RCA #885 evidence), not operator runtime values."
2380,no,POLICY_TERM_CONFIG_OR_STRUCTURAL,src/bolt_v3_submit_admission.rs,number,0,"portfolio_snapshot_count: 0,",submit_admission_loss_freshness_counter_identity,"The submit-admission loss-freshness telemetry starts empty for a fresh runtime state; counts are populated from observed raw venue events (RCA #885 evidence), not operator runtime values."
2381,no,POLICY_TERM_CONFIG_OR_STRUCTURAL,src/bolt_v3_submit_admission.rs,number,0,"position_event_count: 0,",submit_admission_loss_freshness_counter_identity,"The submit-admission loss-freshness telemetry starts empty for a fresh runtime state; counts are populated from observed raw venue events (RCA #885 evidence), not operator runtime values."
2382,yes,POLICY_TERM_CONFIG_OR_STRUCTURAL,src/bolt_v3_submit_admission.rs,string,"""none""",".unwrap_or(""none"");",loss_governor_stale_halt_key_absent_source_sentinel,"Sentinel component of the stale loss-governor halt key used when no snapshot source is present; it is an evidence key element (RCA #885), not an operator runtime value."
2383,yes,POLICY_TERM_CONFIG_OR_STRUCTURAL,src/bolt_v3_submit_admission.rs,number,1,episode.count = episode.count.saturating_add(1);,submit_admission_loss_halt_episode_identity,"Increments the stale loss-governor halt episode count by one per repeated halt; structural identity, not a config-owned value."
2384,no,POLICY_TERM_CONFIG_OR_STRUCTURAL,src/bolt_v3_submit_admission.rs,number,1,"count: 1,",submit_admission_loss_halt_episode_identity,"First stale loss-governor halt in an episode is recorded as count one; the episode counter is observability state (RCA #885), not an operator runtime value."
2385,no,POLICY_TERM_CONFIG_OR_STRUCTURAL,src/bolt_v3_submit_admission.rs,number,1,"(1, 0)",submit_admission_loss_halt_episode_identity,"A new stale loss-governor halt episode initializes its count to one (first halt); observability identity, not an operator runtime value."
2386,no,POLICY_TERM_CONFIG_OR_STRUCTURAL,src/bolt_v3_submit_admission.rs,number,0,"(1, 0)",submit_admission_loss_halt_episode_identity,"A new stale loss-governor halt episode initializes elapsed-since-first-halt to zero (no prior halt yet); observability identity, not an operator runtime value."
2387,yes,POLICY_TERM_CONFIG_OR_STRUCTURAL,src/bolt_v3_submit_admission.rs,string,"""admitted""","BoltV3AdmissionOutcome::Admitted => ""admitted"",",submit_admission_order_reject_outcome_key,Stable evidence key label for the admitted submit-admission outcome; used only to keep the hand-written outcome mapping exhaustive for RCA #885 order-reject episodes.
2388,no,POLICY_TERM_CONFIG_OR_STRUCTURAL,src/bolt_v3_submit_admission.rs,string,"""rejected_kill_switch_latched""","BoltV3AdmissionOutcome::RejectedKillSwitchLatched => ""rejected_kill_switch_latched"",",submit_admission_order_reject_outcome_key,Stable evidence key label for a kill-switch-latched submit-admission rejection; it classifies durable RCA #885 evidence and does not configure admission behavior.
2389,no,POLICY_TERM_CONFIG_OR_STRUCTURAL,src/bolt_v3_submit_admission.rs,string,"""rejected_submit_lifecycle_disallowed""","""rejected_submit_lifecycle_disallowed""",submit_admission_order_reject_outcome_key,Stable evidence key label for a lifecycle-policy submit-admission rejection; it classifies durable RCA #885 evidence and does not configure admission behavior.
2390,no,POLICY_TERM_CONFIG_OR_STRUCTURAL,src/bolt_v3_submit_admission.rs,string,"""rejected_loss_governor_halted""","BoltV3AdmissionOutcome::RejectedLossGovernorHalted => ""rejected_loss_governor_halted"",",submit_admission_order_reject_outcome_key,Stable evidence key label for a loss-governor submit-admission rejection; it classifies durable RCA #885 evidence and does not configure admission behavior.
2391,no,POLICY_TERM_CONFIG_OR_STRUCTURAL,src/bolt_v3_submit_admission.rs,string,"""rejected_non_positive_notional""","BoltV3AdmissionOutcome::RejectedNonPositiveNotional => ""rejected_non_positive_notional"",",submit_admission_order_reject_outcome_key,Stable evidence key label for a non-positive-notional submit-admission rejection; it classifies durable RCA #885 evidence and does not configure admission behavior.
2392,no,POLICY_TERM_CONFIG_OR_STRUCTURAL,src/bolt_v3_submit_admission.rs,string,"""rejected_notional_cap_exceeded""","BoltV3AdmissionOutcome::RejectedNotionalCapExceeded => ""rejected_notional_cap_exceeded"",",submit_admission_order_reject_outcome_key,Stable evidence key label for a notional-cap submit-admission rejection; it classifies durable RCA #885 evidence and does not configure admission behavior.
2393,no,POLICY_TERM_CONFIG_OR_STRUCTURAL,src/bolt_v3_submit_admission.rs,string,"""rejected_invalid_risk_reducing_exit_proof""","""rejected_invalid_risk_reducing_exit_proof""",submit_admission_order_reject_outcome_key,Stable evidence key label for an invalid risk-reducing-exit proof rejection; it classifies durable RCA #885 evidence and does not configure admission behavior.
2394,no,POLICY_TERM_CONFIG_OR_STRUCTURAL,src/bolt_v3_submit_admission.rs,string,"""rejected_count_cap_exhausted""","BoltV3AdmissionOutcome::RejectedCountCapExhausted => ""rejected_count_cap_exhausted"",",submit_admission_order_reject_outcome_key,Stable evidence key label for a count-cap submit-admission rejection; it classifies durable RCA #885 evidence and does not configure admission behavior.
2395,no,POLICY_TERM_CONFIG_OR_STRUCTURAL,src/bolt_v3_submit_admission.rs,string,"""rejected_kill_switch_forced_reduction_proof_invalid""","""rejected_kill_switch_forced_reduction_proof_invalid""",submit_admission_order_reject_outcome_key,Stable evidence key label for an invalid forced-reduction proof rejection; it classifies durable RCA #885 evidence and does not configure admission behavior.
2396,no,POLICY_TERM_CONFIG_OR_STRUCTURAL,src/bolt_v3_submit_admission.rs,string,"""rejected_kill_switch_forced_reduction_cap_exceeded""","""rejected_kill_switch_forced_reduction_cap_exceeded""",submit_admission_order_reject_outcome_key,Stable evidence key label for a forced-reduction cap rejection; it classifies durable RCA #885 evidence and does not configure admission behavior.
2397,no,POLICY_TERM_CONFIG_OR_STRUCTURAL,src/bolt_v3_submit_admission.rs,string,"""rejected_capital_admission""","BoltV3AdmissionOutcome::RejectedCapitalAdmission => ""rejected_capital_admission"",",submit_admission_order_reject_outcome_key,Stable evidence key label for a capital-admission submit-admission rejection; it classifies durable RCA #885 evidence and does not configure admission behavior.
2398,yes,POLICY_TERM_CONFIG_OR_STRUCTURAL,src/bolt_v3_submit_admission.rs,string,"""buy""","OrderSide::Buy => ""buy"",",submit_admission_order_reject_side_key,Stable evidence side label for buy-side submit-admission order-reject records; it classifies durable RCA #885 evidence and does not configure admission behavior.
2399,no,POLICY_TERM_CONFIG_OR_STRUCTURAL,src/bolt_v3_submit_admission.rs,string,"""sell""","OrderSide::Sell => ""sell"",",submit_admission_order_reject_side_key,Stable evidence side label for sell-side submit-admission order-reject records; it classifies durable RCA #885 evidence and does not configure admission behavior.
2400,yes,POLICY_TERM_CONFIG_OR_STRUCTURAL,src/bolt_v3_submit_admission.rs,string,"""no_order_side""","OrderSide::NoOrderSide => ""no_order_side"",",submit_admission_order_reject_side_absent_sentinel,Stable evidence sentinel for an unspecified NT order side in submit-admission order-reject records; it preserves observability without changing admission behavior.
2401,yes,POLICY_TERM_CONFIG_OR_STRUCTURAL,src/bolt_v3_submit_admission.rs,string,"""{}/{}/{}""","""{}/{}/{}"",",submit_admission_order_reject_episode_key_template,"Stable episode-key template joining instrument, side, and admission outcome while intentionally excluding client_order_id so RCA #885 client-order-id churn remains correlated."
2402,yes,POLICY_TERM_CONFIG_OR_STRUCTURAL,src/bolt_v3_submit_admission.rs,number,0,"count: 0,",submit_admission_order_reject_episode_counter_identity,"A new submit-admission order-reject episode starts at count zero before the first observed rejection increments it to one; this is observability state, not an operator runtime value."
2403,yes,POLICY_TERM_CONFIG_OR_STRUCTURAL,src/bolt_v3_order_reject_observer_feed.rs,string,"""submit_admission""","const REJECT_SOURCE_SUBMIT_ADMISSION_KEY: &str = ""submit_admission"";",order_reject_observer_source_key,Stable reject-source key for durable RCA #885 episode grouping; it labels evidence records and does not configure order behavior.
2404,no,POLICY_TERM_CONFIG_OR_STRUCTURAL,src/bolt_v3_order_reject_observer_feed.rs,string,"""venue""","const REJECT_SOURCE_VENUE_KEY: &str = ""venue"";",order_reject_observer_source_key,Stable venue reject-source key for durable RCA #885 episode grouping; it labels evidence records and does not configure venue behavior.
2405,no,POLICY_TERM_CONFIG_OR_STRUCTURAL,src/bolt_v3_order_reject_observer_feed.rs,string,"""nt_execution""","const REJECT_SOURCE_NT_EXECUTION_KEY: &str = ""nt_execution"";",order_reject_observer_source_key,Stable NT-execution reject-source key for durable RCA #885 episode grouping; it labels evidence records and does not configure NT behavior.
2406,no,POLICY_TERM_CONFIG_OR_STRUCTURAL,src/bolt_v3_order_reject_observer_feed.rs,string,"""internal""","const REJECT_SOURCE_INTERNAL_KEY: &str = ""internal"";",order_reject_observer_source_key,Stable internal reject-source key for durable RCA #885 episode grouping; it labels evidence records and does not configure order behavior.
2407,yes,POLICY_TERM_CONFIG_OR_STRUCTURAL,src/bolt_v3_order_reject_observer_feed.rs,string,"""admission_rejected""","const REJECT_REASON_ADMISSION_REJECTED_KEY: &str = ""admission_rejected"";",order_reject_observer_reason_key,"Stable reject-reason key mirroring the evidence enum for durable RCA #885 episode grouping; it is a label, not an operator runtime value."
2408,no,POLICY_TERM_CONFIG_OR_STRUCTURAL,src/bolt_v3_order_reject_observer_feed.rs,string,"""precision_rejected""","const REJECT_REASON_PRECISION_REJECTED_KEY: &str = ""precision_rejected"";",order_reject_observer_reason_key,"Stable precision reject-reason key for durable RCA #885 episode grouping; it is a label, not an operator runtime value."
2409,no,POLICY_TERM_CONFIG_OR_STRUCTURAL,src/bolt_v3_order_reject_observer_feed.rs,string,"""min_size_rejected""","const REJECT_REASON_MIN_SIZE_REJECTED_KEY: &str = ""min_size_rejected"";",order_reject_observer_reason_key,"Stable minimum-size reject-reason key for durable RCA #885 episode grouping; it is a label, not an operator runtime value."
2410,no,POLICY_TERM_CONFIG_OR_STRUCTURAL,src/bolt_v3_order_reject_observer_feed.rs,string,"""min_notional_rejected""","const REJECT_REASON_MIN_NOTIONAL_REJECTED_KEY: &str = ""min_notional_rejected"";",order_reject_observer_reason_key,"Stable minimum-notional reject-reason key for durable RCA #885 episode grouping; it is a label, not an operator runtime value."
2411,no,POLICY_TERM_CONFIG_OR_STRUCTURAL,src/bolt_v3_order_reject_observer_feed.rs,string,"""insufficient_balance""","const REJECT_REASON_INSUFFICIENT_BALANCE_KEY: &str = ""insufficient_balance"";",order_reject_observer_reason_key,"Stable insufficient-balance reject-reason key for durable RCA #885 episode grouping; it is a label, not an operator runtime value."
2412,no,POLICY_TERM_CONFIG_OR_STRUCTURAL,src/bolt_v3_order_reject_observer_feed.rs,string,"""duplicate_client_order_id""","const REJECT_REASON_DUPLICATE_CLIENT_ORDER_ID_KEY: &str = ""duplicate_client_order_id"";",order_reject_observer_reason_key,"Stable duplicate-client-order-id reject-reason key for durable RCA #885 episode grouping; it is a label, not an operator runtime value."
2413,no,POLICY_TERM_CONFIG_OR_STRUCTURAL,src/bolt_v3_order_reject_observer_feed.rs,string,"""other""","const REJECT_REASON_OTHER_KEY: &str = ""other"";",order_reject_observer_reason_key,"Stable fallback reject-reason key for durable RCA #885 episode grouping; it is a label, not an operator runtime value."
2414,yes,POLICY_TERM_CONFIG_OR_STRUCTURAL,src/bolt_v3_order_reject_observer_feed.rs,string,"""precision""","const REJECT_REASON_PRECISION_NEEDLE: &str = ""precision"";",order_reject_observer_reason_classifier_needle,Best-effort substring used only to classify raw venue/NT reject text into durable RCA #885 evidence buckets; it does not gate submissions.
2415,no,POLICY_TERM_CONFIG_OR_STRUCTURAL,src/bolt_v3_order_reject_observer_feed.rs,string,"""min""","const REJECT_REASON_MIN_NEEDLE: &str = ""min"";",order_reject_observer_reason_classifier_needle,Best-effort substring used only to classify raw venue/NT reject text into durable RCA #885 evidence buckets; it does not gate submissions.
2416,no,POLICY_TERM_CONFIG_OR_STRUCTURAL,src/bolt_v3_order_reject_observer_feed.rs,string,"""notional""","const REJECT_REASON_NOTIONAL_NEEDLE: &str = ""notional"";",order_reject_observer_reason_classifier_needle,Best-effort substring used only to classify raw venue/NT reject text into durable RCA #885 evidence buckets; it does not gate submissions.
2417,no,POLICY_TERM_CONFIG_OR_STRUCTURAL,src/bolt_v3_order_reject_observer_feed.rs,string,"""size""","const REJECT_REASON_SIZE_NEEDLE: &str = ""size"";",order_reject_observer_reason_classifier_needle,Best-effort substring used only to classify raw venue/NT reject text into durable RCA #885 evidence buckets; it does not gate submissions.
2418,no,POLICY_TERM_CONFIG_OR_STRUCTURAL,src/bolt_v3_order_reject_observer_feed.rs,string,"""too small""","const REJECT_REASON_TOO_SMALL_NEEDLE: &str = ""too small"";",order_reject_observer_reason_classifier_needle,Best-effort substring used only to classify raw venue/NT reject text into durable RCA #885 evidence buckets; it does not gate submissions.
2419,no,POLICY_TERM_CONFIG_OR_STRUCTURAL,src/bolt_v3_order_reject_observer_feed.rs,string,"""insufficient""","const REJECT_REASON_INSUFFICIENT_NEEDLE: &str = ""insufficient"";",order_reject_observer_reason_classifier_needle,Best-effort substring used only to classify raw venue/NT reject text into durable RCA #885 evidence buckets; it does not gate submissions.
2420,no,POLICY_TERM_CONFIG_OR_STRUCTURAL,src/bolt_v3_order_reject_observer_feed.rs,string,"""balance""","const REJECT_REASON_BALANCE_NEEDLE: &str = ""balance"";",order_reject_observer_reason_classifier_needle,Best-effort substring used only to classify raw venue/NT reject text into durable RCA #885 evidence buckets; it does not gate submissions.
2421,no,POLICY_TERM_CONFIG_OR_STRUCTURAL,src/bolt_v3_order_reject_observer_feed.rs,string,"""duplicate""","const REJECT_REASON_DUPLICATE_NEEDLE: &str = ""duplicate"";",order_reject_observer_reason_classifier_needle,Best-effort substring used only to classify raw venue/NT reject text into durable RCA #885 evidence buckets; it does not gate submissions.
2422,yes,POLICY_TERM_CONFIG_OR_STRUCTURAL,src/bolt_v3_order_reject_observer_feed.rs,number,0,const REJECT_OBSERVER_INITIAL_EPISODE_COUNT: u32 = 0;,order_reject_observer_episode_counter_identity,"A new venue/NT order-reject observer episode starts at count zero before the first observed rejection increments it to one; this is observability state, not an operator runtime value."
2423,yes,POLICY_TERM_CONFIG_OR_STRUCTURAL,src/bolt_v3_order_reject_observer_feed.rs,number,1,const REJECT_OBSERVER_EPISODE_INCREMENT: u32 = 1;,order_reject_observer_episode_counter_increment,"Each observed venue/NT order rejection increments the durable RCA #885 episode counter by one; this is sampling state, not an operator runtime value."
2424,yes,POLICY_TERM_CONFIG_OR_STRUCTURAL,src/bolt_v3_order_reject_observer_feed.rs,string,"""{}/{}/{}""","""{}/{}/{}"",",order_reject_observer_episode_key_template,"Stable episode-key template joining instrument, reject source, and reject reason while intentionally excluding client_order_id so RCA #885 client-order-id churn remains correlated."
2425,yes,POLICY_TERM_CONFIG_OR_STRUCTURAL,src/bolt_v3_decision_evidence.rs,number,4096,pub(crate) const BOLT_V3_REJECT_EVIDENCE_MAX_EPISODES: usize = 4096;,reject_evidence_episode_map_bound,Single-source upper bound on retained reject-episode maps (submit-admission reject episodes and the venue/NT order-reject observer feed) so the durable RCA #885 observability maps cannot grow unbounded under high-cardinality instrument ids; oldest-first eviction discards only a sampling counter and never gates submissions.
2426,yes,POLICY_TERM_CONFIG_OR_STRUCTURAL,src/bolt_v3_order_reject_observer_feed.rs,string,"""[redacted-addr]""","const REJECT_REASON_ADDR_PLACEHOLDER: &str = ""[redacted-addr]"";",order_reject_observer_reason_redaction_placeholder,Fixed placeholder substituted for wallet/proxy address runs in the verbatim venue reject text before it is recorded for RCA #885; it scrubs identity from evidence and does not configure order behavior.
2427,no,POLICY_TERM_CONFIG_OR_STRUCTURAL,src/bolt_v3_order_reject_observer_feed.rs,string,"""[redacted-num]""","const REJECT_REASON_NUM_PLACEHOLDER: &str = ""[redacted-num]"";",order_reject_observer_reason_redaction_placeholder,Fixed placeholder substituted for long digit runs in the verbatim venue reject text before it is recorded for RCA #885; it scrubs potential account/order identity from evidence and does not configure order behavior.
2428,yes,POLICY_TERM_CONFIG_OR_STRUCTURAL,src/bolt_v3_order_reject_observer_feed.rs,number,40,const REJECT_REASON_ADDR_HEX_MIN_LEN: usize = 40;,order_reject_observer_reason_redaction_threshold,Minimum bare-hex run length treated as an address during RCA #885 reject-text redaction; it tunes evidence scrubbing only and does not gate submissions.
2429,no,POLICY_TERM_CONFIG_OR_STRUCTURAL,src/bolt_v3_order_reject_observer_feed.rs,number,12,const REJECT_REASON_NUM_MIN_LEN: usize = 12;,order_reject_observer_reason_redaction_threshold,Minimum digit-run length treated as a redactable number during RCA #885 reject-text redaction; it tunes evidence scrubbing only and does not gate submissions.
2430,yes,POLICY_TERM_CONFIG_OR_STRUCTURAL,src/bolt_v3_order_reject_observer_feed.rs,number,256,const REJECT_REASON_MAX_LEN: usize = 256;,order_reject_observer_reason_length_cap,Maximum retained character length of the redacted RCA #885 reject reason so a pathological venue message cannot bloat an evidence record; it bounds observability storage and does not configure order behavior.
2431,yes,POLICY_TERM_CONFIG_OR_STRUCTURAL,src/bolt_v3_order_reject_observer_feed.rs,string,"""...""","const REJECT_REASON_TRUNCATION_MARKER: &str = ""..."";",order_reject_observer_reason_truncation_marker,Marker appended when the redacted RCA #885 reject reason is truncated at the length cap; it labels truncated evidence text and does not configure order behavior.
2432,yes,POLICY_TERM_CONFIG_OR_STRUCTURAL,src/bolt_v3_risk_reservation_substrate/reservation_ledger.rs,number,1,totals.open_order_count = totals.open_order_count.saturating_add(1);,risk_reservation_open_order_counter_increment,"Each held open-order reservation record contributes exactly one open-order reservation slot to the derived projection; the open-order headroom is config/view-owned, while this is the structural unit increment."
2433,yes,POLICY_TERM_CONFIG_OR_STRUCTURAL,src/bolt_v3_risk_reservation_substrate/reservation_ledger.rs,number,0,"open_order_count: 0,",risk_reservation_open_order_counter_identity,A fresh risk-reservation projection starts with zero open-order reservations before live reservation records contribute slots; the configured headroom remains view-owned.
2434,yes,POLICY_TERM_CONFIG_OR_STRUCTURAL,src/bolt_v3_risk_reservation_substrate/state_owner.rs,number,1,event_sequence <= last_sequence || event_sequence > last_sequence.saturating_add(1),risk_reservation_lifecycle_event_sequence_contiguous_step,Authoritative per-order event sequences must advance by exactly one to prove no lifecycle event gap; venue-provided sequence values remain event-owned while this literal is the structural adjacent-sequence delta.
2435,yes,POLICY_TERM_CONFIG_OR_STRUCTURAL,src/bolt_v3_risk_reservation_substrate/admission_service.rs,number,0,"new_exposure_count: 0,",safety_action_reduction_counter_identity,A fresh SafetyAction structural reduction scan starts with zero new exposure identities found; the bounded proof domain is request/view-owned and validated separately.
2436,no,POLICY_TERM_CONFIG_OR_STRUCTURAL,src/bolt_v3_risk_reservation_substrate/admission_service.rs,number,0,"increased_exposure_count: 0,",safety_action_reduction_counter_identity,A fresh SafetyAction structural reduction scan starts with zero enlarged exposure identities found; the bounded proof domain is request/view-owned and validated separately.
2437,yes,POLICY_TERM_CONFIG_OR_STRUCTURAL,src/bolt_v3_risk_reservation_substrate/admission_service.rs,number,0,self.new_exposure_count > 0 || self.increased_exposure_count > 0,safety_action_reduction_counter_nonempty_check,Zero is the structural identity used to test whether the SafetyAction reduction scan found any new or enlarged exposure identities; it is not an operator runtime value.
2438,yes,POLICY_TERM_CONFIG_OR_STRUCTURAL,src/bolt_v3_risk_reservation_substrate/admission_service.rs,number,1,reduction.new_exposure_count += 1;,safety_action_reduction_counter_increment,The structural scan increments by one for each after-exposure identity absent from the authoritative before view; risk limits remain enforced by the view/kernel state.
2439,no,POLICY_TERM_CONFIG_OR_STRUCTURAL,src/bolt_v3_risk_reservation_substrate/admission_service.rs,number,1,reduction.increased_exposure_count += 1;,safety_action_reduction_counter_increment,The structural scan increments by one for each after-exposure identity whose per-exposure loss contribution exceeds the authoritative before view; risk limits remain enforced by the view/kernel state.
2440,yes,POLICY_TERM_CONFIG_OR_STRUCTURAL,src/bolt_v3_risk_reservation_substrate/epoch_manager.rs,number,0,|| envelope.ranges.max_descriptor_count == 0,policy_epoch_envelope_zero_bound_reject,"A safety-policy envelope with zero allowed descriptors cannot cover any prepared descriptor map; descriptor cardinality is envelope-owned, while zero is the structural empty-bound rejection sentinel."
2441,no,POLICY_TERM_CONFIG_OR_STRUCTURAL,src/bolt_v3_risk_reservation_substrate/epoch_manager.rs,number,0,|| envelope.ranges.max_terminal_states_per_descriptor == 0,policy_epoch_envelope_zero_bound_reject,"A safety-policy envelope with zero terminal states per descriptor cannot cover a valid descriptor; the bound is envelope-owned, while zero is the structural empty-bound rejection sentinel."
2442,yes,POLICY_TERM_CONFIG_OR_STRUCTURAL,src/bolt_v3_risk_reservation_substrate/epoch_manager.rs,number,0,|| envelope.ranges.max_quantity_policy_versions == 0,policy_epoch_envelope_zero_bound_reject,"A safety-policy envelope with zero quantity-policy versions cannot approve any prepared quantity-policy bundle; the bound is envelope-owned, while zero is the structural empty-bound rejection sentinel."
